Postcode,Month,Installations
2600,2007-01,0
2600,2007-02,0
2600,2007-03,0
2600,2007-04,0
2600,2007-05,0
2600,2007-06,0
2600,2007-07,0
2600,2007-08,0
2600,2007-09,0
2600,2007-10,1
2600,2007-11,0
2600,2007-12,2
2600,2008-01,0
2600,2008-02,0
2600,2008-03,0
2600,2008-04,0
2600,2008-05,0
2600,2008-06,0
2600,2008-07,1
2600,2008-08,2
2600,2008-09,3
2600,2008-10,1
2600,2008-11,1
2600,2008-12,2
2600,2009-01,1
2600,2009-02,3
2600,2009-03,1
2600,2009-04,1
2600,2009-05,0
2600,2009-06,1
2600,2009-07,2
2600,2009-08,1
2600,2009-09,1
2600,2009-10,0
2600,2009-11,2
2600,2009-12,0
2600,2010-01,1
2600,2010-02,5
2600,2010-03,3
2600,2010-04,4
2600,2010-05,6
2600,2010-06,5
2600,2010-07,3
2600,2010-08,3
2600,2010-09,2
2600,2010-10,3
2600,2010-11,0
2600,2010-12,5
2600,2011-01,5
2600,2011-02,8
2600,2011-03,8
2600,2011-04,10
2600,2011-05,17
2600,2011-06,40
2600,2011-07,5
2600,2011-08,5
2600,2011-09,3
2600,2011-10,4
2600,2011-11,5
2600,2011-12,2
2600,2012-01,0
2600,2012-02,1
2600,2012-03,1
2600,2012-04,0
2600,2012-05,3
2600,2012-06,30
2600,2012-07,1
2600,2012-08,3
2600,2012-09,0
2600,2012-10,1
2600,2012-11,3
2600,2012-12,4
2600,2013-01,0
2600,2013-02,0
2600,2013-03,2
2600,2013-04,0
2600,2013-05,1
2600,2013-06,1
2600,2013-07,7
2600,2013-08,5
2600,2013-09,8
2600,2013-10,3
2600,2013-11,5
2600,2013-12,0
2600,2014-01,0
2600,2014-02,1
2600,2014-03,0
2600,2014-04,1
2600,2014-05,2
2600,2014-06,1
2600,2014-07,2
2600,2014-08,3
2600,2014-09,3
2600,2014-10,1
2600,2014-11,2
2600,2014-12,1
2600,2015-01,1
2600,2015-02,1
2600,2015-03,3
2600,2015-04,1
2600,2015-05,0
2600,2015-06,1
2600,2015-07,1
2600,2015-08,1
2600,2015-09,1
2600,2015-10,2
2600,2015-11,2
2600,2015-12,2
2600,2016-01,3
2600,2016-02,1
2600,2016-03,2
2600,2016-04,3
2600,2016-05,1
2600,2016-06,4
2600,2016-07,2
2600,2016-08,2
2600,2016-09,0
2600,2016-10,4
2600,2016-11,2
2600,2016-12,3
2600,2017-01,1
2600,2017-02,3
2600,2017-03,0
2600,2017-04,1
2600,2017-05,3
2600,2017-06,3
2600,2017-07,1
2600,2017-08,3
2600,2017-09,4
2600,2017-10,3
2600,2017-11,5
2600,2017-12,8
2600,2018-01,4
2600,2018-02,4
2600,2018-03,4
2600,2018-04,2
2600,2018-05,9
2600,2018-06,4
2600,2018-07,5
2600,2018-08,2
2600,2018-09,6
2600,2018-10,7
2600,2018-11,3
2600,2018-12,4
2600,2019-01,8
2600,2019-02,4
2600,2019-03,7
2600,2019-04,0
2600,2019-05,3
2600,2019-06,8
2600,2019-07,2
2600,2019-08,9
2600,2019-09,13
2600,2019-10,3
2600,2019-11,6
2600,2019-12,14
2600,2020-01,5
2600,2020-02,8
2600,2020-03,8
2600,2020-04,7
2600,2020-05,8
2600,2020-06,5
2600,2020-07,5
2600,2020-08,5
2600,2020-09,11
2600,2020-10,13
2600,2020-11,14
2600,2020-12,10
2600,2021-01,5
2600,2021-02,9
2600,2021-03,8
2600,2021-04,7
2600,2021-05,10
2600,2021-06,13
2600,2021-07,6
2600,2021-08,3
2600,2021-09,11
2600,2021-10,9
2600,2021-11,8
2600,2021-12,8
2600,2022-01,4
2600,2022-02,8
2600,2022-03,13
2600,2022-04,4
2600,2022-05,7
2600,2022-06,6
2600,2022-07,7
2600,2022-08,15
2600,2022-09,5
2600,2022-10,12
2600,2022-11,10
2600,2022-12,17
2600,2023-01,6
2600,2023-02,6
2600,2023-03,15
2600,2023-04,10
2600,2023-05,10
2600,2023-06,4
2600,2023-07,6
2600,2023-08,13
2600,2023-09,10
2600,2023-10,11
2600,2023-11,7
2600,2023-12,8
2600,2024-01,3
2600,2024-02,10
2600,2024-03,5
2600,2024-04,5
2600,2024-05,7
2600,2024-06,2
2600,2024-07,7
2600,2024-08,5
2600,2024-09,7
2600,2024-10,13
2600,2024-11,15
2600,2024-12,8
2600,2025-01,2
2600,2025-02,1
2600,2025-03,2
2600,2025-04,2
2600,2025-05,8
2600,2025-06,1
2600,2025-07,7
2600,2025-08,7
2600,2025-09,7
2600,2025-10,5
2600,2025-11,10
2600,2025-12,8
2601,2007-01,0
2601,2007-02,0
2601,2007-03,0
2601,2007-04,0
2601,2007-05,0
2601,2007-06,0
2601,2007-07,0
2601,2007-08,0
2601,2007-09,0
2601,2007-10,0
2601,2007-11,0
2601,2007-12,0
2601,2008-01,0
2601,2008-02,0
2601,2008-03,0
2601,2008-04,0
2601,2008-05,0
2601,2008-06,0
2601,2008-07,0
2601,2008-08,0
2601,2008-09,0
2601,2008-10,0
2601,2008-11,0
2601,2008-12,0
2601,2009-01,0
2601,2009-02,0
2601,2009-03,0
2601,2009-04,0
2601,2009-05,0
2601,2009-06,0
2601,2009-07,0
2601,2009-08,0
2601,2009-09,0
2601,2009-10,0
2601,2009-11,0
2601,2009-12,0
2601,2010-01,0
2601,2010-02,0
2601,2010-03,0
2601,2010-04,0
2601,2010-05,0
2601,2010-06,0
2601,2010-07,0
2601,2010-08,1
2601,2010-09,0
2601,2010-10,0
2601,2010-11,1
2601,2010-12,0
2601,2011-01,0
2601,2011-02,0
2601,2011-03,0
2601,2011-04,0
2601,2011-05,0
2601,2011-06,0
2601,2011-07,0
2601,2011-08,0
2601,2011-09,0
2601,2011-10,0
2601,2011-11,0
2601,2011-12,0
2601,2012-01,1
2601,2012-02,0
2601,2012-03,0
2601,2012-04,0
2601,2012-05,0
2601,2012-06,0
2601,2012-07,0
2601,2012-08,0
2601,2012-09,0
2601,2012-10,0
2601,2012-11,0
2601,2012-12,0
2601,2013-01,0
2601,2013-02,0
2601,2013-03,0
2601,2013-04,0
2601,2013-05,0
2601,2013-06,0
2601,2013-07,0
2601,2013-08,0
2601,2013-09,1
2601,2013-10,0
2601,2013-11,0
2601,2013-12,0
2601,2014-01,0
2601,2014-02,0
2601,2014-03,0
2601,2014-04,0
2601,2014-05,1
2601,2014-06,0
2601,2014-07,0
2601,2014-08,0
2601,2014-09,0
2601,2014-10,0
2601,2014-11,0
2601,2014-12,0
2601,2015-01,0
2601,2015-02,0
2601,2015-03,0
2601,2015-04,0
2601,2015-05,0
2601,2015-06,1
2601,2015-07,0
2601,2015-08,0
2601,2015-09,0
2601,2015-10,0
2601,2015-11,0
2601,2015-12,0
2601,2016-01,0
2601,2016-02,0
2601,2016-03,0
2601,2016-04,2
2601,2016-05,1
2601,2016-06,0
2601,2016-07,0
2601,2016-08,0
2601,2016-09,0
2601,2016-10,0
2601,2016-11,0
2601,2016-12,1
2601,2017-01,0
2601,2017-02,0
2601,2017-03,0
2601,2017-04,1
2601,2017-05,1
2601,2017-06,0
2601,2017-07,1
2601,2017-08,0
2601,2017-09,0
2601,2017-10,0
2601,2017-11,0
2601,2017-12,1
2601,2018-01,1
2601,2018-02,0
2601,2018-03,0
2601,2018-04,0
2601,2018-05,0
2601,2018-06,0
2601,2018-07,0
2601,2018-08,0
2601,2018-09,1
2601,2018-10,0
2601,2018-11,0
2601,2018-12,2
2601,2019-01,0
2601,2019-02,0
2601,2019-03,0
2601,2019-04,0
2601,2019-05,0
2601,2019-06,0
2601,2019-07,1
2601,2019-08,0
2601,2019-09,0
2601,2019-10,0
2601,2019-11,0
2601,2019-12,0
2601,2020-01,0
2601,2020-02,0
2601,2020-03,0
2601,2020-04,2
2601,2020-05,0
2601,2020-06,2
2601,2020-07,0
2601,2020-08,1
2601,2020-09,0
2601,2020-10,1
2601,2020-11,0
2601,2020-12,0
2601,2021-01,0
2601,2021-02,0
2601,2021-03,4
2601,2021-04,0
2601,2021-05,0
2601,2021-06,0
2601,2021-07,1
2601,2021-08,1
2601,2021-09,0
2601,2021-10,0
2601,2021-11,0
2601,2021-12,1
2601,2022-01,0
2601,2022-02,1
2601,2022-03,0
2601,2022-04,1
2601,2022-05,0
2601,2022-06,0
2601,2022-07,1
2601,2022-08,0
2601,2022-09,2
2601,2022-10,0
2601,2022-11,0
2601,2022-12,1
2601,2023-01,0
2601,2023-02,0
2601,2023-03,0
2601,2023-04,0
2601,2023-05,1
2601,2023-06,1
2601,2023-07,2
2601,2023-08,0
2601,2023-09,0
2601,2023-10,2
2601,2023-11,2
2601,2023-12,0
2601,2024-01,0
2601,2024-02,0
2601,2024-03,0
2601,2024-04,0
2601,2024-05,0
2601,2024-06,0
2601,2024-07,0
2601,2024-08,0
2601,2024-09,0
2601,2024-10,1
2601,2024-11,0
2601,2024-12,1
2601,2025-01,1
2601,2025-02,0
2601,2025-03,1
2601,2025-04,0
2601,2025-05,0
2601,2025-06,1
2601,2025-07,1
2601,2025-08,1
2601,2025-09,0
2601,2025-10,0
2601,2025-11,0
2601,2025-12,0
2602,2007-01,0
2602,2007-02,0
2602,2007-03,1
2602,2007-04,0
2602,2007-05,0
2602,2007-06,2
2602,2007-07,0
2602,2007-08,1
2602,2007-09,0
2602,2007-10,1
2602,2007-11,0
2602,2007-12,2
2602,2008-01,0
2602,2008-02,2
2602,2008-03,2
2602,2008-04,3
2602,2008-05,4
2602,2008-06,3
2602,2008-07,6
2602,2008-08,8
2602,2008-09,1
2602,2008-10,4
2602,2008-11,3
2602,2008-12,7
2602,2009-01,4
2602,2009-02,4
2602,2009-03,5
2602,2009-04,9
2602,2009-05,4
2602,2009-06,8
2602,2009-07,1
2602,2009-08,14
2602,2009-09,11
2602,2009-10,10
2602,2009-11,12
2602,2009-12,5
2602,2010-01,5
2602,2010-02,11
2602,2010-03,23
2602,2010-04,22
2602,2010-05,24
2602,2010-06,40
2602,2010-07,11
2602,2010-08,6
2602,2010-09,8
2602,2010-10,20
2602,2010-11,19
2602,2010-12,17
2602,2011-01,15
2602,2011-02,22
2602,2011-03,45
2602,2011-04,43
2602,2011-05,91
2602,2011-06,152
2602,2011-07,20
2602,2011-08,30
2602,2011-09,14
2602,2011-10,12
2602,2011-11,6
2602,2011-12,5
2602,2012-01,2
2602,2012-02,11
2602,2012-03,4
2602,2012-04,4
2602,2012-05,7
2602,2012-06,9
2602,2012-07,4
2602,2012-08,5
2602,2012-09,3
2602,2012-10,4
2602,2012-11,7
2602,2012-12,11
2602,2013-01,6
2602,2013-02,7
2602,2013-03,8
2602,2013-04,4
2602,2013-05,7
2602,2013-06,10
2602,2013-07,20
2602,2013-08,40
2602,2013-09,56
2602,2013-10,13
2602,2013-11,19
2602,2013-12,2
2602,2014-01,6
2602,2014-02,4
2602,2014-03,7
2602,2014-04,2
2602,2014-05,7
2602,2014-06,8
2602,2014-07,3
2602,2014-08,6
2602,2014-09,8
2602,2014-10,24
2602,2014-11,10
2602,2014-12,7
2602,2015-01,16
2602,2015-02,8
2602,2015-03,11
2602,2015-04,9
2602,2015-05,10
2602,2015-06,7
2602,2015-07,9
2602,2015-08,7
2602,2015-09,11
2602,2015-10,5
2602,2015-11,7
2602,2015-12,4
2602,2016-01,10
2602,2016-02,9
2602,2016-03,5
2602,2016-04,4
2602,2016-05,7
2602,2016-06,2
2602,2016-07,5
2602,2016-08,7
2602,2016-09,2
2602,2016-10,8
2602,2016-11,5
2602,2016-12,14
2602,2017-01,10
2602,2017-02,6
2602,2017-03,8
2602,2017-04,6
2602,2017-05,17
2602,2017-06,12
2602,2017-07,7
2602,2017-08,14
2602,2017-09,10
2602,2017-10,17
2602,2017-11,17
2602,2017-12,12
2602,2018-01,11
2602,2018-02,12
2602,2018-03,21
2602,2018-04,7
2602,2018-05,28
2602,2018-06,19
2602,2018-07,27
2602,2018-08,18
2602,2018-09,19
2602,2018-10,15
2602,2018-11,28
2602,2018-12,15
2602,2019-01,8
2602,2019-02,19
2602,2019-03,16
2602,2019-04,17
2602,2019-05,19
2602,2019-06,14
2602,2019-07,10
2602,2019-08,16
2602,2019-09,14
2602,2019-10,26
2602,2019-11,14
2602,2019-12,33
2602,2020-01,17
2602,2020-02,19
2602,2020-03,17
2602,2020-04,20
2602,2020-05,31
2602,2020-06,25
2602,2020-07,37
2602,2020-08,32
2602,2020-09,27
2602,2020-10,27
2602,2020-11,33
2602,2020-12,39
2602,2021-01,29
2602,2021-02,29
2602,2021-03,44
2602,2021-04,34
2602,2021-05,33
2602,2021-06,31
2602,2021-07,29
2602,2021-08,21
2602,2021-09,18
2602,2021-10,32
2602,2021-11,50
2602,2021-12,37
2602,2022-01,36
2602,2022-02,33
2602,2022-03,44
2602,2022-04,30
2602,2022-05,42
2602,2022-06,42
2602,2022-07,27
2602,2022-08,48
2602,2022-09,49
2602,2022-10,43
2602,2022-11,48
2602,2022-12,63
2602,2023-01,56
2602,2023-02,68
2602,2023-03,46
2602,2023-04,39
2602,2023-05,45
2602,2023-06,35
2602,2023-07,41
2602,2023-08,57
2602,2023-09,53
2602,2023-10,41
2602,2023-11,40
2602,2023-12,41
2602,2024-01,23
2602,2024-02,33
2602,2024-03,20
2602,2024-04,17
2602,2024-05,25
2602,2024-06,10
2602,2024-07,22
2602,2024-08,18
2602,2024-09,27
2602,2024-10,26
2602,2024-11,35
2602,2024-12,29
2602,2025-01,19
2602,2025-02,16
2602,2025-03,15
2602,2025-04,30
2602,2025-05,16
2602,2025-06,11
2602,2025-07,22
2602,2025-08,19
2602,2025-09,27
2602,2025-10,24
2602,2025-11,26
2602,2025-12,20
2603,2007-01,0
2603,2007-02,0
2603,2007-03,0
2603,2007-04,0
2603,2007-05,0
2603,2007-06,0
2603,2007-07,0
2603,2007-08,0
2603,2007-09,0
2603,2007-10,0
2603,2007-11,0
2603,2007-12,0
2603,2008-01,0
2603,2008-02,0
2603,2008-03,1
2603,2008-04,0
2603,2008-05,2
2603,2008-06,1
2603,2008-07,1
2603,2008-08,1
2603,2008-09,1
2603,2008-10,0
2603,2008-11,0
2603,2008-12,0
2603,2009-01,0
2603,2009-02,0
2603,2009-03,0
2603,2009-04,2
2603,2009-05,0
2603,2009-06,0
2603,2009-07,0
2603,2009-08,1
2603,2009-09,2
2603,2009-10,1
2603,2009-11,0
2603,2009-12,2
2603,2010-01,1
2603,2010-02,3
2603,2010-03,2
2603,2010-04,3
2603,2010-05,1
2603,2010-06,7
2603,2010-07,4
2603,2010-08,3
2603,2010-09,3
2603,2010-10,6
2603,2010-11,2
2603,2010-12,1
2603,2011-01,2
2603,2011-02,9
2603,2011-03,11
2603,2011-04,10
2603,2011-05,11
2603,2011-06,37
2603,2011-07,7
2603,2011-08,8
2603,2011-09,3
2603,2011-10,3
2603,2011-11,3
2603,2011-12,0
2603,2012-01,0
2603,2012-02,2
2603,2012-03,0
2603,2012-04,0
2603,2012-05,0
2603,2012-06,5
2603,2012-07,2
2603,2012-08,1
2603,2012-09,0
2603,2012-10,2
2603,2012-11,0
2603,2012-12,2
2603,2013-01,5
2603,2013-02,1
2603,2013-03,3
2603,2013-04,2
2603,2013-05,1
2603,2013-06,2
2603,2013-07,6
2603,2013-08,9
2603,2013-09,8
2603,2013-10,0
2603,2013-11,4
2603,2013-12,1
2603,2014-01,1
2603,2014-02,4
2603,2014-03,0
2603,2014-04,1
2603,2014-05,1
2603,2014-06,0
2603,2014-07,4
2603,2014-08,3
2603,2014-09,6
2603,2014-10,4
2603,2014-11,4
2603,2014-12,2
2603,2015-01,2
2603,2015-02,0
2603,2015-03,2
2603,2015-04,0
2603,2015-05,2
2603,2015-06,1
2603,2015-07,2
2603,2015-08,3
2603,2015-09,0
2603,2015-10,1
2603,2015-11,0
2603,2015-12,1
2603,2016-01,1
2603,2016-02,2
2603,2016-03,2
2603,2016-04,1
2603,2016-05,0
2603,2016-06,2
2603,2016-07,1
2603,2016-08,1
2603,2016-09,0
2603,2016-10,1
2603,2016-11,1
2603,2016-12,4
2603,2017-01,1
2603,2017-02,2
2603,2017-03,2
2603,2017-04,1
2603,2017-05,8
2603,2017-06,1
2603,2017-07,2
2603,2017-08,9
2603,2017-09,10
2603,2017-10,5
2603,2017-11,6
2603,2017-12,8
2603,2018-01,2
2603,2018-02,3
2603,2018-03,4
2603,2018-04,3
2603,2018-05,5
2603,2018-06,4
2603,2018-07,3
2603,2018-08,2
2603,2018-09,3
2603,2018-10,8
2603,2018-11,5
2603,2018-12,4
2603,2019-01,4
2603,2019-02,7
2603,2019-03,8
2603,2019-04,3
2603,2019-05,7
2603,2019-06,6
2603,2019-07,7
2603,2019-08,8
2603,2019-09,8
2603,2019-10,9
2603,2019-11,6
2603,2019-12,3
2603,2020-01,3
2603,2020-02,8
2603,2020-03,6
2603,2020-04,6
2603,2020-05,13
2603,2020-06,8
2603,2020-07,9
2603,2020-08,10
2603,2020-09,9
2603,2020-10,6
2603,2020-11,6
2603,2020-12,8
2603,2021-01,4
2603,2021-02,13
2603,2021-03,10
2603,2021-04,13
2603,2021-05,7
2603,2021-06,9
2603,2021-07,8
2603,2021-08,4
2603,2021-09,11
2603,2021-10,16
2603,2021-11,13
2603,2021-12,14
2603,2022-01,3
2603,2022-02,14
2603,2022-03,8
2603,2022-04,4
2603,2022-05,15
2603,2022-06,5
2603,2022-07,11
2603,2022-08,20
2603,2022-09,9
2603,2022-10,13
2603,2022-11,11
2603,2022-12,15
2603,2023-01,6
2603,2023-02,14
2603,2023-03,17
2603,2023-04,8
2603,2023-05,9
2603,2023-06,15
2603,2023-07,6
2603,2023-08,6
2603,2023-09,4
2603,2023-10,6
2603,2023-11,9
2603,2023-12,9
2603,2024-01,1
2603,2024-02,8
2603,2024-03,11
2603,2024-04,6
2603,2024-05,6
2603,2024-06,4
2603,2024-07,12
2603,2024-08,7
2603,2024-09,11
2603,2024-10,8
2603,2024-11,11
2603,2024-12,16
2603,2025-01,6
2603,2025-02,7
2603,2025-03,2
2603,2025-04,6
2603,2025-05,5
2603,2025-06,3
2603,2025-07,4
2603,2025-08,8
2603,2025-09,11
2603,2025-10,4
2603,2025-11,9
2603,2025-12,6
2604,2007-01,0
2604,2007-02,0
2604,2007-03,0
2604,2007-04,0
2604,2007-05,0
2604,2007-06,0
2604,2007-07,0
2604,2007-08,0
2604,2007-09,0
2604,2007-10,0
2604,2007-11,2
2604,2007-12,0
2604,2008-01,1
2604,2008-02,0
2604,2008-03,0
2604,2008-04,0
2604,2008-05,1
2604,2008-06,0
2604,2008-07,0
2604,2008-08,0
2604,2008-09,1
2604,2008-10,0
2604,2008-11,1
2604,2008-12,0
2604,2009-01,0
2604,2009-02,1
2604,2009-03,0
2604,2009-04,1
2604,2009-05,1
2604,2009-06,1
2604,2009-07,0
2604,2009-08,2
2604,2009-09,1
2604,2009-10,1
2604,2009-11,1
2604,2009-12,1
2604,2010-01,0
2604,2010-02,4
2604,2010-03,0
2604,2010-04,2
2604,2010-05,0
2604,2010-06,19
2604,2010-07,4
2604,2010-08,0
2604,2010-09,0
2604,2010-10,0
2604,2010-11,3
2604,2010-12,2
2604,2011-01,1
2604,2011-02,3
2604,2011-03,8
2604,2011-04,4
2604,2011-05,18
2604,2011-06,26
2604,2011-07,5
2604,2011-08,5
2604,2011-09,3
2604,2011-10,4
2604,2011-11,1
2604,2011-12,0
2604,2012-01,0
2604,2012-02,1
2604,2012-03,0
2604,2012-04,1
2604,2012-05,1
2604,2012-06,2
2604,2012-07,0
2604,2012-08,3
2604,2012-09,1
2604,2012-10,1
2604,2012-11,2
2604,2012-12,2
2604,2013-01,1
2604,2013-02,0
2604,2013-03,3
2604,2013-04,2
2604,2013-05,2
2604,2013-06,1
2604,2013-07,3
2604,2013-08,11
2604,2013-09,9
2604,2013-10,0
2604,2013-11,4
2604,2013-12,1
2604,2014-01,3
2604,2014-02,0
2604,2014-03,1
2604,2014-04,1
2604,2014-05,0
2604,2014-06,1
2604,2014-07,1
2604,2014-08,0
2604,2014-09,0
2604,2014-10,3
2604,2014-11,3
2604,2014-12,0
2604,2015-01,5
2604,2015-02,1
2604,2015-03,0
2604,2015-04,0
2604,2015-05,1
2604,2015-06,6
2604,2015-07,3
2604,2015-08,1
2604,2015-09,3
2604,2015-10,1
2604,2015-11,0
2604,2015-12,1
2604,2016-01,0
2604,2016-02,1
2604,2016-03,1
2604,2016-04,1
2604,2016-05,0
2604,2016-06,0
2604,2016-07,1
2604,2016-08,5
2604,2016-09,3
2604,2016-10,2
2604,2016-11,1
2604,2016-12,1
2604,2017-01,1
2604,2017-02,1
2604,2017-03,0
2604,2017-04,1
2604,2017-05,2
2604,2017-06,1
2604,2017-07,2
2604,2017-08,1
2604,2017-09,0
2604,2017-10,4
2604,2017-11,0
2604,2017-12,8
2604,2018-01,4
2604,2018-02,2
2604,2018-03,2
2604,2018-04,2
2604,2018-05,8
2604,2018-06,18
2604,2018-07,4
2604,2018-08,1
2604,2018-09,2
2604,2018-10,9
2604,2018-11,7
2604,2018-12,6
2604,2019-01,5
2604,2019-02,3
2604,2019-03,8
2604,2019-04,4
2604,2019-05,5
2604,2019-06,3
2604,2019-07,1
2604,2019-08,2
2604,2019-09,7
2604,2019-10,4
2604,2019-11,51
2604,2019-12,49
2604,2020-01,2
2604,2020-02,3
2604,2020-03,2
2604,2020-04,3
2604,2020-05,8
2604,2020-06,5
2604,2020-07,4
2604,2020-08,2
2604,2020-09,2
2604,2020-10,4
2604,2020-11,7
2604,2020-12,9
2604,2021-01,1
2604,2021-02,8
2604,2021-03,3
2604,2021-04,13
2604,2021-05,4
2604,2021-06,6
2604,2021-07,2
2604,2021-08,1
2604,2021-09,5
2604,2021-10,3
2604,2021-11,10
2604,2021-12,11
2604,2022-01,9
2604,2022-02,3
2604,2022-03,12
2604,2022-04,6
2604,2022-05,27
2604,2022-06,41
2604,2022-07,16
2604,2022-08,4
2604,2022-09,8
2604,2022-10,6
2604,2022-11,18
2604,2022-12,9
2604,2023-01,2
2604,2023-02,10
2604,2023-03,8
2604,2023-04,8
2604,2023-05,9
2604,2023-06,7
2604,2023-07,8
2604,2023-08,10
2604,2023-09,10
2604,2023-10,8
2604,2023-11,10
2604,2023-12,6
2604,2024-01,6
2604,2024-02,6
2604,2024-03,3
2604,2024-04,3
2604,2024-05,10
2604,2024-06,4
2604,2024-07,3
2604,2024-08,3
2604,2024-09,4
2604,2024-10,5
2604,2024-11,6
2604,2024-12,11
2604,2025-01,2
2604,2025-02,3
2604,2025-03,4
2604,2025-04,3
2604,2025-05,6
2604,2025-06,5
2604,2025-07,3
2604,2025-08,6
2604,2025-09,4
2604,2025-10,5
2604,2025-11,5
2604,2025-12,3
2605,2007-01,0
2605,2007-02,0
2605,2007-03,0
2605,2007-04,0
2605,2007-05,0
2605,2007-06,0
2605,2007-07,1
2605,2007-08,0
2605,2007-09,0
2605,2007-10,0
2605,2007-11,0
2605,2007-12,1
2605,2008-01,2
2605,2008-02,0
2605,2008-03,0
2605,2008-04,0
2605,2008-05,0
2605,2008-06,1
2605,2008-07,1
2605,2008-08,1
2605,2008-09,3
2605,2008-10,1
2605,2008-11,1
2605,2008-12,2
2605,2009-01,0
2605,2009-02,3
2605,2009-03,4
2605,2009-04,2
2605,2009-05,0
2605,2009-06,4
2605,2009-07,2
2605,2009-08,3
2605,2009-09,6
2605,2009-10,3
2605,2009-11,2
2605,2009-12,9
2605,2010-01,9
2605,2010-02,5
2605,2010-03,11
2605,2010-04,9
2605,2010-05,12
2605,2010-06,12
2605,2010-07,4
2605,2010-08,9
2605,2010-09,4
2605,2010-10,2
2605,2010-11,7
2605,2010-12,10
2605,2011-01,13
2605,2011-02,12
2605,2011-03,16
2605,2011-04,28
2605,2011-05,38
2605,2011-06,80
2605,2011-07,13
2605,2011-08,7
2605,2011-09,4
2605,2011-10,6
2605,2011-11,2
2605,2011-12,2
2605,2012-01,1
2605,2012-02,1
2605,2012-03,3
2605,2012-04,1
2605,2012-05,3
2605,2012-06,5
2605,2012-07,2
2605,2012-08,1
2605,2012-09,0
2605,2012-10,3
2605,2012-11,0
2605,2012-12,6
2605,2013-01,1
2605,2013-02,3
2605,2013-03,3
2605,2013-04,2
2605,2013-05,2
2605,2013-06,2
2605,2013-07,7
2605,2013-08,12
2605,2013-09,15
2605,2013-10,4
2605,2013-11,2
2605,2013-12,0
2605,2014-01,1
2605,2014-02,1
2605,2014-03,0
2605,2014-04,3
2605,2014-05,4
2605,2014-06,1
2605,2014-07,3
2605,2014-08,3
2605,2014-09,3
2605,2014-10,9
2605,2014-11,5
2605,2014-12,3
2605,2015-01,3
2605,2015-02,4
2605,2015-03,1
2605,2015-04,2
2605,2015-05,5
2605,2015-06,2
2605,2015-07,1
2605,2015-08,3
2605,2015-09,2
2605,2015-10,2
2605,2015-11,2
2605,2015-12,3
2605,2016-01,1
2605,2016-02,0
2605,2016-03,2
2605,2016-04,1
2605,2016-05,1
2605,2016-06,6
2605,2016-07,3
2605,2016-08,3
2605,2016-09,4
2605,2016-10,4
2605,2016-11,3
2605,2016-12,2
2605,2017-01,5
2605,2017-02,2
2605,2017-03,6
2605,2017-04,10
2605,2017-05,4
2605,2017-06,9
2605,2017-07,5
2605,2017-08,3
2605,2017-09,6
2605,2017-10,6
2605,2017-11,8
2605,2017-12,7
2605,2018-01,6
2605,2018-02,7
2605,2018-03,10
2605,2018-04,6
2605,2018-05,7
2605,2018-06,3
2605,2018-07,10
2605,2018-08,7
2605,2018-09,5
2605,2018-10,6
2605,2018-11,8
2605,2018-12,5
2605,2019-01,5
2605,2019-02,10
2605,2019-03,6
2605,2019-04,8
2605,2019-05,12
2605,2019-06,10
2605,2019-07,3
2605,2019-08,8
2605,2019-09,10
2605,2019-10,18
2605,2019-11,9
2605,2019-12,9
2605,2020-01,9
2605,2020-02,14
2605,2020-03,10
2605,2020-04,10
2605,2020-05,5
2605,2020-06,5
2605,2020-07,12
2605,2020-08,8
2605,2020-09,7
2605,2020-10,9
2605,2020-11,10
2605,2020-12,6
2605,2021-01,14
2605,2021-02,9
2605,2021-03,12
2605,2021-04,11
2605,2021-05,12
2605,2021-06,12
2605,2021-07,21
2605,2021-08,3
2605,2021-09,9
2605,2021-10,16
2605,2021-11,17
2605,2021-12,10
2605,2022-01,8
2605,2022-02,14
2605,2022-03,17
2605,2022-04,8
2605,2022-05,18
2605,2022-06,18
2605,2022-07,16
2605,2022-08,14
2605,2022-09,23
2605,2022-10,24
2605,2022-11,22
2605,2022-12,22
2605,2023-01,16
2605,2023-02,24
2605,2023-03,12
2605,2023-04,16
2605,2023-05,17
2605,2023-06,19
2605,2023-07,15
2605,2023-08,14
2605,2023-09,12
2605,2023-10,15
2605,2023-11,7
2605,2023-12,14
2605,2024-01,8
2605,2024-02,15
2605,2024-03,9
2605,2024-04,9
2605,2024-05,6
2605,2024-06,4
2605,2024-07,7
2605,2024-08,4
2605,2024-09,9
2605,2024-10,9
2605,2024-11,11
2605,2024-12,6
2605,2025-01,4
2605,2025-02,5
2605,2025-03,6
2605,2025-04,10
2605,2025-05,5
2605,2025-06,6
2605,2025-07,5
2605,2025-08,5
2605,2025-09,9
2605,2025-10,10
2605,2025-11,10
2605,2025-12,4
2606,2007-01,0
2606,2007-02,0
2606,2007-03,0
2606,2007-04,0
2606,2007-05,0
2606,2007-06,0
2606,2007-07,0
2606,2007-08,1
2606,2007-09,0
2606,2007-10,0
2606,2007-11,1
2606,2007-12,0
2606,2008-01,0
2606,2008-02,0
2606,2008-03,0
2606,2008-04,0
2606,2008-05,0
2606,2008-06,0
2606,2008-07,2
2606,2008-08,0
2606,2008-09,1
2606,2008-10,0
2606,2008-11,0
2606,2008-12,2
2606,2009-01,0
2606,2009-02,0
2606,2009-03,0
2606,2009-04,2
2606,2009-05,1
2606,2009-06,1
2606,2009-07,1
2606,2009-08,4
2606,2009-09,4
2606,2009-10,3
2606,2009-11,3
2606,2009-12,2
2606,2010-01,4
2606,2010-02,5
2606,2010-03,4
2606,2010-04,5
2606,2010-05,3
2606,2010-06,13
2606,2010-07,1
2606,2010-08,4
2606,2010-09,2
2606,2010-10,2
2606,2010-11,4
2606,2010-12,5
2606,2011-01,7
2606,2011-02,3
2606,2011-03,4
2606,2011-04,19
2606,2011-05,23
2606,2011-06,38
2606,2011-07,9
2606,2011-08,10
2606,2011-09,7
2606,2011-10,2
2606,2011-11,2
2606,2011-12,1
2606,2012-01,0
2606,2012-02,0
2606,2012-03,2
2606,2012-04,2
2606,2012-05,4
2606,2012-06,45
2606,2012-07,1
2606,2012-08,2
2606,2012-09,2
2606,2012-10,2
2606,2012-11,2
2606,2012-12,2
2606,2013-01,18
2606,2013-02,15
2606,2013-03,4
2606,2013-04,2
2606,2013-05,1
2606,2013-06,1
2606,2013-07,2
2606,2013-08,8
2606,2013-09,7
2606,2013-10,2
2606,2013-11,1
2606,2013-12,1
2606,2014-01,1
2606,2014-02,0
2606,2014-03,4
2606,2014-04,2
2606,2014-05,2
2606,2014-06,3
2606,2014-07,3
2606,2014-08,4
2606,2014-09,5
2606,2014-10,5
2606,2014-11,1
2606,2014-12,0
2606,2015-01,2
2606,2015-02,1
2606,2015-03,2
2606,2015-04,1
2606,2015-05,0
2606,2015-06,2
2606,2015-07,1
2606,2015-08,2
2606,2015-09,1
2606,2015-10,1
2606,2015-11,0
2606,2015-12,0
2606,2016-01,0
2606,2016-02,5
2606,2016-03,2
2606,2016-04,0
2606,2016-05,2
2606,2016-06,5
2606,2016-07,1
2606,2016-08,3
2606,2016-09,4
2606,2016-10,3
2606,2016-11,3
2606,2016-12,0
2606,2017-01,0
2606,2017-02,1
2606,2017-03,1
2606,2017-04,1
2606,2017-05,3
2606,2017-06,1
2606,2017-07,1
2606,2017-08,6
2606,2017-09,5
2606,2017-10,5
2606,2017-11,4
2606,2017-12,3
2606,2018-01,2
2606,2018-02,5
2606,2018-03,6
2606,2018-04,0
2606,2018-05,7
2606,2018-06,6
2606,2018-07,1
2606,2018-08,6
2606,2018-09,5
2606,2018-10,5
2606,2018-11,5
2606,2018-12,7
2606,2019-01,5
2606,2019-02,6
2606,2019-03,4
2606,2019-04,5
2606,2019-05,2
2606,2019-06,5
2606,2019-07,4
2606,2019-08,6
2606,2019-09,5
2606,2019-10,5
2606,2019-11,8
2606,2019-12,9
2606,2020-01,3
2606,2020-02,8
2606,2020-03,2
2606,2020-04,6
2606,2020-05,5
2606,2020-06,6
2606,2020-07,6
2606,2020-08,4
2606,2020-09,11
2606,2020-10,7
2606,2020-11,4
2606,2020-12,14
2606,2021-01,3
2606,2021-02,17
2606,2021-03,7
2606,2021-04,2
2606,2021-05,8
2606,2021-06,12
2606,2021-07,8
2606,2021-08,2
2606,2021-09,5
2606,2021-10,10
2606,2021-11,8
2606,2021-12,8
2606,2022-01,5
2606,2022-02,16
2606,2022-03,9
2606,2022-04,2
2606,2022-05,12
2606,2022-06,10
2606,2022-07,18
2606,2022-08,12
2606,2022-09,14
2606,2022-10,8
2606,2022-11,6
2606,2022-12,19
2606,2023-01,6
2606,2023-02,8
2606,2023-03,10
2606,2023-04,7
2606,2023-05,11
2606,2023-06,13
2606,2023-07,10
2606,2023-08,13
2606,2023-09,10
2606,2023-10,12
2606,2023-11,6
2606,2023-12,14
2606,2024-01,7
2606,2024-02,9
2606,2024-03,2
2606,2024-04,7
2606,2024-05,9
2606,2024-06,6
2606,2024-07,5
2606,2024-08,6
2606,2024-09,9
2606,2024-10,6
2606,2024-11,4
2606,2024-12,9
2606,2025-01,5
2606,2025-02,0
2606,2025-03,7
2606,2025-04,3
2606,2025-05,7
2606,2025-06,7
2606,2025-07,7
2606,2025-08,6
2606,2025-09,10
2606,2025-10,4
2606,2025-11,5
2606,2025-12,6
2607,2007-01,0
2607,2007-02,0
2607,2007-03,0
2607,2007-04,0
2607,2007-05,0
2607,2007-06,0
2607,2007-07,0
2607,2007-08,1
2607,2007-09,0
2607,2007-10,0
2607,2007-11,0
2607,2007-12,0
2607,2008-01,2
2607,2008-02,0
2607,2008-03,1
2607,2008-04,0
2607,2008-05,1
2607,2008-06,0
2607,2008-07,2
2607,2008-08,2
2607,2008-09,0
2607,2008-10,0
2607,2008-11,0
2607,2008-12,3
2607,2009-01,1
2607,2009-02,1
2607,2009-03,1
2607,2009-04,0
2607,2009-05,1
2607,2009-06,4
2607,2009-07,2
2607,2009-08,2
2607,2009-09,3
2607,2009-10,6
2607,2009-11,2
2607,2009-12,7
2607,2010-01,7
2607,2010-02,5
2607,2010-03,5
2607,2010-04,9
2607,2010-05,5
2607,2010-06,8
2607,2010-07,3
2607,2010-08,6
2607,2010-09,9
2607,2010-10,7
2607,2010-11,11
2607,2010-12,15
2607,2011-01,14
2607,2011-02,19
2607,2011-03,30
2607,2011-04,22
2607,2011-05,48
2607,2011-06,102
2607,2011-07,13
2607,2011-08,13
2607,2011-09,7
2607,2011-10,7
2607,2011-11,3
2607,2011-12,2
2607,2012-01,0
2607,2012-02,1
2607,2012-03,4
2607,2012-04,2
2607,2012-05,8
2607,2012-06,9
2607,2012-07,3
2607,2012-08,2
2607,2012-09,4
2607,2012-10,4
2607,2012-11,3
2607,2012-12,6
2607,2013-01,4
2607,2013-02,8
2607,2013-03,5
2607,2013-04,6
2607,2013-05,6
2607,2013-06,6
2607,2013-07,11
2607,2013-08,21
2607,2013-09,25
2607,2013-10,6
2607,2013-11,4
2607,2013-12,3
2607,2014-01,2
2607,2014-02,1
2607,2014-03,0
2607,2014-04,4
2607,2014-05,6
2607,2014-06,3
2607,2014-07,7
2607,2014-08,8
2607,2014-09,6
2607,2014-10,6
2607,2014-11,6
2607,2014-12,4
2607,2015-01,3
2607,2015-02,3
2607,2015-03,2
2607,2015-04,1
2607,2015-05,1
2607,2015-06,2
2607,2015-07,6
2607,2015-08,4
2607,2015-09,3
2607,2015-10,6
2607,2015-11,7
2607,2015-12,2
2607,2016-01,3
2607,2016-02,3
2607,2016-03,3
2607,2016-04,1
2607,2016-05,2
2607,2016-06,3
2607,2016-07,5
2607,2016-08,3
2607,2016-09,5
2607,2016-10,2
2607,2016-11,2
2607,2016-12,0
2607,2017-01,1
2607,2017-02,1
2607,2017-03,5
2607,2017-04,5
2607,2017-05,5
2607,2017-06,4
2607,2017-07,3
2607,2017-08,5
2607,2017-09,8
2607,2017-10,6
2607,2017-11,6
2607,2017-12,11
2607,2018-01,5
2607,2018-02,1
2607,2018-03,7
2607,2018-04,10
2607,2018-05,7
2607,2018-06,12
2607,2018-07,7
2607,2018-08,11
2607,2018-09,9
2607,2018-10,10
2607,2018-11,10
2607,2018-12,8
2607,2019-01,6
2607,2019-02,8
2607,2019-03,8
2607,2019-04,9
2607,2019-05,7
2607,2019-06,4
2607,2019-07,7
2607,2019-08,10
2607,2019-09,4
2607,2019-10,15
2607,2019-11,13
2607,2019-12,15
2607,2020-01,9
2607,2020-02,11
2607,2020-03,14
2607,2020-04,11
2607,2020-05,11
2607,2020-06,13
2607,2020-07,18
2607,2020-08,13
2607,2020-09,9
2607,2020-10,22
2607,2020-11,18
2607,2020-12,14
2607,2021-01,4
2607,2021-02,16
2607,2021-03,13
2607,2021-04,21
2607,2021-05,17
2607,2021-06,12
2607,2021-07,11
2607,2021-08,12
2607,2021-09,17
2607,2021-10,14
2607,2021-11,22
2607,2021-12,17
2607,2022-01,17
2607,2022-02,18
2607,2022-03,24
2607,2022-04,17
2607,2022-05,21
2607,2022-06,22
2607,2022-07,20
2607,2022-08,24
2607,2022-09,25
2607,2022-10,25
2607,2022-11,42
2607,2022-12,35
2607,2023-01,23
2607,2023-02,31
2607,2023-03,24
2607,2023-04,11
2607,2023-05,31
2607,2023-06,22
2607,2023-07,31
2607,2023-08,35
2607,2023-09,21
2607,2023-10,17
2607,2023-11,21
2607,2023-12,19
2607,2024-01,11
2607,2024-02,13
2607,2024-03,10
2607,2024-04,10
2607,2024-05,12
2607,2024-06,7
2607,2024-07,11
2607,2024-08,12
2607,2024-09,9
2607,2024-10,22
2607,2024-11,19
2607,2024-12,10
2607,2025-01,4
2607,2025-02,10
2607,2025-03,14
2607,2025-04,3
2607,2025-05,12
2607,2025-06,9
2607,2025-07,11
2607,2025-08,8
2607,2025-09,10
2607,2025-10,11
2607,2025-11,9
2607,2025-12,17
2609,2007-01,0
2609,2007-02,0
2609,2007-03,0
2609,2007-04,0
2609,2007-05,0
2609,2007-06,0
2609,2007-07,0
2609,2007-08,0
2609,2007-09,0
2609,2007-10,0
2609,2007-11,0
2609,2007-12,0
2609,2008-01,0
2609,2008-02,0
2609,2008-03,0
2609,2008-04,0
2609,2008-05,0
2609,2008-06,0
2609,2008-07,0
2609,2008-08,0
2609,2008-09,0
2609,2008-10,0
2609,2008-11,0
2609,2008-12,0
2609,2009-01,0
2609,2009-02,0
2609,2009-03,0
2609,2009-04,0
2609,2009-05,0
2609,2009-06,0
2609,2009-07,0
2609,2009-08,0
2609,2009-09,0
2609,2009-10,0
2609,2009-11,0
2609,2009-12,0
2609,2010-01,0
2609,2010-02,0
2609,2010-03,1
2609,2010-04,1
2609,2010-05,0
2609,2010-06,0
2609,2010-07,0
2609,2010-08,0
2609,2010-09,0
2609,2010-10,0
2609,2010-11,0
2609,2010-12,0
2609,2011-01,1
2609,2011-02,0
2609,2011-03,2
2609,2011-04,0
2609,2011-05,5
2609,2011-06,4
2609,2011-07,3
2609,2011-08,0
2609,2011-09,0
2609,2011-10,0
2609,2011-11,0
2609,2011-12,0
2609,2012-01,0
2609,2012-02,0
2609,2012-03,0
2609,2012-04,0
2609,2012-05,0
2609,2012-06,0
2609,2012-07,0
2609,2012-08,0
2609,2012-09,0
2609,2012-10,0
2609,2012-11,0
2609,2012-12,0
2609,2013-01,0
2609,2013-02,0
2609,2013-03,1
2609,2013-04,0
2609,2013-05,0
2609,2013-06,0
2609,2013-07,0
2609,2013-08,0
2609,2013-09,0
2609,2013-10,0
2609,2013-11,0
2609,2013-12,1
2609,2014-01,1
2609,2014-02,1
2609,2014-03,0
2609,2014-04,0
2609,2014-05,1
2609,2014-06,0
2609,2014-07,2
2609,2014-08,0
2609,2014-09,0
2609,2014-10,0
2609,2014-11,0
2609,2014-12,0
2609,2015-01,0
2609,2015-02,1
2609,2015-03,3
2609,2015-04,0
2609,2015-05,2
2609,2015-06,0
2609,2015-07,0
2609,2015-08,1
2609,2015-09,0
2609,2015-10,1
2609,2015-11,0
2609,2015-12,0
2609,2016-01,0
2609,2016-02,0
2609,2016-03,0
2609,2016-04,0
2609,2016-05,2
2609,2016-06,6
2609,2016-07,1
2609,2016-08,2
2609,2016-09,2
2609,2016-10,0
2609,2016-11,0
2609,2016-12,2
2609,2017-01,1
2609,2017-02,3
2609,2017-03,3
2609,2017-04,0
2609,2017-05,2
2609,2017-06,0
2609,2017-07,0
2609,2017-08,1
2609,2017-09,3
2609,2017-10,0
2609,2017-11,0
2609,2017-12,1
2609,2018-01,0
2609,2018-02,0
2609,2018-03,0
2609,2018-04,4
2609,2018-05,3
2609,2018-06,1
2609,2018-07,1
2609,2018-08,3
2609,2018-09,3
2609,2018-10,0
2609,2018-11,8
2609,2018-12,2
2609,2019-01,3
2609,2019-02,1
2609,2019-03,1
2609,2019-04,0
2609,2019-05,1
2609,2019-06,1
2609,2019-07,2
2609,2019-08,1
2609,2019-09,4
2609,2019-10,5
2609,2019-11,2
2609,2019-12,16
2609,2020-01,2
2609,2020-02,2
2609,2020-03,2
2609,2020-04,3
2609,2020-05,1
2609,2020-06,0
2609,2020-07,1
2609,2020-08,2
2609,2020-09,2
2609,2020-10,1
2609,2020-11,5
2609,2020-12,2
2609,2021-01,1
2609,2021-02,0
2609,2021-03,1
2609,2021-04,2
2609,2021-05,2
2609,2021-06,0
2609,2021-07,1
2609,2021-08,1
2609,2021-09,3
2609,2021-10,3
2609,2021-11,9
2609,2021-12,12
2609,2022-01,2
2609,2022-02,4
2609,2022-03,2
2609,2022-04,1
2609,2022-05,2
2609,2022-06,5
2609,2022-07,5
2609,2022-08,6
2609,2022-09,2
2609,2022-10,2
2609,2022-11,2
2609,2022-12,2
2609,2023-01,1
2609,2023-02,1
2609,2023-03,3
2609,2023-04,0
2609,2023-05,2
2609,2023-06,5
2609,2023-07,4
2609,2023-08,2
2609,2023-09,5
2609,2023-10,0
2609,2023-11,0
2609,2023-12,7
2609,2024-01,2
2609,2024-02,2
2609,2024-03,2
2609,2024-04,2
2609,2024-05,1
2609,2024-06,2
2609,2024-07,0
2609,2024-08,0
2609,2024-09,3
2609,2024-10,2
2609,2024-11,4
2609,2024-12,0
2609,2025-01,0
2609,2025-02,2
2609,2025-03,2
2609,2025-04,1
2609,2025-05,2
2609,2025-06,1
2609,2025-07,3
2609,2025-08,5
2609,2025-09,1
2609,2025-10,2
2609,2025-11,0
2609,2025-12,0
2611,2007-01,0
2611,2007-02,0
2611,2007-03,0
2611,2007-04,0
2611,2007-05,1
2611,2007-06,1
2611,2007-07,0
2611,2007-08,0
2611,2007-09,2
2611,2007-10,0
2611,2007-11,0
2611,2007-12,1
2611,2008-01,4
2611,2008-02,3
2611,2008-03,0
2611,2008-04,2
2611,2008-05,0
2611,2008-06,0
2611,2008-07,5
2611,2008-08,3
2611,2008-09,5
2611,2008-10,3
2611,2008-11,4
2611,2008-12,3
2611,2009-01,1
2611,2009-02,3
2611,2009-03,2
2611,2009-04,3
2611,2009-05,6
2611,2009-06,5
2611,2009-07,1
2611,2009-08,8
2611,2009-09,10
2611,2009-10,15
2611,2009-11,15
2611,2009-12,5
2611,2010-01,10
2611,2010-02,9
2611,2010-03,22
2611,2010-04,19
2611,2010-05,26
2611,2010-06,29
2611,2010-07,30
2611,2010-08,14
2611,2010-09,17
2611,2010-10,27
2611,2010-11,15
2611,2010-12,11
2611,2011-01,16
2611,2011-02,25
2611,2011-03,55
2611,2011-04,48
2611,2011-05,87
2611,2011-06,192
2611,2011-07,29
2611,2011-08,33
2611,2011-09,14
2611,2011-10,11
2611,2011-11,8
2611,2011-12,7
2611,2012-01,2
2611,2012-02,7
2611,2012-03,10
2611,2012-04,6
2611,2012-05,16
2611,2012-06,11
2611,2012-07,8
2611,2012-08,10
2611,2012-09,5
2611,2012-10,6
2611,2012-11,18
2611,2012-12,17
2611,2013-01,14
2611,2013-02,9
2611,2013-03,8
2611,2013-04,7
2611,2013-05,10
2611,2013-06,18
2611,2013-07,29
2611,2013-08,42
2611,2013-09,44
2611,2013-10,10
2611,2013-11,15
2611,2013-12,10
2611,2014-01,10
2611,2014-02,5
2611,2014-03,3
2611,2014-04,6
2611,2014-05,7
2611,2014-06,6
2611,2014-07,7
2611,2014-08,12
2611,2014-09,8
2611,2014-10,14
2611,2014-11,14
2611,2014-12,9
2611,2015-01,9
2611,2015-02,12
2611,2015-03,7
2611,2015-04,8
2611,2015-05,7
2611,2015-06,12
2611,2015-07,4
2611,2015-08,6
2611,2015-09,11
2611,2015-10,12
2611,2015-11,8
2611,2015-12,15
2611,2016-01,3
2611,2016-02,14
2611,2016-03,6
2611,2016-04,8
2611,2016-05,13
2611,2016-06,9
2611,2016-07,7
2611,2016-08,10
2611,2016-09,8
2611,2016-10,9
2611,2016-11,14
2611,2016-12,13
2611,2017-01,7
2611,2017-02,20
2611,2017-03,23
2611,2017-04,11
2611,2017-05,25
2611,2017-06,19
2611,2017-07,33
2611,2017-08,21
2611,2017-09,31
2611,2017-10,24
2611,2017-11,18
2611,2017-12,33
2611,2018-01,28
2611,2018-02,33
2611,2018-03,34
2611,2018-04,24
2611,2018-05,38
2611,2018-06,31
2611,2018-07,33
2611,2018-08,20
2611,2018-09,36
2611,2018-10,36
2611,2018-11,47
2611,2018-12,30
2611,2019-01,18
2611,2019-02,24
2611,2019-03,21
2611,2019-04,30
2611,2019-05,43
2611,2019-06,26
2611,2019-07,32
2611,2019-08,44
2611,2019-09,27
2611,2019-10,42
2611,2019-11,41
2611,2019-12,44
2611,2020-01,30
2611,2020-02,33
2611,2020-03,34
2611,2020-04,33
2611,2020-05,54
2611,2020-06,47
2611,2020-07,52
2611,2020-08,42
2611,2020-09,58
2611,2020-10,54
2611,2020-11,49
2611,2020-12,66
2611,2021-01,44
2611,2021-02,49
2611,2021-03,37
2611,2021-04,42
2611,2021-05,49
2611,2021-06,55
2611,2021-07,45
2611,2021-08,28
2611,2021-09,63
2611,2021-10,63
2611,2021-11,85
2611,2021-12,103
2611,2022-01,48
2611,2022-02,68
2611,2022-03,84
2611,2022-04,47
2611,2022-05,67
2611,2022-06,66
2611,2022-07,77
2611,2022-08,83
2611,2022-09,67
2611,2022-10,88
2611,2022-11,114
2611,2022-12,122
2611,2023-01,68
2611,2023-02,93
2611,2023-03,97
2611,2023-04,78
2611,2023-05,91
2611,2023-06,86
2611,2023-07,106
2611,2023-08,111
2611,2023-09,113
2611,2023-10,71
2611,2023-11,68
2611,2023-12,68
2611,2024-01,35
2611,2024-02,46
2611,2024-03,52
2611,2024-04,45
2611,2024-05,61
2611,2024-06,45
2611,2024-07,70
2611,2024-08,52
2611,2024-09,49
2611,2024-10,45
2611,2024-11,55
2611,2024-12,87
2611,2025-01,27
2611,2025-02,41
2611,2025-03,76
2611,2025-04,41
2611,2025-05,52
2611,2025-06,34
2611,2025-07,48
2611,2025-08,57
2611,2025-09,56
2611,2025-10,57
2611,2025-11,46
2611,2025-12,18
2612,2007-01,1
2612,2007-02,0
2612,2007-03,0
2612,2007-04,0
2612,2007-05,0
2612,2007-06,1
2612,2007-07,0
2612,2007-08,0
2612,2007-09,0
2612,2007-10,0
2612,2007-11,1
2612,2007-12,0
2612,2008-01,2
2612,2008-02,0
2612,2008-03,1
2612,2008-04,0
2612,2008-05,0
2612,2008-06,0
2612,2008-07,2
2612,2008-08,1
2612,2008-09,0
2612,2008-10,0
2612,2008-11,2
2612,2008-12,1
2612,2009-01,0
2612,2009-02,1
2612,2009-03,1
2612,2009-04,2
2612,2009-05,2
2612,2009-06,0
2612,2009-07,1
2612,2009-08,1
2612,2009-09,3
2612,2009-10,4
2612,2009-11,2
2612,2009-12,0
2612,2010-01,0
2612,2010-02,3
2612,2010-03,4
2612,2010-04,7
2612,2010-05,8
2612,2010-06,8
2612,2010-07,3
2612,2010-08,2
2612,2010-09,1
2612,2010-10,3
2612,2010-11,5
2612,2010-12,2
2612,2011-01,4
2612,2011-02,3
2612,2011-03,11
2612,2011-04,12
2612,2011-05,19
2612,2011-06,33
2612,2011-07,4
2612,2011-08,5
2612,2011-09,4
2612,2011-10,4
2612,2011-11,0
2612,2011-12,0
2612,2012-01,1
2612,2012-02,1
2612,2012-03,0
2612,2012-04,0
2612,2012-05,0
2612,2012-06,3
2612,2012-07,2
2612,2012-08,1
2612,2012-09,2
2612,2012-10,1
2612,2012-11,1
2612,2012-12,3
2612,2013-01,1
2612,2013-02,0
2612,2013-03,3
2612,2013-04,2
2612,2013-05,3
2612,2013-06,2
2612,2013-07,4
2612,2013-08,2
2612,2013-09,5
2612,2013-10,2
2612,2013-11,0
2612,2013-12,0
2612,2014-01,1
2612,2014-02,1
2612,2014-03,1
2612,2014-04,0
2612,2014-05,0
2612,2014-06,1
2612,2014-07,2
2612,2014-08,2
2612,2014-09,0
2612,2014-10,2
2612,2014-11,3
2612,2014-12,0
2612,2015-01,2
2612,2015-02,0
2612,2015-03,1
2612,2015-04,1
2612,2015-05,3
2612,2015-06,2
2612,2015-07,2
2612,2015-08,2
2612,2015-09,0
2612,2015-10,2
2612,2015-11,1
2612,2015-12,6
2612,2016-01,2
2612,2016-02,0
2612,2016-03,0
2612,2016-04,0
2612,2016-05,2
2612,2016-06,1
2612,2016-07,2
2612,2016-08,1
2612,2016-09,5
2612,2016-10,4
2612,2016-11,1
2612,2016-12,2
2612,2017-01,3
2612,2017-02,2
2612,2017-03,2
2612,2017-04,1
2612,2017-05,3
2612,2017-06,2
2612,2017-07,1
2612,2017-08,1
2612,2017-09,0
2612,2017-10,5
2612,2017-11,3
2612,2017-12,3
2612,2018-01,2
2612,2018-02,4
2612,2018-03,3
2612,2018-04,7
2612,2018-05,5
2612,2018-06,6
2612,2018-07,4
2612,2018-08,1
2612,2018-09,3
2612,2018-10,1
2612,2018-11,5
2612,2018-12,3
2612,2019-01,1
2612,2019-02,7
2612,2019-03,1
2612,2019-04,4
2612,2019-05,11
2612,2019-06,7
2612,2019-07,7
2612,2019-08,5
2612,2019-09,8
2612,2019-10,4
2612,2019-11,10
2612,2019-12,5
2612,2020-01,2
2612,2020-02,7
2612,2020-03,19
2612,2020-04,7
2612,2020-05,8
2612,2020-06,5
2612,2020-07,4
2612,2020-08,7
2612,2020-09,5
2612,2020-10,11
2612,2020-11,12
2612,2020-12,8
2612,2021-01,8
2612,2021-02,5
2612,2021-03,7
2612,2021-04,8
2612,2021-05,5
2612,2021-06,4
2612,2021-07,4
2612,2021-08,2
2612,2021-09,7
2612,2021-10,7
2612,2021-11,12
2612,2021-12,8
2612,2022-01,4
2612,2022-02,8
2612,2022-03,8
2612,2022-04,15
2612,2022-05,7
2612,2022-06,5
2612,2022-07,3
2612,2022-08,9
2612,2022-09,3
2612,2022-10,6
2612,2022-11,18
2612,2022-12,10
2612,2023-01,5
2612,2023-02,4
2612,2023-03,9
2612,2023-04,6
2612,2023-05,4
2612,2023-06,6
2612,2023-07,9
2612,2023-08,7
2612,2023-09,5
2612,2023-10,4
2612,2023-11,8
2612,2023-12,8
2612,2024-01,5
2612,2024-02,9
2612,2024-03,10
2612,2024-04,7
2612,2024-05,7
2612,2024-06,4
2612,2024-07,7
2612,2024-08,3
2612,2024-09,6
2612,2024-10,8
2612,2024-11,7
2612,2024-12,7
2612,2025-01,5
2612,2025-02,8
2612,2025-03,5
2612,2025-04,5
2612,2025-05,10
2612,2025-06,8
2612,2025-07,5
2612,2025-08,2
2612,2025-09,4
2612,2025-10,9
2612,2025-11,8
2612,2025-12,7
2614,2007-01,0
2614,2007-02,0
2614,2007-03,0
2614,2007-04,0
2614,2007-05,0
2614,2007-06,0
2614,2007-07,0
2614,2007-08,1
2614,2007-09,1
2614,2007-10,1
2614,2007-11,0
2614,2007-12,1
2614,2008-01,1
2614,2008-02,1
2614,2008-03,1
2614,2008-04,0
2614,2008-05,1
2614,2008-06,2
2614,2008-07,6
2614,2008-08,4
2614,2008-09,9
2614,2008-10,2
2614,2008-11,3
2614,2008-12,3
2614,2009-01,4
2614,2009-02,4
2614,2009-03,0
2614,2009-04,8
2614,2009-05,2
2614,2009-06,5
2614,2009-07,2
2614,2009-08,6
2614,2009-09,11
2614,2009-10,10
2614,2009-11,10
2614,2009-12,8
2614,2010-01,7
2614,2010-02,17
2614,2010-03,19
2614,2010-04,17
2614,2010-05,21
2614,2010-06,23
2614,2010-07,4
2614,2010-08,9
2614,2010-09,6
2614,2010-10,8
2614,2010-11,12
2614,2010-12,12
2614,2011-01,11
2614,2011-02,31
2614,2011-03,35
2614,2011-04,33
2614,2011-05,81
2614,2011-06,122
2614,2011-07,19
2614,2011-08,19
2614,2011-09,14
2614,2011-10,4
2614,2011-11,3
2614,2011-12,5
2614,2012-01,1
2614,2012-02,3
2614,2012-03,7
2614,2012-04,10
2614,2012-05,15
2614,2012-06,13
2614,2012-07,3
2614,2012-08,2
2614,2012-09,1
2614,2012-10,3
2614,2012-11,6
2614,2012-12,8
2614,2013-01,9
2614,2013-02,7
2614,2013-03,8
2614,2013-04,8
2614,2013-05,5
2614,2013-06,7
2614,2013-07,20
2614,2013-08,30
2614,2013-09,36
2614,2013-10,7
2614,2013-11,10
2614,2013-12,7
2614,2014-01,4
2614,2014-02,1
2614,2014-03,0
2614,2014-04,2
2614,2014-05,2
2614,2014-06,7
2614,2014-07,5
2614,2014-08,5
2614,2014-09,13
2614,2014-10,10
2614,2014-11,11
2614,2014-12,5
2614,2015-01,5
2614,2015-02,3
2614,2015-03,3
2614,2015-04,6
2614,2015-05,7
2614,2015-06,2
2614,2015-07,7
2614,2015-08,5
2614,2015-09,5
2614,2015-10,1
2614,2015-11,5
2614,2015-12,7
2614,2016-01,4
2614,2016-02,6
2614,2016-03,5
2614,2016-04,7
2614,2016-05,7
2614,2016-06,3
2614,2016-07,8
2614,2016-08,2
2614,2016-09,6
2614,2016-10,7
2614,2016-11,2
2614,2016-12,4
2614,2017-01,6
2614,2017-02,8
2614,2017-03,8
2614,2017-04,7
2614,2017-05,6
2614,2017-06,5
2614,2017-07,7
2614,2017-08,8
2614,2017-09,21
2614,2017-10,14
2614,2017-11,12
2614,2017-12,11
2614,2018-01,5
2614,2018-02,13
2614,2018-03,23
2614,2018-04,14
2614,2018-05,13
2614,2018-06,11
2614,2018-07,19
2614,2018-08,21
2614,2018-09,13
2614,2018-10,9
2614,2018-11,12
2614,2018-12,19
2614,2019-01,13
2614,2019-02,17
2614,2019-03,14
2614,2019-04,12
2614,2019-05,14
2614,2019-06,7
2614,2019-07,10
2614,2019-08,10
2614,2019-09,11
2614,2019-10,18
2614,2019-11,13
2614,2019-12,20
2614,2020-01,10
2614,2020-02,14
2614,2020-03,14
2614,2020-04,10
2614,2020-05,31
2614,2020-06,20
2614,2020-07,30
2614,2020-08,24
2614,2020-09,22
2614,2020-10,22
2614,2020-11,34
2614,2020-12,27
2614,2021-01,23
2614,2021-02,30
2614,2021-03,28
2614,2021-04,19
2614,2021-05,26
2614,2021-06,17
2614,2021-07,32
2614,2021-08,20
2614,2021-09,25
2614,2021-10,23
2614,2021-11,20
2614,2021-12,28
2614,2022-01,26
2614,2022-02,36
2614,2022-03,40
2614,2022-04,40
2614,2022-05,43
2614,2022-06,35
2614,2022-07,33
2614,2022-08,38
2614,2022-09,40
2614,2022-10,25
2614,2022-11,37
2614,2022-12,29
2614,2023-01,32
2614,2023-02,30
2614,2023-03,34
2614,2023-04,27
2614,2023-05,47
2614,2023-06,31
2614,2023-07,35
2614,2023-08,27
2614,2023-09,32
2614,2023-10,28
2614,2023-11,27
2614,2023-12,22
2614,2024-01,10
2614,2024-02,15
2614,2024-03,14
2614,2024-04,17
2614,2024-05,16
2614,2024-06,16
2614,2024-07,22
2614,2024-08,18
2614,2024-09,23
2614,2024-10,22
2614,2024-11,33
2614,2024-12,17
2614,2025-01,10
2614,2025-02,13
2614,2025-03,19
2614,2025-04,14
2614,2025-05,10
2614,2025-06,10
2614,2025-07,23
2614,2025-08,19
2614,2025-09,16
2614,2025-10,24
2614,2025-11,17
2614,2025-12,15
2615,2007-01,0
2615,2007-02,0
2615,2007-03,0
2615,2007-04,0
2615,2007-05,2
2615,2007-06,0
2615,2007-07,1
2615,2007-08,0
2615,2007-09,1
2615,2007-10,1
2615,2007-11,2
2615,2007-12,1
2615,2008-01,4
2615,2008-02,2
2615,2008-03,0
2615,2008-04,2
2615,2008-05,0
2615,2008-06,1
2615,2008-07,0
2615,2008-08,2
2615,2008-09,3
2615,2008-10,4
2615,2008-11,4
2615,2008-12,1
2615,2009-01,5
2615,2009-02,3
2615,2009-03,5
2615,2009-04,5
2615,2009-05,2
2615,2009-06,2
2615,2009-07,7
2615,2009-08,15
2615,2009-09,15
2615,2009-10,21
2615,2009-11,14
2615,2009-12,15
2615,2010-01,7
2615,2010-02,17
2615,2010-03,20
2615,2010-04,30
2615,2010-05,28
2615,2010-06,36
2615,2010-07,22
2615,2010-08,19
2615,2010-09,15
2615,2010-10,14
2615,2010-11,21
2615,2010-12,27
2615,2011-01,30
2615,2011-02,73
2615,2011-03,71
2615,2011-04,67
2615,2011-05,200
2615,2011-06,299
2615,2011-07,54
2615,2011-08,41
2615,2011-09,22
2615,2011-10,13
2615,2011-11,14
2615,2011-12,12
2615,2012-01,8
2615,2012-02,8
2615,2012-03,22
2615,2012-04,15
2615,2012-05,27
2615,2012-06,48
2615,2012-07,12
2615,2012-08,13
2615,2012-09,8
2615,2012-10,19
2615,2012-11,19
2615,2012-12,19
2615,2013-01,12
2615,2013-02,17
2615,2013-03,13
2615,2013-04,9
2615,2013-05,17
2615,2013-06,14
2615,2013-07,34
2615,2013-08,64
2615,2013-09,66
2615,2013-10,24
2615,2013-11,14
2615,2013-12,13
2615,2014-01,6
2615,2014-02,8
2615,2014-03,13
2615,2014-04,4
2615,2014-05,11
2615,2014-06,12
2615,2014-07,15
2615,2014-08,10
2615,2014-09,16
2615,2014-10,18
2615,2014-11,17
2615,2014-12,13
2615,2015-01,11
2615,2015-02,17
2615,2015-03,7
2615,2015-04,10
2615,2015-05,10
2615,2015-06,8
2615,2015-07,9
2615,2015-08,12
2615,2015-09,3
2615,2015-10,11
2615,2015-11,8
2615,2015-12,11
2615,2016-01,10
2615,2016-02,6
2615,2016-03,8
2615,2016-04,8
2615,2016-05,10
2615,2016-06,8
2615,2016-07,9
2615,2016-08,8
2615,2016-09,3
2615,2016-10,10
2615,2016-11,8
2615,2016-12,7
2615,2017-01,8
2615,2017-02,11
2615,2017-03,14
2615,2017-04,13
2615,2017-05,6
2615,2017-06,13
2615,2017-07,25
2615,2017-08,23
2615,2017-09,30
2615,2017-10,24
2615,2017-11,39
2615,2017-12,19
2615,2018-01,21
2615,2018-02,21
2615,2018-03,26
2615,2018-04,33
2615,2018-05,36
2615,2018-06,19
2615,2018-07,40
2615,2018-08,42
2615,2018-09,38
2615,2018-10,38
2615,2018-11,42
2615,2018-12,23
2615,2019-01,19
2615,2019-02,41
2615,2019-03,31
2615,2019-04,44
2615,2019-05,26
2615,2019-06,23
2615,2019-07,29
2615,2019-08,24
2615,2019-09,32
2615,2019-10,55
2615,2019-11,68
2615,2019-12,44
2615,2020-01,32
2615,2020-02,49
2615,2020-03,56
2615,2020-04,60
2615,2020-05,56
2615,2020-06,68
2615,2020-07,77
2615,2020-08,87
2615,2020-09,80
2615,2020-10,84
2615,2020-11,95
2615,2020-12,74
2615,2021-01,53
2615,2021-02,57
2615,2021-03,84
2615,2021-04,84
2615,2021-05,72
2615,2021-06,74
2615,2021-07,64
2615,2021-08,42
2615,2021-09,103
2615,2021-10,85
2615,2021-11,91
2615,2021-12,115
2615,2022-01,75
2615,2022-02,102
2615,2022-03,107
2615,2022-04,72
2615,2022-05,96
2615,2022-06,111
2615,2022-07,105
2615,2022-08,110
2615,2022-09,119
2615,2022-10,114
2615,2022-11,136
2615,2022-12,116
2615,2023-01,74
2615,2023-02,109
2615,2023-03,104
2615,2023-04,90
2615,2023-05,115
2615,2023-06,77
2615,2023-07,109
2615,2023-08,87
2615,2023-09,77
2615,2023-10,100
2615,2023-11,78
2615,2023-12,64
2615,2024-01,62
2615,2024-02,57
2615,2024-03,54
2615,2024-04,57
2615,2024-05,55
2615,2024-06,44
2615,2024-07,65
2615,2024-08,71
2615,2024-09,75
2615,2024-10,79
2615,2024-11,71
2615,2024-12,64
2615,2025-01,35
2615,2025-02,32
2615,2025-03,47
2615,2025-04,43
2615,2025-05,52
2615,2025-06,35
2615,2025-07,54
2615,2025-08,46
2615,2025-09,47
2615,2025-10,45
2615,2025-11,37
2615,2025-12,31
2616,2007-01,0
2616,2007-02,0
2616,2007-03,0
2616,2007-04,0
2616,2007-05,0
2616,2007-06,0
2616,2007-07,0
2616,2007-08,0
2616,2007-09,0
2616,2007-10,0
2616,2007-11,0
2616,2007-12,0
2616,2008-01,0
2616,2008-02,0
2616,2008-03,0
2616,2008-04,0
2616,2008-05,0
2616,2008-06,0
2616,2008-07,0
2616,2008-08,0
2616,2008-09,0
2616,2008-10,0
2616,2008-11,0
2616,2008-12,0
2616,2009-01,0
2616,2009-02,0
2616,2009-03,0
2616,2009-04,0
2616,2009-05,0
2616,2009-06,0
2616,2009-07,0
2616,2009-08,0
2616,2009-09,0
2616,2009-10,0
2616,2009-11,0
2616,2009-12,0
2616,2010-01,0
2616,2010-02,0
2616,2010-03,0
2616,2010-04,0
2616,2010-05,0
2616,2010-06,0
2616,2010-07,1
2616,2010-08,0
2616,2010-09,0
2616,2010-10,0
2616,2010-11,0
2616,2010-12,0
2616,2011-01,1
2616,2011-02,0
2616,2011-03,1
2616,2011-04,0
2616,2011-05,0
2616,2011-06,2
2616,2011-07,0
2616,2011-08,0
2616,2011-09,0
2616,2011-10,0
2616,2011-11,0
2616,2011-12,0
2616,2012-01,0
2616,2012-02,0
2616,2012-03,0
2616,2012-04,0
2616,2012-05,0
2616,2012-06,0
2616,2012-07,0
2616,2012-08,0
2616,2012-09,0
2616,2012-10,0
2616,2012-11,0
2616,2012-12,0
2616,2013-01,0
2616,2013-02,0
2616,2013-03,0
2616,2013-04,0
2616,2013-05,0
2616,2013-06,0
2616,2013-07,0
2616,2013-08,0
2616,2013-09,0
2616,2013-10,0
2616,2013-11,0
2616,2013-12,0
2616,2014-01,0
2616,2014-02,0
2616,2014-03,0
2616,2014-04,0
2616,2014-05,0
2616,2014-06,0
2616,2014-07,0
2616,2014-08,0
2616,2014-09,0
2616,2014-10,0
2616,2014-11,0
2616,2014-12,0
2616,2015-01,0
2616,2015-02,0
2616,2015-03,0
2616,2015-04,0
2616,2015-05,0
2616,2015-06,0
2616,2015-07,0
2616,2015-08,0
2616,2015-09,0
2616,2015-10,0
2616,2015-11,0
2616,2015-12,0
2616,2016-01,0
2616,2016-02,0
2616,2016-03,0
2616,2016-04,0
2616,2016-05,1
2616,2016-06,1
2616,2016-07,0
2616,2016-08,0
2616,2016-09,0
2616,2016-10,0
2616,2016-11,0
2616,2016-12,0
2616,2017-01,0
2616,2017-02,0
2616,2017-03,0
2616,2017-04,0
2616,2017-05,0
2616,2017-06,0
2616,2017-07,0
2616,2017-08,0
2616,2017-09,0
2616,2017-10,0
2616,2017-11,0
2616,2017-12,0
2616,2018-01,0
2616,2018-02,0
2616,2018-03,0
2616,2018-04,0
2616,2018-05,0
2616,2018-06,0
2616,2018-07,0
2616,2018-08,0
2616,2018-09,1
2616,2018-10,1
2616,2018-11,0
2616,2018-12,0
2616,2019-01,0
2616,2019-02,0
2616,2019-03,0
2616,2019-04,0
2616,2019-05,0
2616,2019-06,0
2616,2019-07,0
2616,2019-08,0
2616,2019-09,0
2616,2019-10,0
2616,2019-11,0
2616,2019-12,0
2616,2020-01,0
2616,2020-02,0
2616,2020-03,0
2616,2020-04,0
2616,2020-05,0
2616,2020-06,0
2616,2020-07,0
2616,2020-08,0
2616,2020-09,0
2616,2020-10,0
2616,2020-11,0
2616,2020-12,0
2616,2021-01,0
2616,2021-02,0
2616,2021-03,0
2616,2021-04,0
2616,2021-05,0
2616,2021-06,0
2616,2021-07,0
2616,2021-08,0
2616,2021-09,0
2616,2021-10,0
2616,2021-11,0
2616,2021-12,0
2616,2022-01,0
2616,2022-02,0
2616,2022-03,0
2616,2022-04,1
2616,2022-05,0
2616,2022-06,0
2616,2022-07,0
2616,2022-08,0
2616,2022-09,0
2616,2022-10,0
2616,2022-11,0
2616,2022-12,0
2616,2023-01,0
2616,2023-02,0
2616,2023-03,0
2616,2023-04,0
2616,2023-05,0
2616,2023-06,0
2616,2023-07,2
2616,2023-08,0
2616,2023-09,0
2616,2023-10,1
2616,2023-11,0
2616,2023-12,0
2616,2024-01,0
2616,2024-02,0
2616,2024-03,0
2616,2024-04,0
2616,2024-05,0
2616,2024-06,0
2616,2024-07,0
2616,2024-08,0
2616,2024-09,0
2616,2024-10,0
2616,2024-11,0
2616,2024-12,0
2616,2025-01,0
2616,2025-02,0
2616,2025-03,0
2616,2025-04,0
2616,2025-05,0
2616,2025-06,0
2616,2025-07,0
2616,2025-08,0
2616,2025-09,0
2616,2025-10,0
2616,2025-11,0
2616,2025-12,0
2617,2007-01,0
2617,2007-02,0
2617,2007-03,0
2617,2007-04,0
2617,2007-05,0
2617,2007-06,0
2617,2007-07,1
2617,2007-08,0
2617,2007-09,0
2617,2007-10,0
2617,2007-11,0
2617,2007-12,1
2617,2008-01,1
2617,2008-02,6
2617,2008-03,1
2617,2008-04,4
2617,2008-05,1
2617,2008-06,2
2617,2008-07,0
2617,2008-08,4
2617,2008-09,2
2617,2008-10,4
2617,2008-11,2
2617,2008-12,2
2617,2009-01,1
2617,2009-02,1
2617,2009-03,1
2617,2009-04,6
2617,2009-05,3
2617,2009-06,5
2617,2009-07,3
2617,2009-08,5
2617,2009-09,8
2617,2009-10,10
2617,2009-11,4
2617,2009-12,7
2617,2010-01,6
2617,2010-02,13
2617,2010-03,22
2617,2010-04,21
2617,2010-05,17
2617,2010-06,27
2617,2010-07,6
2617,2010-08,14
2617,2010-09,13
2617,2010-10,13
2617,2010-11,14
2617,2010-12,9
2617,2011-01,17
2617,2011-02,30
2617,2011-03,44
2617,2011-04,53
2617,2011-05,119
2617,2011-06,194
2617,2011-07,31
2617,2011-08,26
2617,2011-09,22
2617,2011-10,16
2617,2011-11,7
2617,2011-12,5
2617,2012-01,3
2617,2012-02,4
2617,2012-03,11
2617,2012-04,32
2617,2012-05,25
2617,2012-06,35
2617,2012-07,5
2617,2012-08,7
2617,2012-09,14
2617,2012-10,8
2617,2012-11,10
2617,2012-12,16
2617,2013-01,6
2617,2013-02,8
2617,2013-03,13
2617,2013-04,8
2617,2013-05,7
2617,2013-06,5
2617,2013-07,22
2617,2013-08,35
2617,2013-09,40
2617,2013-10,7
2617,2013-11,5
2617,2013-12,6
2617,2014-01,4
2617,2014-02,6
2617,2014-03,7
2617,2014-04,4
2617,2014-05,4
2617,2014-06,7
2617,2014-07,11
2617,2014-08,4
2617,2014-09,10
2617,2014-10,16
2617,2014-11,11
2617,2014-12,8
2617,2015-01,8
2617,2015-02,3
2617,2015-03,6
2617,2015-04,6
2617,2015-05,5
2617,2015-06,4
2617,2015-07,6
2617,2015-08,5
2617,2015-09,5
2617,2015-10,3
2617,2015-11,5
2617,2015-12,5
2617,2016-01,6
2617,2016-02,8
2617,2016-03,2
2617,2016-04,4
2617,2016-05,4
2617,2016-06,4
2617,2016-07,4
2617,2016-08,10
2617,2016-09,5
2617,2016-10,6
2617,2016-11,7
2617,2016-12,7
2617,2017-01,6
2617,2017-02,5
2617,2017-03,11
2617,2017-04,7
2617,2017-05,13
2617,2017-06,8
2617,2017-07,9
2617,2017-08,14
2617,2017-09,7
2617,2017-10,8
2617,2017-11,10
2617,2017-12,13
2617,2018-01,14
2617,2018-02,11
2617,2018-03,26
2617,2018-04,24
2617,2018-05,23
2617,2018-06,25
2617,2018-07,21
2617,2018-08,17
2617,2018-09,21
2617,2018-10,12
2617,2018-11,21
2617,2018-12,18
2617,2019-01,19
2617,2019-02,25
2617,2019-03,12
2617,2019-04,17
2617,2019-05,19
2617,2019-06,20
2617,2019-07,24
2617,2019-08,16
2617,2019-09,19
2617,2019-10,17
2617,2019-11,27
2617,2019-12,32
2617,2020-01,20
2617,2020-02,24
2617,2020-03,37
2617,2020-04,13
2617,2020-05,34
2617,2020-06,23
2617,2020-07,32
2617,2020-08,32
2617,2020-09,31
2617,2020-10,41
2617,2020-11,34
2617,2020-12,50
2617,2021-01,20
2617,2021-02,37
2617,2021-03,33
2617,2021-04,28
2617,2021-05,40
2617,2021-06,35
2617,2021-07,29
2617,2021-08,16
2617,2021-09,26
2617,2021-10,21
2617,2021-11,55
2617,2021-12,45
2617,2022-01,26
2617,2022-02,48
2617,2022-03,50
2617,2022-04,27
2617,2022-05,43
2617,2022-06,55
2617,2022-07,40
2617,2022-08,37
2617,2022-09,100
2617,2022-10,56
2617,2022-11,55
2617,2022-12,44
2617,2023-01,37
2617,2023-02,37
2617,2023-03,66
2617,2023-04,39
2617,2023-05,51
2617,2023-06,42
2617,2023-07,44
2617,2023-08,49
2617,2023-09,35
2617,2023-10,52
2617,2023-11,21
2617,2023-12,42
2617,2024-01,17
2617,2024-02,26
2617,2024-03,17
2617,2024-04,22
2617,2024-05,14
2617,2024-06,15
2617,2024-07,22
2617,2024-08,14
2617,2024-09,25
2617,2024-10,42
2617,2024-11,30
2617,2024-12,32
2617,2025-01,11
2617,2025-02,22
2617,2025-03,16
2617,2025-04,20
2617,2025-05,12
2617,2025-06,9
2617,2025-07,26
2617,2025-08,27
2617,2025-09,23
2617,2025-10,27
2617,2025-11,14
2617,2025-12,12
2900,2007-01,0
2900,2007-02,0
2900,2007-03,0
2900,2007-04,0
2900,2007-05,0
2900,2007-06,0
2900,2007-07,0
2900,2007-08,0
2900,2007-09,0
2900,2007-10,0
2900,2007-11,0
2900,2007-12,0
2900,2008-01,0
2900,2008-02,0
2900,2008-03,0
2900,2008-04,0
2900,2008-05,0
2900,2008-06,0
2900,2008-07,0
2900,2008-08,0
2900,2008-09,0
2900,2008-10,0
2900,2008-11,0
2900,2008-12,0
2900,2009-01,0
2900,2009-02,0
2900,2009-03,0
2900,2009-04,0
2900,2009-05,0
2900,2009-06,0
2900,2009-07,0
2900,2009-08,0
2900,2009-09,0
2900,2009-10,0
2900,2009-11,0
2900,2009-12,0
2900,2010-01,0
2900,2010-02,0
2900,2010-03,1
2900,2010-04,1
2900,2010-05,1
2900,2010-06,0
2900,2010-07,0
2900,2010-08,0
2900,2010-09,0
2900,2010-10,0
2900,2010-11,1
2900,2010-12,2
2900,2011-01,3
2900,2011-02,0
2900,2011-03,1
2900,2011-04,3
2900,2011-05,8
2900,2011-06,8
2900,2011-07,1
2900,2011-08,0
2900,2011-09,3
2900,2011-10,1
2900,2011-11,0
2900,2011-12,0
2900,2012-01,1
2900,2012-02,0
2900,2012-03,0
2900,2012-04,0
2900,2012-05,2
2900,2012-06,1
2900,2012-07,1
2900,2012-08,1
2900,2012-09,1
2900,2012-10,0
2900,2012-11,0
2900,2012-12,0
2900,2013-01,0
2900,2013-02,0
2900,2013-03,0
2900,2013-04,0
2900,2013-05,0
2900,2013-06,0
2900,2013-07,1
2900,2013-08,4
2900,2013-09,3
2900,2013-10,0
2900,2013-11,0
2900,2013-12,0
2900,2014-01,0
2900,2014-02,0
2900,2014-03,0
2900,2014-04,0
2900,2014-05,1
2900,2014-06,2
2900,2014-07,0
2900,2014-08,0
2900,2014-09,2
2900,2014-10,0
2900,2014-11,0
2900,2014-12,0
2900,2015-01,0
2900,2015-02,0
2900,2015-03,0
2900,2015-04,0
2900,2015-05,0
2900,2015-06,0
2900,2015-07,0
2900,2015-08,2
2900,2015-09,0
2900,2015-10,0
2900,2015-11,0
2900,2015-12,0
2900,2016-01,0
2900,2016-02,1
2900,2016-03,0
2900,2016-04,1
2900,2016-05,1
2900,2016-06,2
2900,2016-07,0
2900,2016-08,0
2900,2016-09,0
2900,2016-10,0
2900,2016-11,0
2900,2016-12,0
2900,2017-01,1
2900,2017-02,2
2900,2017-03,1
2900,2017-04,0
2900,2017-05,0
2900,2017-06,0
2900,2017-07,0
2900,2017-08,1
2900,2017-09,3
2900,2017-10,2
2900,2017-11,2
2900,2017-12,0
2900,2018-01,0
2900,2018-02,1
2900,2018-03,0
2900,2018-04,2
2900,2018-05,1
2900,2018-06,3
2900,2018-07,0
2900,2018-08,3
2900,2018-09,2
2900,2018-10,2
2900,2018-11,0
2900,2018-12,1
2900,2019-01,0
2900,2019-02,2
2900,2019-03,2
2900,2019-04,1
2900,2019-05,1
2900,2019-06,2
2900,2019-07,2
2900,2019-08,2
2900,2019-09,1
2900,2019-10,1
2900,2019-11,0
2900,2019-12,1
2900,2020-01,2
2900,2020-02,2
2900,2020-03,3
2900,2020-04,0
2900,2020-05,1
2900,2020-06,3
2900,2020-07,2
2900,2020-08,2
2900,2020-09,3
2900,2020-10,4
2900,2020-11,6
2900,2020-12,5
2900,2021-01,2
2900,2021-02,1
2900,2021-03,3
2900,2021-04,2
2900,2021-05,3
2900,2021-06,6
2900,2021-07,5
2900,2021-08,0
2900,2021-09,26
2900,2021-10,4
2900,2021-11,3
2900,2021-12,7
2900,2022-01,5
2900,2022-02,3
2900,2022-03,8
2900,2022-04,1
2900,2022-05,3
2900,2022-06,3
2900,2022-07,1
2900,2022-08,4
2900,2022-09,4
2900,2022-10,4
2900,2022-11,2
2900,2022-12,2
2900,2023-01,4
2900,2023-02,6
2900,2023-03,0
2900,2023-04,5
2900,2023-05,3
2900,2023-06,3
2900,2023-07,6
2900,2023-08,2
2900,2023-09,2
2900,2023-10,4
2900,2023-11,8
2900,2023-12,0
2900,2024-01,1
2900,2024-02,0
2900,2024-03,2
2900,2024-04,2
2900,2024-05,1
2900,2024-06,0
2900,2024-07,2
2900,2024-08,2
2900,2024-09,3
2900,2024-10,3
2900,2024-11,2
2900,2024-12,1
2900,2025-01,0
2900,2025-02,3
2900,2025-03,5
2900,2025-04,0
2900,2025-05,1
2900,2025-06,1
2900,2025-07,2
2900,2025-08,1
2900,2025-09,0
2900,2025-10,4
2900,2025-11,0
2900,2025-12,1
2901,2007-01,0
2901,2007-02,0
2901,2007-03,0
2901,2007-04,0
2901,2007-05,0
2901,2007-06,0
2901,2007-07,0
2901,2007-08,0
2901,2007-09,0
2901,2007-10,0
2901,2007-11,0
2901,2007-12,0
2901,2008-01,0
2901,2008-02,0
2901,2008-03,0
2901,2008-04,0
2901,2008-05,0
2901,2008-06,0
2901,2008-07,0
2901,2008-08,0
2901,2008-09,0
2901,2008-10,0
2901,2008-11,0
2901,2008-12,0
2901,2009-01,0
2901,2009-02,0
2901,2009-03,0
2901,2009-04,0
2901,2009-05,0
2901,2009-06,0
2901,2009-07,0
2901,2009-08,0
2901,2009-09,0
2901,2009-10,0
2901,2009-11,0
2901,2009-12,0
2901,2010-01,0
2901,2010-02,0
2901,2010-03,0
2901,2010-04,0
2901,2010-05,0
2901,2010-06,0
2901,2010-07,0
2901,2010-08,0
2901,2010-09,0
2901,2010-10,0
2901,2010-11,0
2901,2010-12,0
2901,2011-01,0
2901,2011-02,0
2901,2011-03,0
2901,2011-04,0
2901,2011-05,0
2901,2011-06,0
2901,2011-07,0
2901,2011-08,0
2901,2011-09,0
2901,2011-10,0
2901,2011-11,0
2901,2011-12,0
2901,2012-01,0
2901,2012-02,0
2901,2012-03,0
2901,2012-04,0
2901,2012-05,0
2901,2012-06,0
2901,2012-07,0
2901,2012-08,0
2901,2012-09,0
2901,2012-10,0
2901,2012-11,0
2901,2012-12,0
2901,2013-01,0
2901,2013-02,0
2901,2013-03,0
2901,2013-04,0
2901,2013-05,1
2901,2013-06,0
2901,2013-07,0
2901,2013-08,0
2901,2013-09,0
2901,2013-10,0
2901,2013-11,0
2901,2013-12,0
2901,2014-01,0
2901,2014-02,0
2901,2014-03,0
2901,2014-04,0
2901,2014-05,1
2901,2014-06,0
2901,2014-07,0
2901,2014-08,0
2901,2014-09,0
2901,2014-10,0
2901,2014-11,0
2901,2014-12,0
2901,2015-01,0
2901,2015-02,0
2901,2015-03,0
2901,2015-04,0
2901,2015-05,0
2901,2015-06,0
2901,2015-07,0
2901,2015-08,0
2901,2015-09,0
2901,2015-10,0
2901,2015-11,0
2901,2015-12,0
2901,2016-01,0
2901,2016-02,0
2901,2016-03,0
2901,2016-04,0
2901,2016-05,0
2901,2016-06,0
2901,2016-07,0
2901,2016-08,0
2901,2016-09,0
2901,2016-10,0
2901,2016-11,0
2901,2016-12,1
2901,2017-01,0
2901,2017-02,0
2901,2017-03,0
2901,2017-04,0
2901,2017-05,0
2901,2017-06,0
2901,2017-07,0
2901,2017-08,0
2901,2017-09,0
2901,2017-10,0
2901,2017-11,0
2901,2017-12,0
2901,2018-01,0
2901,2018-02,0
2901,2018-03,0
2901,2018-04,0
2901,2018-05,0
2901,2018-06,0
2901,2018-07,0
2901,2018-08,0
2901,2018-09,0
2901,2018-10,0
2901,2018-11,0
2901,2018-12,0
2901,2019-01,0
2901,2019-02,0
2901,2019-03,0
2901,2019-04,0
2901,2019-05,0
2901,2019-06,0
2901,2019-07,0
2901,2019-08,0
2901,2019-09,0
2901,2019-10,0
2901,2019-11,0
2901,2019-12,0
2901,2020-01,0
2901,2020-02,0
2901,2020-03,0
2901,2020-04,0
2901,2020-05,0
2901,2020-06,0
2901,2020-07,0
2901,2020-08,0
2901,2020-09,0
2901,2020-10,0
2901,2020-11,0
2901,2020-12,0
2901,2021-01,0
2901,2021-02,0
2901,2021-03,0
2901,2021-04,0
2901,2021-05,0
2901,2021-06,0
2901,2021-07,0
2901,2021-08,0
2901,2021-09,0
2901,2021-10,0
2901,2021-11,0
2901,2021-12,0
2901,2022-01,0
2901,2022-02,0
2901,2022-03,0
2901,2022-04,0
2901,2022-05,0
2901,2022-06,0
2901,2022-07,0
2901,2022-08,0
2901,2022-09,0
2901,2022-10,0
2901,2022-11,0
2901,2022-12,0
2901,2023-01,0
2901,2023-02,0
2901,2023-03,0
2901,2023-04,0
2901,2023-05,0
2901,2023-06,0
2901,2023-07,0
2901,2023-08,0
2901,2023-09,0
2901,2023-10,0
2901,2023-11,0
2901,2023-12,0
2901,2024-01,0
2901,2024-02,0
2901,2024-03,0
2901,2024-04,0
2901,2024-05,0
2901,2024-06,0
2901,2024-07,0
2901,2024-08,0
2901,2024-09,0
2901,2024-10,0
2901,2024-11,0
2901,2024-12,0
2901,2025-01,0
2901,2025-02,0
2901,2025-03,0
2901,2025-04,0
2901,2025-05,0
2901,2025-06,0
2901,2025-07,0
2901,2025-08,0
2901,2025-09,0
2901,2025-10,0
2901,2025-11,0
2901,2025-12,0
2902,2007-01,0
2902,2007-02,0
2902,2007-03,0
2902,2007-04,0
2902,2007-05,0
2902,2007-06,0
2902,2007-07,0
2902,2007-08,0
2902,2007-09,0
2902,2007-10,0
2902,2007-11,0
2902,2007-12,1
2902,2008-01,0
2902,2008-02,1
2902,2008-03,0
2902,2008-04,1
2902,2008-05,1
2902,2008-06,1
2902,2008-07,2
2902,2008-08,1
2902,2008-09,1
2902,2008-10,1
2902,2008-11,0
2902,2008-12,2
2902,2009-01,0
2902,2009-02,5
2902,2009-03,1
2902,2009-04,2
2902,2009-05,3
2902,2009-06,2
2902,2009-07,1
2902,2009-08,7
2902,2009-09,7
2902,2009-10,8
2902,2009-11,8
2902,2009-12,2
2902,2010-01,7
2902,2010-02,7
2902,2010-03,11
2902,2010-04,9
2902,2010-05,18
2902,2010-06,17
2902,2010-07,8
2902,2010-08,16
2902,2010-09,10
2902,2010-10,8
2902,2010-11,13
2902,2010-12,19
2902,2011-01,11
2902,2011-02,23
2902,2011-03,29
2902,2011-04,27
2902,2011-05,75
2902,2011-06,141
2902,2011-07,20
2902,2011-08,17
2902,2011-09,12
2902,2011-10,5
2902,2011-11,6
2902,2011-12,5
2902,2012-01,1
2902,2012-02,3
2902,2012-03,5
2902,2012-04,2
2902,2012-05,11
2902,2012-06,13
2902,2012-07,8
2902,2012-08,8
2902,2012-09,6
2902,2012-10,6
2902,2012-11,6
2902,2012-12,4
2902,2013-01,5
2902,2013-02,11
2902,2013-03,3
2902,2013-04,9
2902,2013-05,6
2902,2013-06,4
2902,2013-07,13
2902,2013-08,29
2902,2013-09,28
2902,2013-10,7
2902,2013-11,2
2902,2013-12,2
2902,2014-01,8
2902,2014-02,8
2902,2014-03,3
2902,2014-04,4
2902,2014-05,7
2902,2014-06,5
2902,2014-07,9
2902,2014-08,3
2902,2014-09,5
2902,2014-10,9
2902,2014-11,6
2902,2014-12,3
2902,2015-01,3
2902,2015-02,4
2902,2015-03,4
2902,2015-04,1
2902,2015-05,0
2902,2015-06,1
2902,2015-07,2
2902,2015-08,5
2902,2015-09,5
2902,2015-10,0
2902,2015-11,5
2902,2015-12,1
2902,2016-01,3
2902,2016-02,1
2902,2016-03,2
2902,2016-04,1
2902,2016-05,3
2902,2016-06,0
2902,2016-07,3
2902,2016-08,2
2902,2016-09,3
2902,2016-10,2
2902,2016-11,8
2902,2016-12,4
2902,2017-01,1
2902,2017-02,2
2902,2017-03,5
2902,2017-04,5
2902,2017-05,10
2902,2017-06,4
2902,2017-07,6
2902,2017-08,10
2902,2017-09,3
2902,2017-10,8
2902,2017-11,16
2902,2017-12,10
2902,2018-01,9
2902,2018-02,9
2902,2018-03,13
2902,2018-04,9
2902,2018-05,21
2902,2018-06,13
2902,2018-07,22
2902,2018-08,11
2902,2018-09,10
2902,2018-10,11
2902,2018-11,10
2902,2018-12,7
2902,2019-01,15
2902,2019-02,11
2902,2019-03,10
2902,2019-04,15
2902,2019-05,15
2902,2019-06,19
2902,2019-07,12
2902,2019-08,17
2902,2019-09,17
2902,2019-10,15
2902,2019-11,21
2902,2019-12,21
2902,2020-01,14
2902,2020-02,16
2902,2020-03,9
2902,2020-04,10
2902,2020-05,16
2902,2020-06,27
2902,2020-07,18
2902,2020-08,17
2902,2020-09,18
2902,2020-10,25
2902,2020-11,21
2902,2020-12,27
2902,2021-01,16
2902,2021-02,22
2902,2021-03,21
2902,2021-04,23
2902,2021-05,20
2902,2021-06,20
2902,2021-07,18
2902,2021-08,7
2902,2021-09,17
2902,2021-10,20
2902,2021-11,32
2902,2021-12,30
2902,2022-01,18
2902,2022-02,28
2902,2022-03,18
2902,2022-04,22
2902,2022-05,19
2902,2022-06,29
2902,2022-07,38
2902,2022-08,32
2902,2022-09,36
2902,2022-10,35
2902,2022-11,46
2902,2022-12,39
2902,2023-01,32
2902,2023-02,41
2902,2023-03,30
2902,2023-04,35
2902,2023-05,39
2902,2023-06,37
2902,2023-07,44
2902,2023-08,29
2902,2023-09,29
2902,2023-10,28
2902,2023-11,20
2902,2023-12,24
2902,2024-01,12
2902,2024-02,10
2902,2024-03,11
2902,2024-04,10
2902,2024-05,12
2902,2024-06,16
2902,2024-07,12
2902,2024-08,12
2902,2024-09,19
2902,2024-10,24
2902,2024-11,19
2902,2024-12,17
2902,2025-01,15
2902,2025-02,21
2902,2025-03,11
2902,2025-04,13
2902,2025-05,12
2902,2025-06,5
2902,2025-07,15
2902,2025-08,10
2902,2025-09,15
2902,2025-10,17
2902,2025-11,8
2902,2025-12,12
2903,2007-01,0
2903,2007-02,0
2903,2007-03,0
2903,2007-04,0
2903,2007-05,0
2903,2007-06,0
2903,2007-07,0
2903,2007-08,0
2903,2007-09,0
2903,2007-10,1
2903,2007-11,0
2903,2007-12,1
2903,2008-01,1
2903,2008-02,1
2903,2008-03,0
2903,2008-04,0
2903,2008-05,1
2903,2008-06,0
2903,2008-07,0
2903,2008-08,0
2903,2008-09,0
2903,2008-10,2
2903,2008-11,1
2903,2008-12,1
2903,2009-01,1
2903,2009-02,1
2903,2009-03,0
2903,2009-04,3
2903,2009-05,1
2903,2009-06,0
2903,2009-07,0
2903,2009-08,5
2903,2009-09,1
2903,2009-10,3
2903,2009-11,5
2903,2009-12,5
2903,2010-01,1
2903,2010-02,2
2903,2010-03,6
2903,2010-04,4
2903,2010-05,10
2903,2010-06,10
2903,2010-07,2
2903,2010-08,7
2903,2010-09,5
2903,2010-10,9
2903,2010-11,4
2903,2010-12,11
2903,2011-01,12
2903,2011-02,7
2903,2011-03,19
2903,2011-04,25
2903,2011-05,40
2903,2011-06,72
2903,2011-07,12
2903,2011-08,9
2903,2011-09,6
2903,2011-10,1
2903,2011-11,2
2903,2011-12,1
2903,2012-01,1
2903,2012-02,2
2903,2012-03,1
2903,2012-04,3
2903,2012-05,2
2903,2012-06,5
2903,2012-07,1
2903,2012-08,0
2903,2012-09,1
2903,2012-10,1
2903,2012-11,5
2903,2012-12,9
2903,2013-01,4
2903,2013-02,2
2903,2013-03,6
2903,2013-04,1
2903,2013-05,5
2903,2013-06,1
2903,2013-07,7
2903,2013-08,17
2903,2013-09,13
2903,2013-10,3
2903,2013-11,1
2903,2013-12,3
2903,2014-01,3
2903,2014-02,4
2903,2014-03,1
2903,2014-04,5
2903,2014-05,1
2903,2014-06,0
2903,2014-07,6
2903,2014-08,4
2903,2014-09,1
2903,2014-10,7
2903,2014-11,3
2903,2014-12,2
2903,2015-01,3
2903,2015-02,5
2903,2015-03,4
2903,2015-04,3
2903,2015-05,2
2903,2015-06,0
2903,2015-07,4
2903,2015-08,2
2903,2015-09,0
2903,2015-10,3
2903,2015-11,2
2903,2015-12,2
2903,2016-01,1
2903,2016-02,3
2903,2016-03,3
2903,2016-04,2
2903,2016-05,1
2903,2016-06,2
2903,2016-07,3
2903,2016-08,2
2903,2016-09,0
2903,2016-10,2
2903,2016-11,4
2903,2016-12,1
2903,2017-01,5
2903,2017-02,2
2903,2017-03,0
2903,2017-04,3
2903,2017-05,3
2903,2017-06,5
2903,2017-07,5
2903,2017-08,5
2903,2017-09,4
2903,2017-10,8
2903,2017-11,5
2903,2017-12,6
2903,2018-01,10
2903,2018-02,6
2903,2018-03,5
2903,2018-04,1
2903,2018-05,7
2903,2018-06,9
2903,2018-07,3
2903,2018-08,6
2903,2018-09,9
2903,2018-10,9
2903,2018-11,12
2903,2018-12,5
2903,2019-01,5
2903,2019-02,8
2903,2019-03,9
2903,2019-04,4
2903,2019-05,5
2903,2019-06,4
2903,2019-07,9
2903,2019-08,7
2903,2019-09,11
2903,2019-10,12
2903,2019-11,17
2903,2019-12,5
2903,2020-01,6
2903,2020-02,7
2903,2020-03,5
2903,2020-04,6
2903,2020-05,10
2903,2020-06,11
2903,2020-07,11
2903,2020-08,10
2903,2020-09,14
2903,2020-10,17
2903,2020-11,12
2903,2020-12,18
2903,2021-01,14
2903,2021-02,13
2903,2021-03,11
2903,2021-04,13
2903,2021-05,15
2903,2021-06,12
2903,2021-07,13
2903,2021-08,6
2903,2021-09,12
2903,2021-10,15
2903,2021-11,16
2903,2021-12,15
2903,2022-01,7
2903,2022-02,11
2903,2022-03,22
2903,2022-04,7
2903,2022-05,17
2903,2022-06,11
2903,2022-07,24
2903,2022-08,14
2903,2022-09,12
2903,2022-10,11
2903,2022-11,29
2903,2022-12,26
2903,2023-01,20
2903,2023-02,27
2903,2023-03,22
2903,2023-04,18
2903,2023-05,31
2903,2023-06,23
2903,2023-07,27
2903,2023-08,23
2903,2023-09,13
2903,2023-10,17
2903,2023-11,6
2903,2023-12,10
2903,2024-01,5
2903,2024-02,6
2903,2024-03,8
2903,2024-04,6
2903,2024-05,6
2903,2024-06,9
2903,2024-07,11
2903,2024-08,8
2903,2024-09,11
2903,2024-10,17
2903,2024-11,10
2903,2024-12,9
2903,2025-01,5
2903,2025-02,11
2903,2025-03,15
2903,2025-04,6
2903,2025-05,8
2903,2025-06,4
2903,2025-07,9
2903,2025-08,6
2903,2025-09,5
2903,2025-10,2
2903,2025-11,13
2903,2025-12,4
2904,2007-01,0
2904,2007-02,0
2904,2007-03,0
2904,2007-04,0
2904,2007-05,0
2904,2007-06,0
2904,2007-07,0
2904,2007-08,0
2904,2007-09,0
2904,2007-10,0
2904,2007-11,1
2904,2007-12,0
2904,2008-01,0
2904,2008-02,0
2904,2008-03,0
2904,2008-04,1
2904,2008-05,0
2904,2008-06,1
2904,2008-07,0
2904,2008-08,1
2904,2008-09,3
2904,2008-10,2
2904,2008-11,0
2904,2008-12,0
2904,2009-01,0
2904,2009-02,1
2904,2009-03,1
2904,2009-04,1
2904,2009-05,0
2904,2009-06,1
2904,2009-07,0
2904,2009-08,3
2904,2009-09,6
2904,2009-10,5
2904,2009-11,3
2904,2009-12,2
2904,2010-01,4
2904,2010-02,5
2904,2010-03,6
2904,2010-04,72
2904,2010-05,11
2904,2010-06,11
2904,2010-07,6
2904,2010-08,4
2904,2010-09,3
2904,2010-10,7
2904,2010-11,15
2904,2010-12,6
2904,2011-01,9
2904,2011-02,28
2904,2011-03,30
2904,2011-04,28
2904,2011-05,112
2904,2011-06,143
2904,2011-07,41
2904,2011-08,10
2904,2011-09,7
2904,2011-10,8
2904,2011-11,0
2904,2011-12,0
2904,2012-01,1
2904,2012-02,7
2904,2012-03,38
2904,2012-04,3
2904,2012-05,6
2904,2012-06,14
2904,2012-07,2
2904,2012-08,2
2904,2012-09,3
2904,2012-10,9
2904,2012-11,6
2904,2012-12,8
2904,2013-01,3
2904,2013-02,5
2904,2013-03,3
2904,2013-04,6
2904,2013-05,5
2904,2013-06,1
2904,2013-07,11
2904,2013-08,23
2904,2013-09,13
2904,2013-10,3
2904,2013-11,4
2904,2013-12,2
2904,2014-01,2
2904,2014-02,4
2904,2014-03,2
2904,2014-04,2
2904,2014-05,5
2904,2014-06,5
2904,2014-07,6
2904,2014-08,5
2904,2014-09,6
2904,2014-10,7
2904,2014-11,3
2904,2014-12,0
2904,2015-01,6
2904,2015-02,5
2904,2015-03,1
2904,2015-04,1
2904,2015-05,3
2904,2015-06,3
2904,2015-07,8
2904,2015-08,6
2904,2015-09,2
2904,2015-10,2
2904,2015-11,1
2904,2015-12,0
2904,2016-01,2
2904,2016-02,1
2904,2016-03,4
2904,2016-04,2
2904,2016-05,4
2904,2016-06,3
2904,2016-07,0
2904,2016-08,3
2904,2016-09,2
2904,2016-10,3
2904,2016-11,2
2904,2016-12,5
2904,2017-01,3
2904,2017-02,1
2904,2017-03,6
2904,2017-04,1
2904,2017-05,5
2904,2017-06,6
2904,2017-07,0
2904,2017-08,8
2904,2017-09,4
2904,2017-10,10
2904,2017-11,5
2904,2017-12,7
2904,2018-01,8
2904,2018-02,7
2904,2018-03,15
2904,2018-04,4
2904,2018-05,7
2904,2018-06,9
2904,2018-07,13
2904,2018-08,6
2904,2018-09,8
2904,2018-10,8
2904,2018-11,14
2904,2018-12,9
2904,2019-01,8
2904,2019-02,8
2904,2019-03,4
2904,2019-04,10
2904,2019-05,8
2904,2019-06,3
2904,2019-07,11
2904,2019-08,9
2904,2019-09,15
2904,2019-10,16
2904,2019-11,14
2904,2019-12,14
2904,2020-01,11
2904,2020-02,14
2904,2020-03,10
2904,2020-04,7
2904,2020-05,15
2904,2020-06,14
2904,2020-07,21
2904,2020-08,15
2904,2020-09,28
2904,2020-10,15
2904,2020-11,27
2904,2020-12,23
2904,2021-01,22
2904,2021-02,29
2904,2021-03,20
2904,2021-04,9
2904,2021-05,19
2904,2021-06,10
2904,2021-07,27
2904,2021-08,10
2904,2021-09,21
2904,2021-10,56
2904,2021-11,63
2904,2021-12,61
2904,2022-01,32
2904,2022-02,30
2904,2022-03,23
2904,2022-04,18
2904,2022-05,23
2904,2022-06,26
2904,2022-07,19
2904,2022-08,34
2904,2022-09,31
2904,2022-10,30
2904,2022-11,48
2904,2022-12,30
2904,2023-01,18
2904,2023-02,38
2904,2023-03,22
2904,2023-04,20
2904,2023-05,34
2904,2023-06,23
2904,2023-07,27
2904,2023-08,35
2904,2023-09,23
2904,2023-10,16
2904,2023-11,19
2904,2023-12,12
2904,2024-01,12
2904,2024-02,16
2904,2024-03,15
2904,2024-04,8
2904,2024-05,16
2904,2024-06,11
2904,2024-07,10
2904,2024-08,19
2904,2024-09,18
2904,2024-10,13
2904,2024-11,23
2904,2024-12,17
2904,2025-01,6
2904,2025-02,10
2904,2025-03,8
2904,2025-04,14
2904,2025-05,9
2904,2025-06,4
2904,2025-07,11
2904,2025-08,12
2904,2025-09,6
2904,2025-10,9
2904,2025-11,13
2904,2025-12,11
2905,2007-01,0
2905,2007-02,0
2905,2007-03,0
2905,2007-04,1
2905,2007-05,1
2905,2007-06,0
2905,2007-07,1
2905,2007-08,0
2905,2007-09,0
2905,2007-10,0
2905,2007-11,1
2905,2007-12,0
2905,2008-01,1
2905,2008-02,1
2905,2008-03,1
2905,2008-04,0
2905,2008-05,1
2905,2008-06,3
2905,2008-07,1
2905,2008-08,1
2905,2008-09,4
2905,2008-10,3
2905,2008-11,2
2905,2008-12,0
2905,2009-01,1
2905,2009-02,2
2905,2009-03,2
2905,2009-04,2
2905,2009-05,1
2905,2009-06,3
2905,2009-07,2
2905,2009-08,12
2905,2009-09,13
2905,2009-10,9
2905,2009-11,14
2905,2009-12,10
2905,2010-01,12
2905,2010-02,14
2905,2010-03,14
2905,2010-04,21
2905,2010-05,14
2905,2010-06,21
2905,2010-07,16
2905,2010-08,17
2905,2010-09,15
2905,2010-10,20
2905,2010-11,19
2905,2010-12,22
2905,2011-01,18
2905,2011-02,33
2905,2011-03,49
2905,2011-04,54
2905,2011-05,114
2905,2011-06,177
2905,2011-07,36
2905,2011-08,32
2905,2011-09,21
2905,2011-10,10
2905,2011-11,3
2905,2011-12,9
2905,2012-01,2
2905,2012-02,4
2905,2012-03,6
2905,2012-04,4
2905,2012-05,12
2905,2012-06,15
2905,2012-07,10
2905,2012-08,9
2905,2012-09,10
2905,2012-10,8
2905,2012-11,12
2905,2012-12,13
2905,2013-01,11
2905,2013-02,9
2905,2013-03,10
2905,2013-04,7
2905,2013-05,16
2905,2013-06,9
2905,2013-07,34
2905,2013-08,44
2905,2013-09,44
2905,2013-10,7
2905,2013-11,7
2905,2013-12,7
2905,2014-01,3
2905,2014-02,7
2905,2014-03,5
2905,2014-04,8
2905,2014-05,7
2905,2014-06,11
2905,2014-07,9
2905,2014-08,13
2905,2014-09,16
2905,2014-10,7
2905,2014-11,10
2905,2014-12,12
2905,2015-01,8
2905,2015-02,5
2905,2015-03,5
2905,2015-04,6
2905,2015-05,10
2905,2015-06,3
2905,2015-07,4
2905,2015-08,5
2905,2015-09,9
2905,2015-10,8
2905,2015-11,3
2905,2015-12,5
2905,2016-01,4
2905,2016-02,7
2905,2016-03,10
2905,2016-04,4
2905,2016-05,6
2905,2016-06,5
2905,2016-07,7
2905,2016-08,5
2905,2016-09,8
2905,2016-10,8
2905,2016-11,8
2905,2016-12,4
2905,2017-01,8
2905,2017-02,7
2905,2017-03,4
2905,2017-04,9
2905,2017-05,12
2905,2017-06,10
2905,2017-07,8
2905,2017-08,11
2905,2017-09,15
2905,2017-10,15
2905,2017-11,22
2905,2017-12,16
2905,2018-01,15
2905,2018-02,9
2905,2018-03,30
2905,2018-04,15
2905,2018-05,14
2905,2018-06,17
2905,2018-07,21
2905,2018-08,26
2905,2018-09,26
2905,2018-10,24
2905,2018-11,31
2905,2018-12,15
2905,2019-01,14
2905,2019-02,20
2905,2019-03,20
2905,2019-04,28
2905,2019-05,20
2905,2019-06,16
2905,2019-07,28
2905,2019-08,23
2905,2019-09,27
2905,2019-10,36
2905,2019-11,51
2905,2019-12,37
2905,2020-01,29
2905,2020-02,25
2905,2020-03,31
2905,2020-04,17
2905,2020-05,23
2905,2020-06,33
2905,2020-07,53
2905,2020-08,47
2905,2020-09,54
2905,2020-10,29
2905,2020-11,37
2905,2020-12,44
2905,2021-01,36
2905,2021-02,40
2905,2021-03,41
2905,2021-04,26
2905,2021-05,34
2905,2021-06,27
2905,2021-07,41
2905,2021-08,21
2905,2021-09,46
2905,2021-10,43
2905,2021-11,52
2905,2021-12,59
2905,2022-01,34
2905,2022-02,50
2905,2022-03,48
2905,2022-04,38
2905,2022-05,47
2905,2022-06,53
2905,2022-07,73
2905,2022-08,101
2905,2022-09,65
2905,2022-10,54
2905,2022-11,90
2905,2022-12,84
2905,2023-01,49
2905,2023-02,73
2905,2023-03,57
2905,2023-04,43
2905,2023-05,47
2905,2023-06,53
2905,2023-07,55
2905,2023-08,50
2905,2023-09,55
2905,2023-10,44
2905,2023-11,46
2905,2023-12,24
2905,2024-01,24
2905,2024-02,27
2905,2024-03,22
2905,2024-04,19
2905,2024-05,18
2905,2024-06,23
2905,2024-07,30
2905,2024-08,30
2905,2024-09,37
2905,2024-10,28
2905,2024-11,37
2905,2024-12,33
2905,2025-01,15
2905,2025-02,20
2905,2025-03,14
2905,2025-04,20
2905,2025-05,18
2905,2025-06,7
2905,2025-07,20
2905,2025-08,25
2905,2025-09,23
2905,2025-10,24
2905,2025-11,23
2905,2025-12,12
2906,2007-01,0
2906,2007-02,0
2906,2007-03,0
2906,2007-04,0
2906,2007-05,0
2906,2007-06,0
2906,2007-07,0
2906,2007-08,0
2906,2007-09,0
2906,2007-10,0
2906,2007-11,0
2906,2007-12,0
2906,2008-01,0
2906,2008-02,0
2906,2008-03,0
2906,2008-04,0
2906,2008-05,0
2906,2008-06,0
2906,2008-07,1
2906,2008-08,0
2906,2008-09,0
2906,2008-10,0
2906,2008-11,0
2906,2008-12,1
2906,2009-01,1
2906,2009-02,1
2906,2009-03,0
2906,2009-04,0
2906,2009-05,1
2906,2009-06,1
2906,2009-07,2
2906,2009-08,3
2906,2009-09,6
2906,2009-10,13
2906,2009-11,7
2906,2009-12,3
2906,2010-01,2
2906,2010-02,7
2906,2010-03,7
2906,2010-04,5
2906,2010-05,8
2906,2010-06,11
2906,2010-07,9
2906,2010-08,9
2906,2010-09,9
2906,2010-10,9
2906,2010-11,11
2906,2010-12,12
2906,2011-01,14
2906,2011-02,29
2906,2011-03,25
2906,2011-04,35
2906,2011-05,70
2906,2011-06,103
2906,2011-07,25
2906,2011-08,13
2906,2011-09,7
2906,2011-10,6
2906,2011-11,3
2906,2011-12,2
2906,2012-01,3
2906,2012-02,0
2906,2012-03,1
2906,2012-04,4
2906,2012-05,4
2906,2012-06,5
2906,2012-07,3
2906,2012-08,10
2906,2012-09,7
2906,2012-10,9
2906,2012-11,7
2906,2012-12,8
2906,2013-01,5
2906,2013-02,6
2906,2013-03,8
2906,2013-04,7
2906,2013-05,10
2906,2013-06,8
2906,2013-07,11
2906,2013-08,27
2906,2013-09,20
2906,2013-10,7
2906,2013-11,5
2906,2013-12,5
2906,2014-01,4
2906,2014-02,2
2906,2014-03,4
2906,2014-04,7
2906,2014-05,6
2906,2014-06,3
2906,2014-07,5
2906,2014-08,5
2906,2014-09,6
2906,2014-10,5
2906,2014-11,7
2906,2014-12,5
2906,2015-01,7
2906,2015-02,7
2906,2015-03,7
2906,2015-04,1
2906,2015-05,2
2906,2015-06,3
2906,2015-07,4
2906,2015-08,7
2906,2015-09,2
2906,2015-10,4
2906,2015-11,1
2906,2015-12,4
2906,2016-01,2
2906,2016-02,1
2906,2016-03,2
2906,2016-04,3
2906,2016-05,4
2906,2016-06,4
2906,2016-07,3
2906,2016-08,3
2906,2016-09,5
2906,2016-10,1
2906,2016-11,5
2906,2016-12,0
2906,2017-01,6
2906,2017-02,5
2906,2017-03,6
2906,2017-04,9
2906,2017-05,4
2906,2017-06,6
2906,2017-07,8
2906,2017-08,6
2906,2017-09,4
2906,2017-10,9
2906,2017-11,12
2906,2017-12,5
2906,2018-01,13
2906,2018-02,11
2906,2018-03,17
2906,2018-04,10
2906,2018-05,6
2906,2018-06,6
2906,2018-07,9
2906,2018-08,7
2906,2018-09,20
2906,2018-10,11
2906,2018-11,14
2906,2018-12,9
2906,2019-01,9
2906,2019-02,15
2906,2019-03,14
2906,2019-04,9
2906,2019-05,8
2906,2019-06,12
2906,2019-07,26
2906,2019-08,18
2906,2019-09,19
2906,2019-10,26
2906,2019-11,24
2906,2019-12,26
2906,2020-01,12
2906,2020-02,23
2906,2020-03,18
2906,2020-04,17
2906,2020-05,13
2906,2020-06,18
2906,2020-07,18
2906,2020-08,26
2906,2020-09,19
2906,2020-10,26
2906,2020-11,32
2906,2020-12,41
2906,2021-01,29
2906,2021-02,27
2906,2021-03,21
2906,2021-04,25
2906,2021-05,24
2906,2021-06,20
2906,2021-07,30
2906,2021-08,16
2906,2021-09,30
2906,2021-10,22
2906,2021-11,31
2906,2021-12,21
2906,2022-01,25
2906,2022-02,39
2906,2022-03,42
2906,2022-04,24
2906,2022-05,33
2906,2022-06,26
2906,2022-07,34
2906,2022-08,43
2906,2022-09,53
2906,2022-10,43
2906,2022-11,43
2906,2022-12,48
2906,2023-01,33
2906,2023-02,52
2906,2023-03,41
2906,2023-04,35
2906,2023-05,27
2906,2023-06,32
2906,2023-07,36
2906,2023-08,27
2906,2023-09,33
2906,2023-10,22
2906,2023-11,26
2906,2023-12,14
2906,2024-01,12
2906,2024-02,25
2906,2024-03,17
2906,2024-04,8
2906,2024-05,9
2906,2024-06,10
2906,2024-07,18
2906,2024-08,20
2906,2024-09,12
2906,2024-10,25
2906,2024-11,26
2906,2024-12,30
2906,2025-01,8
2906,2025-02,15
2906,2025-03,12
2906,2025-04,11
2906,2025-05,13
2906,2025-06,9
2906,2025-07,15
2906,2025-08,17
2906,2025-09,26
2906,2025-10,17
2906,2025-11,11
2906,2025-12,11
2911,2007-01,0
2911,2007-02,0
2911,2007-03,0
2911,2007-04,0
2911,2007-05,0
2911,2007-06,0
2911,2007-07,0
2911,2007-08,0
2911,2007-09,0
2911,2007-10,0
2911,2007-11,0
2911,2007-12,0
2911,2008-01,0
2911,2008-02,0
2911,2008-03,0
2911,2008-04,0
2911,2008-05,0
2911,2008-06,0
2911,2008-07,0
2911,2008-08,0
2911,2008-09,0
2911,2008-10,0
2911,2008-11,0
2911,2008-12,0
2911,2009-01,0
2911,2009-02,0
2911,2009-03,0
2911,2009-04,0
2911,2009-05,0
2911,2009-06,0
2911,2009-07,0
2911,2009-08,0
2911,2009-09,0
2911,2009-10,0
2911,2009-11,0
2911,2009-12,0
2911,2010-01,0
2911,2010-02,0
2911,2010-03,0
2911,2010-04,0
2911,2010-05,1
2911,2010-06,0
2911,2010-07,0
2911,2010-08,0
2911,2010-09,0
2911,2010-10,0
2911,2010-11,0
2911,2010-12,1
2911,2011-01,0
2911,2011-02,0
2911,2011-03,0
2911,2011-04,1
2911,2011-05,2
2911,2011-06,7
2911,2011-07,3
2911,2011-08,1
2911,2011-09,0
2911,2011-10,3
2911,2011-11,1
2911,2011-12,0
2911,2012-01,0
2911,2012-02,0
2911,2012-03,0
2911,2012-04,1
2911,2012-05,1
2911,2012-06,5
2911,2012-07,1
2911,2012-08,0
2911,2012-09,0
2911,2012-10,1
2911,2012-11,3
2911,2012-12,3
2911,2013-01,2
2911,2013-02,1
2911,2013-03,5
2911,2013-04,0
2911,2013-05,1
2911,2013-06,0
2911,2013-07,4
2911,2013-08,2
2911,2013-09,11
2911,2013-10,1
2911,2013-11,2
2911,2013-12,2
2911,2014-01,0
2911,2014-02,0
2911,2014-03,0
2911,2014-04,2
2911,2014-05,6
2911,2014-06,3
2911,2014-07,3
2911,2014-08,2
2911,2014-09,1
2911,2014-10,0
2911,2014-11,4
2911,2014-12,0
2911,2015-01,1
2911,2015-02,1
2911,2015-03,3
2911,2015-04,2
2911,2015-05,5
2911,2015-06,2
2911,2015-07,4
2911,2015-08,4
2911,2015-09,2
2911,2015-10,1
2911,2015-11,2
2911,2015-12,2
2911,2016-01,1
2911,2016-02,3
2911,2016-03,0
2911,2016-04,3
2911,2016-05,3
2911,2016-06,2
2911,2016-07,2
2911,2016-08,3
2911,2016-09,3
2911,2016-10,4
2911,2016-11,1
2911,2016-12,3
2911,2017-01,2
2911,2017-02,3
2911,2017-03,1
2911,2017-04,0
2911,2017-05,3
2911,2017-06,0
2911,2017-07,0
2911,2017-08,4
2911,2017-09,2
2911,2017-10,2
2911,2017-11,4
2911,2017-12,4
2911,2018-01,1
2911,2018-02,3
2911,2018-03,2
2911,2018-04,5
2911,2018-05,3
2911,2018-06,2
2911,2018-07,5
2911,2018-08,2
2911,2018-09,5
2911,2018-10,3
2911,2018-11,5
2911,2018-12,5
2911,2019-01,7
2911,2019-02,7
2911,2019-03,1
2911,2019-04,3
2911,2019-05,2
2911,2019-06,1
2911,2019-07,10
2911,2019-08,8
2911,2019-09,8
2911,2019-10,6
2911,2019-11,3
2911,2019-12,9
2911,2020-01,0
2911,2020-02,8
2911,2020-03,8
2911,2020-04,7
2911,2020-05,4
2911,2020-06,3
2911,2020-07,7
2911,2020-08,11
2911,2020-09,6
2911,2020-10,5
2911,2020-11,11
2911,2020-12,15
2911,2021-01,3
2911,2021-02,4
2911,2021-03,8
2911,2021-04,7
2911,2021-05,10
2911,2021-06,11
2911,2021-07,2
2911,2021-08,8
2911,2021-09,4
2911,2021-10,3
2911,2021-11,8
2911,2021-12,12
2911,2022-01,6
2911,2022-02,8
2911,2022-03,6
2911,2022-04,6
2911,2022-05,11
2911,2022-06,17
2911,2022-07,13
2911,2022-08,9
2911,2022-09,10
2911,2022-10,8
2911,2022-11,8
2911,2022-12,15
2911,2023-01,6
2911,2023-02,12
2911,2023-03,8
2911,2023-04,8
2911,2023-05,14
2911,2023-06,7
2911,2023-07,16
2911,2023-08,9
2911,2023-09,9
2911,2023-10,9
2911,2023-11,5
2911,2023-12,4
2911,2024-01,3
2911,2024-02,5
2911,2024-03,5
2911,2024-04,5
2911,2024-05,3
2911,2024-06,3
2911,2024-07,4
2911,2024-08,3
2911,2024-09,8
2911,2024-10,6
2911,2024-11,12
2911,2024-12,8
2911,2025-01,2
2911,2025-02,1
2911,2025-03,3
2911,2025-04,3
2911,2025-05,2
2911,2025-06,1
2911,2025-07,7
2911,2025-08,4
2911,2025-09,1
2911,2025-10,13
2911,2025-11,2
2911,2025-12,3
2912,2007-01,0
2912,2007-02,0
2912,2007-03,0
2912,2007-04,0
2912,2007-05,0
2912,2007-06,0
2912,2007-07,0
2912,2007-08,0
2912,2007-09,0
2912,2007-10,0
2912,2007-11,0
2912,2007-12,0
2912,2008-01,0
2912,2008-02,0
2912,2008-03,0
2912,2008-04,0
2912,2008-05,0
2912,2008-06,0
2912,2008-07,0
2912,2008-08,0
2912,2008-09,0
2912,2008-10,0
2912,2008-11,0
2912,2008-12,0
2912,2009-01,0
2912,2009-02,0
2912,2009-03,0
2912,2009-04,0
2912,2009-05,2
2912,2009-06,0
2912,2009-07,0
2912,2009-08,0
2912,2009-09,1
2912,2009-10,1
2912,2009-11,1
2912,2009-12,1
2912,2010-01,0
2912,2010-02,1
2912,2010-03,2
2912,2010-04,2
2912,2010-05,4
2912,2010-06,3
2912,2010-07,0
2912,2010-08,4
2912,2010-09,2
2912,2010-10,1
2912,2010-11,2
2912,2010-12,1
2912,2011-01,3
2912,2011-02,6
2912,2011-03,3
2912,2011-04,5
2912,2011-05,15
2912,2011-06,19
2912,2011-07,2
2912,2011-08,2
2912,2011-09,1
2912,2011-10,2
2912,2011-11,1
2912,2011-12,0
2912,2012-01,3
2912,2012-02,0
2912,2012-03,0
2912,2012-04,1
2912,2012-05,2
2912,2012-06,3
2912,2012-07,1
2912,2012-08,3
2912,2012-09,0
2912,2012-10,2
2912,2012-11,1
2912,2012-12,3
2912,2013-01,1
2912,2013-02,4
2912,2013-03,1
2912,2013-04,1
2912,2013-05,2
2912,2013-06,1
2912,2013-07,1
2912,2013-08,3
2912,2013-09,7
2912,2013-10,1
2912,2013-11,0
2912,2013-12,0
2912,2014-01,0
2912,2014-02,0
2912,2014-03,2
2912,2014-04,0
2912,2014-05,4
2912,2014-06,2
2912,2014-07,2
2912,2014-08,1
2912,2014-09,1
2912,2014-10,0
2912,2014-11,2
2912,2014-12,0
2912,2015-01,2
2912,2015-02,1
2912,2015-03,4
2912,2015-04,2
2912,2015-05,0
2912,2015-06,1
2912,2015-07,1
2912,2015-08,2
2912,2015-09,0
2912,2015-10,0
2912,2015-11,0
2912,2015-12,3
2912,2016-01,0
2912,2016-02,1
2912,2016-03,0
2912,2016-04,0
2912,2016-05,0
2912,2016-06,0
2912,2016-07,2
2912,2016-08,1
2912,2016-09,1
2912,2016-10,1
2912,2016-11,1
2912,2016-12,2
2912,2017-01,0
2912,2017-02,0
2912,2017-03,0
2912,2017-04,1
2912,2017-05,2
2912,2017-06,1
2912,2017-07,0
2912,2017-08,3
2912,2017-09,1
2912,2017-10,2
2912,2017-11,1
2912,2017-12,2
2912,2018-01,1
2912,2018-02,1
2912,2018-03,1
2912,2018-04,1
2912,2018-05,3
2912,2018-06,0
2912,2018-07,3
2912,2018-08,3
2912,2018-09,3
2912,2018-10,3
2912,2018-11,6
2912,2018-12,3
2912,2019-01,3
2912,2019-02,4
2912,2019-03,4
2912,2019-04,2
2912,2019-05,2
2912,2019-06,3
2912,2019-07,2
2912,2019-08,2
2912,2019-09,5
2912,2019-10,1
2912,2019-11,2
2912,2019-12,5
2912,2020-01,3
2912,2020-02,5
2912,2020-03,5
2912,2020-04,3
2912,2020-05,4
2912,2020-06,4
2912,2020-07,5
2912,2020-08,3
2912,2020-09,8
2912,2020-10,9
2912,2020-11,9
2912,2020-12,8
2912,2021-01,5
2912,2021-02,3
2912,2021-03,4
2912,2021-04,2
2912,2021-05,6
2912,2021-06,2
2912,2021-07,5
2912,2021-08,2
2912,2021-09,6
2912,2021-10,6
2912,2021-11,11
2912,2021-12,8
2912,2022-01,3
2912,2022-02,3
2912,2022-03,8
2912,2022-04,3
2912,2022-05,4
2912,2022-06,11
2912,2022-07,7
2912,2022-08,8
2912,2022-09,4
2912,2022-10,11
2912,2022-11,9
2912,2022-12,4
2912,2023-01,2
2912,2023-02,4
2912,2023-03,8
2912,2023-04,5
2912,2023-05,19
2912,2023-06,4
2912,2023-07,9
2912,2023-08,13
2912,2023-09,7
2912,2023-10,5
2912,2023-11,10
2912,2023-12,7
2912,2024-01,3
2912,2024-02,3
2912,2024-03,4
2912,2024-04,4
2912,2024-05,3
2912,2024-06,3
2912,2024-07,6
2912,2024-08,2
2912,2024-09,7
2912,2024-10,6
2912,2024-11,9
2912,2024-12,17
2912,2025-01,1
2912,2025-02,3
2912,2025-03,1
2912,2025-04,3
2912,2025-05,4
2912,2025-06,1
2912,2025-07,3
2912,2025-08,2
2912,2025-09,2
2912,2025-10,2
2912,2025-11,2
2912,2025-12,4
2913,2007-01,0
2913,2007-02,0
2913,2007-03,0
2913,2007-04,0
2913,2007-05,0
2913,2007-06,0
2913,2007-07,0
2913,2007-08,0
2913,2007-09,0
2913,2007-10,0
2913,2007-11,0
2913,2007-12,1
2913,2008-01,0
2913,2008-02,0
2913,2008-03,2
2913,2008-04,0
2913,2008-05,0
2913,2008-06,0
2913,2008-07,0
2913,2008-08,2
2913,2008-09,2
2913,2008-10,2
2913,2008-11,0
2913,2008-12,1
2913,2009-01,2
2913,2009-02,1
2913,2009-03,0
2913,2009-04,1
2913,2009-05,2
2913,2009-06,1
2913,2009-07,1
2913,2009-08,4
2913,2009-09,7
2913,2009-10,6
2913,2009-11,7
2913,2009-12,8
2913,2010-01,5
2913,2010-02,10
2913,2010-03,9
2913,2010-04,8
2913,2010-05,11
2913,2010-06,13
2913,2010-07,9
2913,2010-08,11
2913,2010-09,15
2913,2010-10,10
2913,2010-11,21
2913,2010-12,24
2913,2011-01,39
2913,2011-02,58
2913,2011-03,57
2913,2011-04,65
2913,2011-05,129
2913,2011-06,195
2913,2011-07,29
2913,2011-08,28
2913,2011-09,18
2913,2011-10,12
2913,2011-11,5
2913,2011-12,6
2913,2012-01,2
2913,2012-02,7
2913,2012-03,5
2913,2012-04,3
2913,2012-05,25
2913,2012-06,19
2913,2012-07,7
2913,2012-08,7
2913,2012-09,6
2913,2012-10,10
2913,2012-11,15
2913,2012-12,13
2913,2013-01,7
2913,2013-02,4
2913,2013-03,10
2913,2013-04,9
2913,2013-05,12
2913,2013-06,11
2913,2013-07,27
2913,2013-08,46
2913,2013-09,47
2913,2013-10,8
2913,2013-11,4
2913,2013-12,5
2913,2014-01,1
2913,2014-02,3
2913,2014-03,5
2913,2014-04,3
2913,2014-05,3
2913,2014-06,10
2913,2014-07,3
2913,2014-08,13
2913,2014-09,11
2913,2014-10,9
2913,2014-11,12
2913,2014-12,10
2913,2015-01,11
2913,2015-02,11
2913,2015-03,5
2913,2015-04,6
2913,2015-05,8
2913,2015-06,8
2913,2015-07,11
2913,2015-08,9
2913,2015-09,14
2913,2015-10,3
2913,2015-11,9
2913,2015-12,7
2913,2016-01,6
2913,2016-02,3
2913,2016-03,11
2913,2016-04,6
2913,2016-05,8
2913,2016-06,7
2913,2016-07,7
2913,2016-08,11
2913,2016-09,7
2913,2016-10,4
2913,2016-11,7
2913,2016-12,4
2913,2017-01,10
2913,2017-02,6
2913,2017-03,8
2913,2017-04,10
2913,2017-05,12
2913,2017-06,9
2913,2017-07,10
2913,2017-08,19
2913,2017-09,19
2913,2017-10,19
2913,2017-11,19
2913,2017-12,18
2913,2018-01,15
2913,2018-02,21
2913,2018-03,15
2913,2018-04,23
2913,2018-05,28
2913,2018-06,20
2913,2018-07,27
2913,2018-08,23
2913,2018-09,27
2913,2018-10,26
2913,2018-11,20
2913,2018-12,17
2913,2019-01,19
2913,2019-02,20
2913,2019-03,33
2913,2019-04,24
2913,2019-05,24
2913,2019-06,15
2913,2019-07,25
2913,2019-08,22
2913,2019-09,28
2913,2019-10,28
2913,2019-11,40
2913,2019-12,37
2913,2020-01,26
2913,2020-02,33
2913,2020-03,32
2913,2020-04,20
2913,2020-05,39
2913,2020-06,30
2913,2020-07,66
2913,2020-08,65
2913,2020-09,53
2913,2020-10,62
2913,2020-11,54
2913,2020-12,62
2913,2021-01,29
2913,2021-02,44
2913,2021-03,41
2913,2021-04,54
2913,2021-05,49
2913,2021-06,45
2913,2021-07,67
2913,2021-08,33
2913,2021-09,66
2913,2021-10,62
2913,2021-11,84
2913,2021-12,90
2913,2022-01,65
2913,2022-02,70
2913,2022-03,76
2913,2022-04,50
2913,2022-05,81
2913,2022-06,89
2913,2022-07,84
2913,2022-08,87
2913,2022-09,78
2913,2022-10,98
2913,2022-11,117
2913,2022-12,102
2913,2023-01,54
2913,2023-02,77
2913,2023-03,112
2913,2023-04,86
2913,2023-05,83
2913,2023-06,75
2913,2023-07,88
2913,2023-08,104
2913,2023-09,79
2913,2023-10,71
2913,2023-11,67
2913,2023-12,75
2913,2024-01,31
2913,2024-02,64
2913,2024-03,43
2913,2024-04,54
2913,2024-05,42
2913,2024-06,43
2913,2024-07,62
2913,2024-08,62
2913,2024-09,54
2913,2024-10,65
2913,2024-11,45
2913,2024-12,56
2913,2025-01,23
2913,2025-02,53
2913,2025-03,44
2913,2025-04,28
2913,2025-05,40
2913,2025-06,24
2913,2025-07,44
2913,2025-08,48
2913,2025-09,41
2913,2025-10,39
2913,2025-11,39
2913,2025-12,32
2914,2007-01,0
2914,2007-02,0
2914,2007-03,0
2914,2007-04,0
2914,2007-05,0
2914,2007-06,0
2914,2007-07,0
2914,2007-08,0
2914,2007-09,0
2914,2007-10,0
2914,2007-11,0
2914,2007-12,0
2914,2008-01,0
2914,2008-02,0
2914,2008-03,0
2914,2008-04,1
2914,2008-05,0
2914,2008-06,0
2914,2008-07,0
2914,2008-08,1
2914,2008-09,0
2914,2008-10,1
2914,2008-11,0
2914,2008-12,0
2914,2009-01,0
2914,2009-02,0
2914,2009-03,1
2914,2009-04,1
2914,2009-05,0
2914,2009-06,3
2914,2009-07,2
2914,2009-08,2
2914,2009-09,1
2914,2009-10,1
2914,2009-11,5
2914,2009-12,2
2914,2010-01,0
2914,2010-02,1
2914,2010-03,2
2914,2010-04,5
2914,2010-05,6
2914,2010-06,6
2914,2010-07,3
2914,2010-08,1
2914,2010-09,6
2914,2010-10,5
2914,2010-11,8
2914,2010-12,7
2914,2011-01,16
2914,2011-02,23
2914,2011-03,35
2914,2011-04,28
2914,2011-05,57
2914,2011-06,120
2914,2011-07,24
2914,2011-08,22
2914,2011-09,15
2914,2011-10,3
2914,2011-11,6
2914,2011-12,6
2914,2012-01,4
2914,2012-02,7
2914,2012-03,6
2914,2012-04,12
2914,2012-05,10
2914,2012-06,26
2914,2012-07,7
2914,2012-08,6
2914,2012-09,5
2914,2012-10,6
2914,2012-11,10
2914,2012-12,17
2914,2013-01,7
2914,2013-02,11
2914,2013-03,9
2914,2013-04,9
2914,2013-05,18
2914,2013-06,6
2914,2013-07,28
2914,2013-08,47
2914,2013-09,29
2914,2013-10,14
2914,2013-11,7
2914,2013-12,2
2914,2014-01,2
2914,2014-02,2
2914,2014-03,6
2914,2014-04,5
2914,2014-05,3
2914,2014-06,3
2914,2014-07,5
2914,2014-08,10
2914,2014-09,11
2914,2014-10,13
2914,2014-11,8
2914,2014-12,11
2914,2015-01,6
2914,2015-02,11
2914,2015-03,7
2914,2015-04,4
2914,2015-05,7
2914,2015-06,5
2914,2015-07,3
2914,2015-08,4
2914,2015-09,4
2914,2015-10,6
2914,2015-11,4
2914,2015-12,11
2914,2016-01,6
2914,2016-02,5
2914,2016-03,5
2914,2016-04,6
2914,2016-05,5
2914,2016-06,3
2914,2016-07,7
2914,2016-08,5
2914,2016-09,6
2914,2016-10,8
2914,2016-11,12
2914,2016-12,6
2914,2017-01,6
2914,2017-02,9
2914,2017-03,8
2914,2017-04,2
2914,2017-05,18
2914,2017-06,10
2914,2017-07,10
2914,2017-08,12
2914,2017-09,14
2914,2017-10,25
2914,2017-11,22
2914,2017-12,18
2914,2018-01,14
2914,2018-02,25
2914,2018-03,11
2914,2018-04,12
2914,2018-05,25
2914,2018-06,25
2914,2018-07,29
2914,2018-08,27
2914,2018-09,21
2914,2018-10,31
2914,2018-11,21
2914,2018-12,27
2914,2019-01,19
2914,2019-02,30
2914,2019-03,24
2914,2019-04,28
2914,2019-05,20
2914,2019-06,25
2914,2019-07,32
2914,2019-08,25
2914,2019-09,26
2914,2019-10,31
2914,2019-11,26
2914,2019-12,46
2914,2020-01,24
2914,2020-02,24
2914,2020-03,42
2914,2020-04,34
2914,2020-05,31
2914,2020-06,38
2914,2020-07,61
2914,2020-08,56
2914,2020-09,64
2914,2020-10,61
2914,2020-11,58
2914,2020-12,76
2914,2021-01,28
2914,2021-02,51
2914,2021-03,41
2914,2021-04,36
2914,2021-05,33
2914,2021-06,36
2914,2021-07,45
2914,2021-08,23
2914,2021-09,51
2914,2021-10,34
2914,2021-11,69
2914,2021-12,73
2914,2022-01,53
2914,2022-02,67
2914,2022-03,72
2914,2022-04,53
2914,2022-05,57
2914,2022-06,63
2914,2022-07,63
2914,2022-08,73
2914,2022-09,70
2914,2022-10,44
2914,2022-11,75
2914,2022-12,81
2914,2023-01,34
2914,2023-02,67
2914,2023-03,59
2914,2023-04,51
2914,2023-05,43
2914,2023-06,57
2914,2023-07,73
2914,2023-08,63
2914,2023-09,53
2914,2023-10,48
2914,2023-11,48
2914,2023-12,44
2914,2024-01,20
2914,2024-02,35
2914,2024-03,21
2914,2024-04,30
2914,2024-05,34
2914,2024-06,33
2914,2024-07,39
2914,2024-08,52
2914,2024-09,52
2914,2024-10,59
2914,2024-11,58
2914,2024-12,52
2914,2025-01,20
2914,2025-02,27
2914,2025-03,27
2914,2025-04,23
2914,2025-05,24
2914,2025-06,13
2914,2025-07,28
2914,2025-08,35
2914,2025-09,48
2914,2025-10,43
2914,2025-11,53
2914,2025-12,27
2XXX,2007-01,19
2XXX,2007-02,20
2XXX,2007-03,30
2XXX,2007-04,29
2XXX,2007-05,36
2XXX,2007-06,46
2XXX,2007-07,82
2XXX,2007-08,88
2XXX,2007-09,116
2XXX,2007-10,114
2XXX,2007-11,130
2XXX,2007-12,120
2XXX,2008-01,127
2XXX,2008-02,172
2XXX,2008-03,192
2XXX,2008-04,183
2XXX,2008-05,233
2XXX,2008-06,215
2XXX,2008-07,265
2XXX,2008-08,279
2XXX,2008-09,283
2XXX,2008-10,352
2XXX,2008-11,360
2XXX,2008-12,506
2XXX,2009-01,471
2XXX,2009-02,661
2XXX,2009-03,791
2XXX,2009-04,828
2XXX,2009-05,931
2XXX,2009-06,981
2XXX,2009-07,1084
2XXX,2009-08,1491
2XXX,2009-09,1784
2XXX,2009-10,1798
2XXX,2009-11,2151
2XXX,2009-12,1836
2XXX,2010-01,1790
2XXX,2010-02,2431
2XXX,2010-03,3346
2XXX,2010-04,3823
2XXX,2010-05,4879
2XXX,2010-06,6362
2XXX,2010-07,6826
2XXX,2010-08,7285
2XXX,2010-09,8263
2XXX,2010-10,9376
2XXX,2010-11,10708
2XXX,2010-12,7200
2XXX,2011-01,11654
2XXX,2011-02,11252
2XXX,2011-03,12074
2XXX,2011-04,10069
2XXX,2011-05,13367
2XXX,2011-06,16423
2XXX,2011-07,2290
2XXX,2011-08,2023
2XXX,2011-09,1790
2XXX,2011-10,1898
2XXX,2011-11,2187
2XXX,2011-12,2051
2XXX,2012-01,1643
2XXX,2012-02,2396
2XXX,2012-03,3319
2XXX,2012-04,3667
2XXX,2012-05,7469
2XXX,2012-06,12220
2XXX,2012-07,3170
2XXX,2012-08,3487
2XXX,2012-09,3255
2XXX,2012-10,3609
2XXX,2012-11,4359
2XXX,2012-12,6834
2XXX,2013-01,2979
2XXX,2013-02,3436
2XXX,2013-03,3071
2XXX,2013-04,2678
2XXX,2013-05,3256
2XXX,2013-06,2579
2XXX,2013-07,3236
2XXX,2013-08,3340
2XXX,2013-09,3211
2XXX,2013-10,3177
2XXX,2013-11,2851
2XXX,2013-12,2527
2XXX,2014-01,2215
2XXX,2014-02,2570
2XXX,2014-03,2706
2XXX,2014-04,2776
2XXX,2014-05,3314
2XXX,2014-06,3050
2XXX,2014-07,3328
2XXX,2014-08,3198
2XXX,2014-09,3887
2XXX,2014-10,4125
2XXX,2014-11,3542
2XXX,2014-12,3296
2XXX,2015-01,2771
2XXX,2015-02,3323
2XXX,2015-03,3251
2XXX,2015-04,2524
2XXX,2015-05,2995
2XXX,2015-06,2908
2XXX,2015-07,3092
2XXX,2015-08,3001
2XXX,2015-09,2827
2XXX,2015-10,2666
2XXX,2015-11,2731
2XXX,2015-12,2435
2XXX,2016-01,1746
2XXX,2016-02,2428
2XXX,2016-03,2426
2XXX,2016-04,2385
2XXX,2016-05,2432
2XXX,2016-06,2263
2XXX,2016-07,2291
2XXX,2016-08,2701
2XXX,2016-09,2598
2XXX,2016-10,2553
2XXX,2016-11,3244
2XXX,2016-12,3429
2XXX,2017-01,2357
2XXX,2017-02,3357
2XXX,2017-03,3617
2XXX,2017-04,2956
2XXX,2017-05,3653
2XXX,2017-06,3415
2XXX,2017-07,3816
2XXX,2017-08,4114
2XXX,2017-09,3910
2XXX,2017-10,4278
2XXX,2017-11,5040
2XXX,2017-12,4679
2XXX,2018-01,3772
2XXX,2018-02,4579
2XXX,2018-03,5112
2XXX,2018-04,4740
2XXX,2018-05,5661
2XXX,2018-06,4644
2XXX,2018-07,5390
2XXX,2018-08,5791
2XXX,2018-09,5153
2XXX,2018-10,5424
2XXX,2018-11,6258
2XXX,2018-12,6045
2XXX,2019-01,4426
2XXX,2019-02,5845
2XXX,2019-03,5938
2XXX,2019-04,5515
2XXX,2019-05,6849
2XXX,2019-06,5977
2XXX,2019-07,7128
2XXX,2019-08,6884
2XXX,2019-09,7248
2XXX,2019-10,8044
2XXX,2019-11,9141
2XXX,2019-12,8963
2XXX,2020-01,6579
2XXX,2020-02,8123
2XXX,2020-03,9294
2XXX,2020-04,8111
2XXX,2020-05,8975
2XXX,2020-06,9549
2XXX,2020-07,10123
2XXX,2020-08,10073
2XXX,2020-09,11065
2XXX,2020-10,10586
2XXX,2020-11,12194
2XXX,2020-12,11735
2XXX,2021-01,8375
2XXX,2021-02,11392
2XXX,2021-03,11692
2XXX,2021-04,10852
2XXX,2021-05,9640
2XXX,2021-06,9668
2XXX,2021-07,7809
2XXX,2021-08,6785
2XXX,2021-09,9439
2XXX,2021-10,8965
2XXX,2021-11,9346
2XXX,2021-12,10407
2XXX,2022-01,5332
2XXX,2022-02,7459
2XXX,2022-03,7243
2XXX,2022-04,6407
2XXX,2022-05,7455
2XXX,2022-06,9008
2XXX,2022-07,8101
2XXX,2022-08,10287
2XXX,2022-09,8805
2XXX,2022-10,8159
2XXX,2022-11,11189
2XXX,2022-12,10805
2XXX,2023-01,6191
2XXX,2023-02,8638
2XXX,2023-03,9201
2XXX,2023-04,7422
2XXX,2023-05,9672
2XXX,2023-06,9039
2XXX,2023-07,9678
2XXX,2023-08,10622
2XXX,2023-09,9938
2XXX,2023-10,10233
2XXX,2023-11,10829
2XXX,2023-12,10705
2XXX,2024-01,7126
2XXX,2024-02,9350
2XXX,2024-03,9224
2XXX,2024-04,8516
2XXX,2024-05,9302
2XXX,2024-06,8018
2XXX,2024-07,8617
2XXX,2024-08,8375
2XXX,2024-09,10346
2XXX,2024-10,10214
2XXX,2024-11,11369
2XXX,2024-12,9054
2XXX,2025-01,4886
2XXX,2025-02,6914
2XXX,2025-03,7032
2XXX,2025-04,5784
2XXX,2025-05,5697
2XXX,2025-06,4760
2XXX,2025-07,6003
2XXX,2025-08,5560
2XXX,2025-09,6524
2XXX,2025-10,6901
2XXX,2025-11,7091
2XXX,2025-12,5052
200,2007-01,0
200,2007-02,0
200,2007-03,0
200,2007-04,0
200,2007-05,0
200,2007-06,0
200,2007-07,0
200,2007-08,0
200,2007-09,0
200,2007-10,0
200,2007-11,0
200,2007-12,0
200,2008-01,0
200,2008-02,0
200,2008-03,0
200,2008-04,0
200,2008-05,0
200,2008-06,0
200,2008-07,0
200,2008-08,0
200,2008-09,0
200,2008-10,0
200,2008-11,0
200,2008-12,0
200,2009-01,0
200,2009-02,0
200,2009-03,0
200,2009-04,0
200,2009-05,0
200,2009-06,0
200,2009-07,0
200,2009-08,0
200,2009-09,0
200,2009-10,0
200,2009-11,0
200,2009-12,0
200,2010-01,0
200,2010-02,0
200,2010-03,0
200,2010-04,0
200,2010-05,0
200,2010-06,0
200,2010-07,0
200,2010-08,0
200,2010-09,0
200,2010-10,0
200,2010-11,0
200,2010-12,0
200,2011-01,0
200,2011-02,0
200,2011-03,0
200,2011-04,0
200,2011-05,0
200,2011-06,0
200,2011-07,0
200,2011-08,0
200,2011-09,0
200,2011-10,0
200,2011-11,0
200,2011-12,0
200,2012-01,0
200,2012-02,0
200,2012-03,0
200,2012-04,0
200,2012-05,0
200,2012-06,0
200,2012-07,0
200,2012-08,0
200,2012-09,0
200,2012-10,0
200,2012-11,0
200,2012-12,0
200,2013-01,0
200,2013-02,0
200,2013-03,0
200,2013-04,0
200,2013-05,0
200,2013-06,0
200,2013-07,0
200,2013-08,0
200,2013-09,0
200,2013-10,0
200,2013-11,0
200,2013-12,0
200,2014-01,0
200,2014-02,0
200,2014-03,0
200,2014-04,0
200,2014-05,0
200,2014-06,0
200,2014-07,0
200,2014-08,0
200,2014-09,0
200,2014-10,0
200,2014-11,0
200,2014-12,0
200,2015-01,0
200,2015-02,0
200,2015-03,0
200,2015-04,0
200,2015-05,0
200,2015-06,0
200,2015-07,0
200,2015-08,0
200,2015-09,0
200,2015-10,0
200,2015-11,0
200,2015-12,0
200,2016-01,0
200,2016-02,0
200,2016-03,0
200,2016-04,0
200,2016-05,0
200,2016-06,0
200,2016-07,0
200,2016-08,0
200,2016-09,0
200,2016-10,0
200,2016-11,0
200,2016-12,0
200,2017-01,0
200,2017-02,0
200,2017-03,0
200,2017-04,0
200,2017-05,0
200,2017-06,0
200,2017-07,0
200,2017-08,0
200,2017-09,0
200,2017-10,0
200,2017-11,0
200,2017-12,0
200,2018-01,0
200,2018-02,0
200,2018-03,0
200,2018-04,0
200,2018-05,0
200,2018-06,0
200,2018-07,0
200,2018-08,0
200,2018-09,0
200,2018-10,0
200,2018-11,0
200,2018-12,0
200,2019-01,0
200,2019-02,0
200,2019-03,0
200,2019-04,0
200,2019-05,0
200,2019-06,0
200,2019-07,0
200,2019-08,0
200,2019-09,0
200,2019-10,0
200,2019-11,0
200,2019-12,0
200,2020-01,0
200,2020-02,0
200,2020-03,0
200,2020-04,0
200,2020-05,0
200,2020-06,0
200,2020-07,0
200,2020-08,0
200,2020-09,0
200,2020-10,0
200,2020-11,0
200,2020-12,0
200,2021-01,0
200,2021-02,0
200,2021-03,0
200,2021-04,0
200,2021-05,0
200,2021-06,0
200,2021-07,0
200,2021-08,0
200,2021-09,0
200,2021-10,0
200,2021-11,0
200,2021-12,0
200,2022-01,0
200,2022-02,0
200,2022-03,0
200,2022-04,0
200,2022-05,0
200,2022-06,0
200,2022-07,0
200,2022-08,0
200,2022-09,0
200,2022-10,0
200,2022-11,0
200,2022-12,0
200,2023-01,0
200,2023-02,0
200,2023-03,0
200,2023-04,0
200,2023-05,0
200,2023-06,0
200,2023-07,0
200,2023-08,0
200,2023-09,0
200,2023-10,0
200,2023-11,0
200,2023-12,0
200,2024-01,0
200,2024-02,0
200,2024-03,0
200,2024-04,0
200,2024-05,0
200,2024-06,0
200,2024-07,0
200,2024-08,0
200,2024-09,0
200,2024-10,0
200,2024-11,0
200,2024-12,0
200,2025-01,0
200,2025-02,0
200,2025-03,0
200,2025-04,0
200,2025-05,0
200,2025-06,0
200,2025-07,0
200,2025-08,0
200,2025-09,0
200,2025-10,0
200,2025-11,0
200,2025-12,0
