,eval_date,model aic,peak_actual,peak_predicted,time_of_peak_actual,time_of_peak_predicted,mse,r2,mae,mape
0,2020-01-01,-17498.431071912477,9.04709411921943,9.248312304394378,2020-01-01 17:00:00,2020-01-01 16:30:00,0.02260895120066546,-0.7510825781632169,0.12134495173488409,0.013658518282091435
1,2020-01-02,-17505.49764200784,9.116265928335324,9.186215687108248,2020-01-02 17:00:00,2020-01-02 17:00:00,0.003498692588878327,0.7614509825394161,0.0460676839002111,0.005148178582169558
2,2020-01-03,-17517.364444581188,9.292757796238545,9.206684961866108,2020-01-03 17:00:00,2020-01-03 17:00:00,0.005148293047975698,0.8381983914182105,0.05946221809663491,0.006512477056796642
3,2020-01-04,-17573.686668541486,9.420199271763225,9.241165830628482,2020-01-04 16:30:00,2020-01-04 17:00:00,0.022899481953057212,0.583477172473614,0.12110366310664378,0.013054677657685998
4,2020-01-05,-17533.09052696076,9.014557821156123,9.297590952171252,2020-01-05 17:00:00,2020-01-05 16:30:00,0.03961855484040807,-4.396204752195137,0.17487357692633856,0.019598408980466553
5,2020-01-06,-17530.169620958033,9.082110330894233,9.161613944629286,2020-01-06 17:00:00,2020-01-06 17:00:00,0.0072371973190898066,0.5586963303017212,0.0715035881700244,0.007981776891878664
6,2020-01-07,-17487.872220001787,9.25981411197822,9.194058093403967,2020-01-07 17:00:00,2020-01-07 16:30:00,0.0020347437439533164,0.9174882806300586,0.03515872069277307,0.0038759884317587675
7,2020-01-08,-17469.782436453454,9.181598246163643,9.081936875852946,2020-01-08 17:00:00,2020-01-08 17:00:00,0.01058752827513594,0.3328256404812896,0.09517947266068179,0.010535029788938935
8,2020-01-09,-17458.682382947583,9.124835859096358,9.16819818151032,2020-01-09 17:00:00,2020-01-09 17:00:00,0.0011056951422960487,0.9135861314557522,0.03026479329584375,0.0033680772078855006
9,2020-01-10,-17498.468563920338,9.386085350408507,9.224633915013602,2020-01-10 17:00:00,2020-01-10 17:00:00,0.009706002564691528,0.756069802614355,0.07433950799068341,0.008031082705718751
10,2020-01-11,-17531.01240187502,9.02448056294395,9.31285939190555,2020-01-11 00:00:00,2020-01-11 16:30:00,0.0632644516626162,-22.343948785086354,0.21849269298175897,0.0245587373265669
11,2020-01-12,-17520.107297561874,8.947882803155975,8.99035950086165,2020-01-12 18:00:00,2020-01-12 17:30:00,0.0017942133314029901,0.7599468255895107,0.03570924994408986,0.004039108740656191
12,2020-01-13,-17568.649377636088,9.06796657166775,9.046069210250716,2020-01-13 18:00:00,2020-01-13 17:30:00,0.0013271506284467896,0.9027858627235681,0.027191172971317384,0.0030570972283278527
13,2020-01-14,-17570.917319248932,9.149884173475744,9.033401206260223,2020-01-14 17:00:00,2020-01-14 17:30:00,0.0074990045177801895,0.5488120054084207,0.07287837348532693,0.008062863651127091
14,2020-01-15,-17586.463468394322,9.161732941110003,9.095156745660912,2020-01-15 17:00:00,2020-01-15 17:00:00,0.0029283054471610404,0.8352861872937234,0.04587140447841561,0.005059984878558985
15,2020-01-16,-17585.084990114185,9.139673242558434,9.149180293960445,2020-01-16 17:00:00,2020-01-16 17:00:00,0.0007422175050026476,0.9380794478879181,0.02316881783863726,0.002571917110198727
16,2020-01-17,-17545.312766849536,9.036242904462135,9.173320095238687,2020-01-17 11:00:00,2020-01-17 17:00:00,0.006937552656414189,0.2068683284570817,0.061775870716617574,0.006881945553798907
17,2020-01-18,-17539.385815945017,8.95489829380002,9.020546442320084,2020-01-18 19:30:00,2020-01-18 17:00:00,0.003605148463259813,0.41188501772668396,0.05108081891713723,0.0057495175829992045
18,2020-01-19,-17526.608883999725,8.990563646537591,8.970889066289754,2020-01-19 19:30:00,2020-01-19 18:00:00,0.0018556527780846804,0.7931105757564969,0.03627613398257953,0.004102551856313032
19,2020-01-20,-17548.730880001865,9.188938987348305,8.991128028892323,2020-01-20 16:00:00,2020-01-20 18:00:00,0.018665364464024902,0.19977164540231807,0.11673864359948183,0.012862725417511487
20,2020-01-21,-17480.374657679546,9.202921923202794,9.119725354157621,2020-01-21 17:00:00,2020-01-21 17:00:00,0.001992337534302118,0.8972750567241231,0.037708146499087304,0.0041671498690019826
21,2020-01-22,-17524.45012726215,9.365641817989403,9.179192051340111,2020-01-22 17:00:00,2020-01-22 17:00:00,0.00921605137510654,0.7309550071089631,0.07378600446655281,0.008006462786572783
22,2020-01-23,-17531.66860437594,9.497857930896355,9.320446511457947,2020-01-23 17:00:00,2020-01-23 17:00:00,0.022479593665930882,0.6108248144504163,0.12253547747378597,0.01309779154301651
23,2020-01-24,-17534.326685627675,9.215686058300935,9.393672427134497,2020-01-24 17:00:00,2020-01-24 17:00:00,0.014150269030909665,-1.3936128301472719,0.09288309453499766,0.01017458370359654
24,2020-01-25,-17522.338093601793,9.196457448607553,9.286613854841848,2020-01-25 18:00:00,2020-01-25 17:00:00,0.005796051374665499,0.643922383992501,0.06580518792030528,0.007279227681788853
25,2020-01-26,-17630.083790718854,9.291152322168353,9.270805018936194,2020-01-26 18:00:00,2020-01-26 17:00:00,0.0009011548164661291,0.9691984160981088,0.023175550585988525,0.002557832558690946
26,2020-01-27,-17657.772978285713,9.310823512554427,9.247753094988393,2020-01-27 18:00:00,2020-01-27 17:00:00,0.001562856870951781,0.941828854192822,0.03201856674590083,0.0035221237060832447
27,2020-01-28,-17687.59253897112,9.42148016559866,9.29179331009767,2020-01-28 16:30:00,2020-01-28 18:00:00,0.016928211224187927,0.5458096858317463,0.10719661727913916,0.011611214457077782
28,2020-01-29,-17546.16799376558,9.285368063915113,9.393633597408932,2020-01-29 17:00:00,2020-01-29 17:00:00,0.006017773150981176,0.6538131352508052,0.06594144018990533,0.007204143793238385
29,2020-01-30,-17496.905114776135,9.391029764180555,9.349575630996151,2020-01-30 17:00:00,2020-01-30 17:00:00,0.0010438638881310205,0.969961098712008,0.0271450198198957,0.0029673122418278127
30,2020-01-31,-17507.23170129746,9.483778479104569,9.36054578003116,2020-01-31 15:30:00,2020-01-31 17:00:00,0.011375690707144476,0.7411874467197411,0.08578648756840453,0.009178315056265544
31,2020-02-01,-17465.15912580832,9.520441498832751,9.432181870309611,2020-02-01 17:30:00,2020-02-01 17:00:00,0.009540312560817632,0.8079486607089749,0.08483131016540846,0.00910502024574268
32,2020-02-02,-17431.59812833366,9.300113432006269,9.499970027603794,2020-02-02 15:00:00,2020-02-02 17:00:00,0.026858129062589692,-0.9651214023656136,0.13866877337459207,0.015148078736612844
33,2020-02-03,-17415.32137856327,9.281947290529752,9.34377739337374,2020-02-03 16:30:00,2020-02-03 17:00:00,0.011421100805742893,0.4593331808522163,0.09216863040109362,0.010153808528804898
34,2020-02-04,-17355.70834070797,9.007909572884472,9.299596502880938,2020-02-04 18:00:00,2020-02-04 17:00:00,0.03430555908724516,-4.163811919610236,0.14934465959642984,0.01668077526154228
35,2020-02-05,-17378.254464501646,9.071056465323739,9.102474725440025,2020-02-05 17:00:00,2020-02-05 17:00:00,0.0008372914693521178,0.9291033674342528,0.02460706159647119,0.002747266883029518
36,2020-02-06,-17369.514559123185,9.058718325791828,9.115295545490952,2020-02-06 17:30:00,2020-02-06 17:00:00,0.0008479589102248649,0.9273413987141813,0.022259499302208236,0.0024689849913634037
37,2020-02-07,-17360.94871161526,9.05406777580927,9.063592050982004,2020-02-07 08:30:00,2020-02-07 18:00:00,0.0012119035154738644,0.8799304441540674,0.02838310328095872,0.0031603108568482516
38,2020-02-08,-17359.229380059376,8.971386239535729,9.051708894540084,2020-02-08 18:00:00,2020-02-08 17:00:00,0.00872040007136073,-0.13089047746304594,0.08583634914221165,0.009664591927028595
39,2020-02-09,-17347.522811152747,8.9773497469776,8.933851440982664,2020-02-09 18:00:00,2020-02-09 09:30:00,0.0014712674776427715,0.8624669094925079,0.034491701230057514,0.00388740234412892
40,2020-02-10,-17355.442987216797,9.142849229472459,8.967516699235773,2020-02-10 17:00:00,2020-02-10 18:00:00,0.012248427837595286,0.41415806520282783,0.09706305682953657,0.010755262201530552
41,2020-02-11,-17339.7777973727,9.212453138512313,9.028924273394228,2020-02-11 17:00:00,2020-02-11 17:00:00,0.013232531410408435,0.33464089667076513,0.0956880418033984,0.0105215518067949
42,2020-02-12,-17304.44757791795,9.148270268454255,9.153034383771628,2020-02-12 17:00:00,2020-02-12 17:00:00,0.00021215406693305883,0.9847318878439149,0.012578434277387881,0.0013976794095055289
43,2020-02-13,-17315.61676805919,9.159390176618166,9.16579715830036,2020-02-13 17:00:00,2020-02-13 17:00:00,0.0003233712009179295,0.9799596368505047,0.013799412858036245,0.0015235535246294937
44,2020-02-14,-17340.753389750498,9.126846800247794,9.169252992922644,2020-02-14 17:00:00,2020-02-14 17:00:00,0.0021016904700645717,0.7951677901257783,0.03445949059706799,0.0038126840685978047
45,2020-02-15,-17341.266666336363,9.09178991692885,9.120353578249873,2020-02-15 18:00:00,2020-02-15 17:00:00,0.006236033844893953,0.4289934002712359,0.06320858326803787,0.007094728564588076
46,2020-02-16,-17335.87332037429,9.05904993109613,9.094011025599084,2020-02-16 17:30:00,2020-02-16 18:00:00,0.00339373994399619,0.7063728509079887,0.046181476468110404,0.005196467558351959
47,2020-02-17,-17326.070061699313,9.13312449837302,9.107579868426757,2020-02-17 17:00:00,2020-02-17 18:00:00,0.007414009620054902,0.5449726204530041,0.06743135683447281,0.007461432641017503
48,2020-02-18,-17306.020919305534,9.31292674325126,9.15480881320378,2020-02-18 16:30:00,2020-02-18 17:30:00,0.008959540564725388,0.6889308673768034,0.07381604311839855,0.008037525682261635
49,2020-02-19,-17258.97997420447,9.116593269929083,9.1938185997304,2020-02-19 18:00:00,2020-02-19 17:00:00,0.0036538788766835497,0.7037335921721506,0.050044206182985586,0.005564637001549925
50,2020-02-20,-17235.50812084638,9.073786129426672,9.12117000633277,2020-02-20 18:00:00,2020-02-20 17:30:00,0.003063299299483848,0.6360086017114929,0.04771795453935812,0.0053485337977575605
51,2020-02-21,-17172.55785393883,9.037755657901892,9.160166743330777,2020-02-21 16:30:00,2020-02-21 17:30:00,0.0038925637105740323,0.5131219683449317,0.049648700144749536,0.005540608400944051
52,2020-02-22,-17142.278815813326,8.962258427870122,9.045192973302434,2020-02-22 19:00:00,2020-02-22 18:00:00,0.0034784285843763355,0.36740055401126004,0.0510816784047942,0.00574915568380929
53,2020-02-23,-17124.68217654474,9.004646191023681,8.999371095320104,2020-02-23 19:30:00,2020-02-23 18:00:00,0.0009382277546721751,0.8816897828388105,0.022571538453125244,0.0025555920871195965
54,2020-02-24,-17090.60636629752,9.150507561594317,9.01303350136563,2020-02-24 17:00:00,2020-02-24 18:00:00,0.008518813324998568,0.4983006665718227,0.08096073547517187,0.008951951768957127
55,2020-02-25,-17073.822535874977,9.235346106270544,9.131271602626326,2020-02-25 17:00:00,2020-02-25 17:00:00,0.0034108694989981488,0.8193078069814778,0.04841722285436748,0.005314830162902535
56,2020-02-26,-17090.022117287903,9.229858645122063,9.137541965964312,2020-02-26 17:00:00,2020-02-26 18:00:00,0.004734626822339909,0.7696595157955968,0.05321721638126864,0.005833277725978157
57,2020-02-27,-17085.12692972434,9.107760431378429,9.180309701100356,2020-02-27 18:00:00,2020-02-27 17:00:00,0.003405230635345874,0.6540177988515348,0.043096192530800694,0.0047873849827626
58,2020-02-28,-17057.868639624445,9.054919719408144,9.133882960433157,2020-02-28 17:00:00,2020-02-28 17:00:00,0.004035280377720571,0.4534158700701779,0.05167972608813768,0.005764996355196716
59,2020-02-29,-17050.53254105729,9.027714768964861,9.09036034725034,2020-02-29 18:30:00,2020-02-29 17:00:00,0.005669446340738095,0.2671257729001081,0.06247232295189057,0.007032208177879505
60,2020-03-01,-17103.047134919536,9.188327864692916,9.04778966727755,2020-03-01 18:00:00,2020-03-01 18:00:00,0.0054006808478402534,0.7648915194223284,0.05981913222846521,0.006660275632385814
61,2020-03-02,-17110.05392967425,9.33653592299001,9.13790550777887,2020-03-02 15:30:00,2020-03-02 18:00:00,0.02468614796449876,0.27148702351757137,0.12309041957309182,0.013443488692704083
62,2020-03-03,-17122.100838595536,9.081065052267592,9.215942177393508,2020-03-03 17:00:00,2020-03-03 17:00:00,0.0055203407747905385,0.49408132898247437,0.060988775968217133,0.006755234750919285
63,2020-03-04,-17106.487114016047,9.085710953232734,9.185127454518154,2020-03-04 17:00:00,2020-03-04 17:00:00,0.002714726127063695,0.801394185391037,0.04125187367358518,0.004561282435895466
64,2020-03-05,-17099.748502038397,9.107531043715044,9.120934101030887,2020-03-05 10:00:00,2020-03-05 17:00:00,0.00030708124136714395,0.9785040858553014,0.01344152365237905,0.0014858962170172941
65,2020-03-06,-17095.00365850822,9.068896616145274,9.07324402112207,2020-03-06 17:00:00,2020-03-06 17:00:00,0.00016081613314400782,0.9858140106309247,0.010220087290923644,0.0011360935137985039
66,2020-03-07,-17113.862460852666,8.946511535546561,9.04248984061151,2020-03-07 19:00:00,2020-03-07 17:00:00,0.012004600069963872,-1.5697678060798457,0.09477115155222604,0.010696889933636882
67,2020-03-08,-17091.036164941208,8.94803880554313,9.017487242470665,2020-03-08 19:30:00,2020-03-08 18:00:00,0.0074002508503816684,-0.09533536669713882,0.07303978114941856,0.008281469824778384
68,2020-03-09,-17089.66749031058,9.014559037417785,8.98621799058512,2020-03-09 18:00:00,2020-03-09 17:00:00,0.0019172477124585845,0.8194062028459199,0.03622536558223677,0.004074093273821754
69,2020-03-10,-17076.225492935315,9.03523312932516,8.969438648244303,2020-03-10 19:00:00,2020-03-10 19:00:00,0.0017243163809166518,0.8044248421898427,0.03351806717332181,0.0037449581377845993
70,2020-03-11,-17052.80464333453,9.049012497596452,9.002303287230363,2020-03-11 19:00:00,2020-03-11 19:00:00,0.0009110700418081518,0.8935941441072948,0.02564750233372474,0.00286638689270168
71,2020-03-12,-17061.601246353996,9.063339239781474,9.050078257997363,2020-03-12 19:00:00,2020-03-12 19:00:00,0.00024217734644518634,0.9727663243585877,0.013703975188958792,0.0015387927703984384
72,2020-03-13,-17105.16825312526,9.023534776892165,9.0526674865255,2020-03-13 18:00:00,2020-03-13 19:00:00,0.0006026386643624375,0.919339378426902,0.020957785868710554,0.0023528910574572635
73,2020-03-14,-17128.466406758525,8.949809026685557,8.99518027526248,2020-03-14 18:30:00,2020-03-14 19:00:00,0.002311942606396569,0.6071422411636742,0.03746976941239818,0.004239617756514956
74,2020-03-15,-17108.097226640413,8.97973026518337,8.973609913403767,2020-03-15 19:00:00,2020-03-15 19:00:00,0.0016909301466006869,0.7907663368668758,0.03299838177359667,0.0037595093581204893
75,2020-03-16,-17140.504861844165,9.045121329864806,8.986893600129283,2020-03-16 19:00:00,2020-03-16 19:00:00,0.004710040199518822,0.5696746586299675,0.06198532755237648,0.0069471383009929895
76,2020-03-17,-17157.54372487541,9.043053623885344,9.035835758776194,2020-03-17 19:00:00,2020-03-17 18:00:00,0.0002466632916756231,0.9694106365947233,0.011274208740342425,0.0012645111867768202
77,2020-03-18,-17164.519683043836,9.04780967770332,9.055221552365376,2020-03-18 18:00:00,2020-03-18 19:00:00,0.0004092439397991327,0.9494044205622149,0.01562907335426385,0.0017618428951404052
78,2020-03-19,-17162.355468858666,9.163264487589164,9.057486993039745,2020-03-19 18:00:00,2020-03-19 19:00:00,0.004207420747246686,0.7430743102564681,0.04743294958460087,0.0052534981368049126
79,2020-03-20,-17191.989947882626,9.2328569602053,9.082416018939847,2020-03-20 17:00:00,2020-03-20 18:00:00,0.009472135533790711,0.5766262827704545,0.0751077150332095,0.008277791221124703
80,2020-03-21,-17220.983609480565,9.003595376361346,9.126397589301716,2020-03-21 19:00:00,2020-03-21 17:30:00,0.00960112625289706,-0.7090165212246227,0.08217025578407673,0.009257103360153542
81,2020-03-22,-17211.78092648313,9.022682200752326,9.069714315802889,2020-03-22 18:00:00,2020-03-22 18:00:00,0.002543764382871959,0.7628137798439404,0.045555898209441247,0.005160769391192426
82,2020-03-23,-17222.450971148668,9.014954244112987,9.070661661391048,2020-03-23 18:00:00,2020-03-23 18:00:00,0.003197596563993294,0.653709233603045,0.046847737823741485,0.005249294794006227
83,2020-03-24,-17251.571303351062,9.034887571173819,9.025012781419216,2020-03-24 18:00:00,2020-03-24 18:00:00,0.0012032036921366032,0.8597329855301,0.025991777354305207,0.0029128011364267605
84,2020-03-25,-17338.6335965169,9.029814402150645,9.026171851994874,2020-03-25 17:00:00,2020-03-25 18:00:00,0.0010746790864700274,0.8776682374486431,0.026225720870084197,0.002940320566572152
85,2020-03-26,-17313.478807992156,9.026870556185123,9.06977123229553,2020-03-26 18:30:00,2020-03-26 18:00:00,0.0018142461372185874,0.7848157920244274,0.03429935856721263,0.003854245119853965
86,2020-03-27,-17330.403310926078,8.982252115733434,9.077337910879653,2020-03-27 18:30:00,2020-03-27 18:00:00,0.0052911238143220594,0.0711906353649211,0.0619343675234828,0.00696977116579309
87,2020-03-28,-17373.937514586876,8.9671254822662,8.960633163194531,2020-03-28 18:30:00,2020-03-28 18:30:00,0.0037424177386507617,0.4036345306053535,0.04729690704220035,0.005390311457546294
88,2020-03-29,-17406.12555896757,8.981838741760432,8.956614445316223,2020-03-29 18:30:00,2020-03-29 18:30:00,0.0006933497854672519,0.9227237074971765,0.018629337506996357,0.0021190458867791154
89,2020-03-30,-17479.06700456232,9.026237229099797,8.94472258198634,2020-03-30 18:00:00,2020-03-30 18:30:00,0.00936644966869612,0.16964018352489274,0.08943467041244435,0.010038184930714105
90,2020-03-31,-17502.10232834742,9.050683226019792,9.01878041246815,2020-03-31 18:00:00,2020-03-31 18:30:00,0.0005707156225958893,0.9336170231964344,0.02006882662722446,0.0022538526627147288
91,2020-04-01,-17480.41037078247,9.027116808496485,9.024825826247064,2020-04-01 18:00:00,2020-04-01 18:00:00,0.00030560960529873565,0.9617689264052934,0.014342203330201605,0.0016101078244730675
92,2020-04-02,-17484.370330418,9.035983413396456,9.038862558545082,2020-04-02 17:30:00,2020-04-02 18:00:00,0.0009229909592148415,0.9069976409890665,0.022620468226757267,0.0025285013382730045
93,2020-04-03,-17470.634153778607,9.03782933428199,9.016805167775164,2020-04-03 18:00:00,2020-04-03 18:00:00,0.000790476738306201,0.9238566020397714,0.022195779466763616,0.0024867373556593493
94,2020-04-04,-17469.43694167008,8.953115080339499,9.024570840607954,2020-04-04 18:30:00,2020-04-04 18:00:00,0.010551798473576601,-0.9208123344095245,0.08268625264406482,0.009410395617045117
95,2020-04-05,-17444.367892689872,8.998377829563722,8.96987713291708,2020-04-05 18:30:00,2020-04-05 18:30:00,0.0067521551060088225,0.47458902655468227,0.06367113178541813,0.007321912183859639
96,2020-04-06,-17394.100432413878,9.074156321306049,9.01416454032963,2020-04-06 18:30:00,2020-04-06 18:30:00,0.0010906073550906073,0.9107290803499852,0.02653620441951199,0.002985656691238476
97,2020-04-07,-17379.914598615876,9.073851467364252,9.03815088258963,2020-04-07 18:30:00,2020-04-07 18:30:00,0.0019096895045570565,0.763406266843459,0.03528983801217026,0.003972222666198103
98,2020-04-08,-17364.51904413476,9.064238877034796,9.056995896571422,2020-04-08 18:30:00,2020-04-08 18:30:00,0.0012411322486627853,0.8614356190475936,0.025420805010167708,0.0028578241794496723
99,2020-04-09,-17358.041559130987,9.052237559417161,9.072806409135058,2020-04-09 18:30:00,2020-04-09 18:30:00,0.00013857091720522507,0.9830539179006605,0.009288573033067219,0.001043925585591652
100,2020-04-10,-17360.27722019195,9.001667858298749,9.058862292766648,2020-04-10 18:30:00,2020-04-10 18:30:00,0.005028744530257269,0.35937796442392267,0.05833515971974242,0.006622050752193162
101,2020-04-11,-17316.501284768907,8.998990748075872,9.014942315080331,2020-04-11 18:30:00,2020-04-11 18:30:00,0.004781857419446336,0.6301061967330193,0.054229849986604926,0.006239486236053606
102,2020-04-12,-17313.13299539328,9.002522529733321,9.017524019210425,2020-04-12 18:30:00,2020-04-12 18:30:00,0.001883867558101552,0.8587024947111298,0.03358055218221897,0.003866042772946981
103,2020-04-13,-17320.32455795993,9.016544435556495,9.022475777082647,2020-04-13 18:30:00,2020-04-13 18:30:00,0.0002944944470132671,0.9745896126160061,0.012813997316198108,0.0014712956505885755
104,2020-04-14,-17330.155562146443,9.077312852386319,9.023010035299174,2020-04-14 18:30:00,2020-04-14 18:30:00,0.005731958407464232,0.46302795453818757,0.06462123851715247,0.007308345989027768
105,2020-04-15,-17376.910788843532,9.083263532405649,9.046885190003769,2020-04-15 18:30:00,2020-04-15 18:30:00,0.0021111822546359235,0.7868194355624459,0.037310699223354504,0.004204324007687867
106,2020-04-16,-17419.244401603733,9.06838272079578,9.052090933749211,2020-04-16 18:30:00,2020-04-16 18:30:00,0.002229947341032563,0.7536069555097514,0.03443024025720324,0.0038747141100612067
107,2020-04-17,-17443.039035861293,9.0453926129055,9.067972274146086,2020-04-17 18:30:00,2020-04-17 18:30:00,0.00035459751145088805,0.9545003794351075,0.015531776578801485,0.0017585279232183728
108,2020-04-18,-17451.17297960393,9.00378595688865,9.050689337414244,2020-04-18 18:30:00,2020-04-18 18:30:00,0.0024376875713787004,0.7494442263653815,0.04067367455986152,0.004635231872326084
109,2020-04-19,-17442.296501858364,9.020264024366169,9.023754629568032,2020-04-19 18:30:00,2020-04-19 18:30:00,0.000908397783044777,0.9211436596330542,0.0229330287402153,0.002629101428109909
110,2020-04-20,-17485.66940147533,9.090329732050694,9.019661372788718,2020-04-20 18:30:00,2020-04-20 18:30:00,0.009425270328325436,0.21081653413113777,0.08053741922405606,0.009048399190723701
111,2020-04-21,-17491.558987842116,9.069517316819933,9.078898730667976,2020-04-21 18:30:00,2020-04-21 18:30:00,0.00019567560366786884,0.9772149883028746,0.0117149879571814,0.001326371960804696
112,2020-04-22,-17500.44235819357,9.063459701474223,9.081780193641112,2020-04-22 18:30:00,2020-04-22 18:30:00,0.0003965874692304918,0.9570058514122743,0.016007856617167932,0.001810468873164767
113,2020-04-23,-17533.816242810884,9.07771713827905,9.072930484961457,2020-04-23 18:30:00,2020-04-23 18:30:00,0.0006132279672990557,0.930766435551999,0.01863659998600235,0.002112930376783116
114,2020-04-24,-17528.262452809613,9.04704231550839,9.061784400774101,2020-04-24 18:30:00,2020-04-24 18:30:00,0.00042556974554151746,0.9461248003427641,0.016557280983458583,0.00187039791133067
115,2020-04-25,-17558.41973386643,8.996198682058179,9.03791097275028,2020-04-25 18:30:00,2020-04-25 18:30:00,0.004438253030427488,0.5583940694493914,0.05826471043367565,0.0066607797175835095
116,2020-04-26,-17563.90212577446,9.010996351646831,9.005201448814606,2020-04-26 18:30:00,2020-04-26 18:30:00,0.0017680606452609863,0.859554436349511,0.032265732742345156,0.00368848693022808
117,2020-04-27,-17577.151528231436,9.091319195139254,9.028022870150505,2020-04-27 18:30:00,2020-04-27 18:30:00,0.004382185140596485,0.6524218777903751,0.05998566830772841,0.006745984886413964
118,2020-04-28,-17626.435691949024,9.079128572727923,9.061915423801118,2020-04-28 18:30:00,2020-04-28 18:30:00,0.0013913595634060059,0.8441020673372064,0.027667734973459535,0.003113070923850564
119,2020-04-29,-17604.65428497047,9.088621224987271,9.071563951099037,2020-04-29 18:00:00,2020-04-29 18:30:00,0.0012109640845434236,0.8893177776743536,0.02545204723337983,0.0028542544541394943
120,2020-04-30,-17596.428814451967,9.156099580087844,9.101941433258055,2020-04-30 18:00:00,2020-04-30 18:00:00,0.003045848492149882,0.8093754616961528,0.045611982020149565,0.005059347284158428
121,2020-05-01,-17573.642918138255,9.192945962594091,9.136480855720407,2020-05-01 18:30:00,2020-05-01 18:00:00,0.002158003391155885,0.8545188553531923,0.037353650671358506,0.0041510532712563395
122,2020-05-02,-17583.975362353165,9.125633972846517,9.155997566917028,2020-05-02 18:30:00,2020-05-02 18:30:00,0.0055511865542522245,0.5892968613280501,0.058360960597927024,0.006604458721472646
123,2020-05-03,-17577.484377096953,9.113972633153402,9.14997038471039,2020-05-03 18:30:00,2020-05-03 18:30:00,0.006272980774770944,0.6264943299921628,0.056866245434423535,0.006464237108821647
124,2020-05-04,-17604.44963324794,9.192618258908563,9.148352638479352,2020-05-04 18:30:00,2020-05-04 18:30:00,0.0038405752695848255,0.7596025610894215,0.05096829517429561,0.005688874543021254
125,2020-05-05,-17597.372271986198,9.160575382819228,9.160956528725889,2020-05-05 18:30:00,2020-05-05 18:30:00,0.0008285933194671202,0.9252628535727172,0.021772218184669418,0.002443948841454189
126,2020-05-06,-17594.80020614098,9.136931693721017,9.161898329348912,2020-05-06 18:30:00,2020-05-06 18:30:00,0.00031937940504754185,0.9708305043470729,0.014912087425323869,0.001664223185746169
127,2020-05-07,-17609.385776466617,9.121005206170425,9.166610569828839,2020-05-07 18:00:00,2020-05-07 18:30:00,0.0010990492143739484,0.8771789016403335,0.025223480819222988,0.0028113390646395202
128,2020-05-08,-17609.780782325033,9.065567747072233,9.145905957772571,2020-05-08 18:00:00,2020-05-08 18:30:00,0.0026375688936500358,0.6696860856264024,0.04279943208237617,0.004801869159376596
129,2020-05-09,-17622.820705871105,9.029656273814798,9.075537390015782,2020-05-09 18:30:00,2020-05-09 18:00:00,0.002743049368770206,0.6775188822387002,0.040249614283508595,0.004560907154775132
130,2020-05-10,-17597.422367363004,9.113884536158553,9.053292636967221,2020-05-10 18:30:00,2020-05-10 18:30:00,0.003211910004362653,0.8500890527748144,0.046936069592837804,0.0052805920842093025
131,2020-05-11,-17633.765556289007,9.235156879330306,9.101789249567029,2020-05-11 18:30:00,2020-05-11 18:30:00,0.012641495494663467,0.3287671741103595,0.0992285095361537,0.011004666175426767
132,2020-05-12,-17611.514423815643,9.21130490666301,9.165521281549912,2020-05-12 18:30:00,2020-05-12 18:30:00,0.003159856801813026,0.7519415861191762,0.04861298850294493,0.005393211869143019
133,2020-05-13,-17599.023791659136,9.229805687487177,9.195497908149262,2020-05-13 18:00:00,2020-05-13 18:30:00,0.002790205482433573,0.8062444398683858,0.040771846389387544,0.0045199009298010386
134,2020-05-14,-17600.569816309056,9.247373116347447,9.22146908967645,2020-05-14 18:00:00,2020-05-14 18:00:00,0.0006071545609684191,0.955376419332893,0.022546415838285688,0.002494761893097896
135,2020-05-15,-17617.420249052957,9.234427923505242,9.21748925099505,2020-05-15 18:00:00,2020-05-15 18:00:00,0.00042859051514486265,0.9690936766343545,0.016070909889984275,0.0017764506919481938
136,2020-05-16,-17646.35685860175,9.13303159038535,9.232600020244725,2020-05-16 18:30:00,2020-05-16 18:00:00,0.008154080906366655,0.20618671821863377,0.07856434164739445,0.008793729301895434
137,2020-05-17,-17592.02285880509,9.13903876598299,9.194291542271484,2020-05-17 18:30:00,2020-05-17 18:30:00,0.004003128435911304,0.6852935522468717,0.05572233822735525,0.006254852789928512
138,2020-05-18,-17622.95316130969,9.22398979334434,9.167391976835464,2020-05-18 18:00:00,2020-05-18 18:30:00,0.0060321119786960935,0.6358341312032729,0.062187685718554785,0.006892462072094011
139,2020-05-19,-17615.028895736126,9.18216926643803,9.191723953022535,2020-05-19 18:00:00,2020-05-19 18:00:00,0.00023428687565023735,0.9800587273365521,0.012134570623023514,0.0013508504775274549
140,2020-05-20,-17641.587762848518,9.143690824188969,9.186239947370833,2020-05-20 18:00:00,2020-05-20 18:00:00,0.0006407376086458161,0.9370298722270017,0.02082068359581768,0.0023210379717158746
141,2020-05-21,-17650.394349749222,9.220829171690355,9.172017970107351,2020-05-21 18:00:00,2020-05-21 18:00:00,0.002393283393397471,0.8616503943770893,0.03980686181767742,0.004391858173035831
142,2020-05-22,-17669.22353549832,9.27629757381024,9.204103658190377,2020-05-22 18:00:00,2020-05-22 18:00:00,0.004381313864852876,0.7421263612264511,0.05578252863686576,0.0061171434302764284
143,2020-05-23,-17660.312373017317,9.213639922467467,9.222574303108551,2020-05-23 18:00:00,2020-05-23 18:00:00,0.002186087459226291,0.8477028995139719,0.033576468185136786,0.0037579194895283365
144,2020-05-24,-17662.47331205842,9.20399025257738,9.209972004236839,2020-05-24 18:30:00,2020-05-24 18:00:00,0.0027040838384759813,0.8523483607695013,0.041307595815810526,0.004643140401343763
145,2020-05-25,-17695.62969797208,9.319115850006805,9.227154163462066,2020-05-25 18:00:00,2020-05-25 18:00:00,0.0066217471897270265,0.745808608192912,0.07091640950987987,0.007795626064718113
146,2020-05-26,-17670.845896145962,9.258591343188167,9.272959468296364,2020-05-26 18:00:00,2020-05-26 18:00:00,0.0011403987895768405,0.9200036506726116,0.026249935536573916,0.00290539835089952
147,2020-05-27,-17657.91619411922,9.22656897298369,9.253009750527065,2020-05-27 18:00:00,2020-05-27 18:00:00,0.0007039089807981607,0.9522722873463464,0.022527701159572106,0.002501689551338947
148,2020-05-28,-17673.149980579146,9.202880617062329,9.274681398496707,2020-05-28 18:30:00,2020-05-28 18:00:00,0.0038071431904573264,0.7167562133806396,0.04647774117339276,0.0051682576828129545
149,2020-05-29,-17729.13668846913,9.224767794394294,9.23719812073256,2020-05-29 18:00:00,2020-05-29 18:00:00,0.0002617583128720424,0.9802460531233,0.0109340213648678,0.0012110046481944095
150,2020-05-30,-17789.656752006842,9.13531397820241,9.21609603845559,2020-05-30 18:30:00,2020-05-30 18:00:00,0.007434761188987719,0.3436515844761524,0.07476180773696883,0.008379298213907998
151,2020-05-31,-17797.955828292637,9.131353440108512,9.160179479195975,2020-05-31 18:30:00,2020-05-31 18:30:00,0.0033056855807697566,0.790316160768413,0.047678454288777115,0.005383018915038111
152,2020-06-01,-17794.618049229248,9.233996349885462,9.162097352358522,2020-06-01 18:00:00,2020-06-01 18:00:00,0.004319248039008194,0.7917609863505203,0.05683709607061993,0.006308705239276608
153,2020-06-02,-17757.970477816227,9.35784012620726,9.188422482159453,2020-06-02 18:00:00,2020-06-02 18:00:00,0.018431264652726126,0.26727071914945943,0.12170298974587605,0.013299155055985659
154,2020-06-03,-17738.34364318499,9.305838715894712,9.267264616365974,2020-06-03 18:30:00,2020-06-03 18:00:00,0.0017273162535728966,0.9121032880284703,0.035251765748659326,0.003877097310733558
155,2020-06-04,-17728.99459129606,9.327421828249962,9.305244415514174,2020-06-04 18:30:00,2020-06-04 18:00:00,0.0004166410629399496,0.9790044701127107,0.014802363464931467,0.0016183502930551756
156,2020-06-05,-17760.714471807594,9.281058820465086,9.345519284668327,2020-06-05 18:30:00,2020-06-05 18:30:00,0.0019234391950327598,0.8844686962672099,0.03162154022051825,0.0034866229387517634
157,2020-06-06,-17809.403976123504,9.225018124802173,9.288286382073851,2020-06-06 18:30:00,2020-06-06 18:30:00,0.004101173843176168,0.7325438830130582,0.05510309246480934,0.0061193164820635025
158,2020-06-07,-17792.349095120844,9.245506723455266,9.243651642266881,2020-06-07 18:00:00,2020-06-07 18:30:00,0.001516886502060985,0.9076069010132013,0.02993946430956196,0.0033216042095289126
159,2020-06-08,-17781.77093100697,9.256371495395477,9.255166689835308,2020-06-08 18:00:00,2020-06-08 18:30:00,0.00353942650432991,0.8203050262252021,0.04766522411509896,0.0053347121755021225
160,2020-06-09,-17793.20430499872,9.290742707283641,9.278162654844168,2020-06-09 18:00:00,2020-06-09 18:30:00,0.004838891141848801,0.7299770868184341,0.0543833056092646,0.006003455848726202
161,2020-06-10,-17752.42875235428,9.283227384776582,9.274183376648686,2020-06-10 18:00:00,2020-06-10 18:00:00,0.0030814020659120332,0.818855254422794,0.0386289656967557,0.00424927322316417
162,2020-06-11,-17741.371100648947,9.24644662484447,9.27913600950689,2020-06-11 18:30:00,2020-06-11 18:00:00,0.0010462415804024779,0.9274554288066609,0.02710128592364876,0.0029995147372061134
163,2020-06-12,-17748.716216988563,9.25560241487688,9.256529125344933,2020-06-12 18:00:00,2020-06-12 18:00:00,0.0005723888288115146,0.9600579182055576,0.01662798303921731,0.0018355845472834878
164,2020-06-13,-17774.69399391734,9.159117601417558,9.243587497959124,2020-06-13 18:00:00,2020-06-13 18:00:00,0.008802229097201112,0.1690361303340534,0.08660641478315205,0.009676700107223867
165,2020-06-14,-17756.45884436714,9.169222500355282,9.19067341344174,2020-06-14 18:30:00,2020-06-14 18:00:00,0.005284300216193247,0.7326344062215153,0.059086086291484076,0.0066752772572304915
166,2020-06-15,-17698.741231046282,9.265688036287163,9.181153854086299,2020-06-15 18:00:00,2020-06-15 18:00:00,0.011102824872467597,0.48859735822072614,0.08505823136442074,0.009389645161336146
167,2020-06-16,-17626.320116307135,9.248624107841774,9.229264228971292,2020-06-16 18:30:00,2020-06-16 18:00:00,0.0011725416342518084,0.9322226199068552,0.026747678356404975,0.0029600534816569962
168,2020-06-17,-17619.31768774479,9.315984247483815,9.239989128365876,2020-06-17 18:00:00,2020-06-17 18:00:00,0.005545497852401139,0.7094990154256322,0.06510854389882033,0.007144418375962563
169,2020-06-18,-17636.406106494884,9.283245978721093,9.288968890260437,2020-06-18 18:30:00,2020-06-18 18:00:00,0.0005756024882513253,0.9689954153353083,0.021365866303458898,0.0023655645629701884
170,2020-06-19,-17668.63567477327,9.240183599784357,9.278913230328591,2020-06-19 18:00:00,2020-06-19 18:30:00,0.0008746162733479895,0.9400266501386787,0.02550602343709703,0.0028180633544093807
171,2020-06-20,-17698.61686086362,9.176288119290502,9.24144035742819,2020-06-20 18:00:00,2020-06-20 18:00:00,0.0046910982683616735,0.6416166581608516,0.05964008056959428,0.006655455453786693
172,2020-06-21,-17688.982900057083,9.233468835093047,9.203680236789257,2020-06-21 18:30:00,2020-06-21 18:30:00,0.0015872375524844412,0.922742272296626,0.030355043742562555,0.0033860129590876117
173,2020-06-22,-17657.221186413015,9.374690573671012,9.240917867465061,2020-06-22 18:30:00,2020-06-22 18:30:00,0.010361572817527533,0.6463716879380321,0.09048594236967096,0.00988463555117935
174,2020-06-23,-17631.507024601495,9.391084017856569,9.303631481378094,2020-06-23 18:30:00,2020-06-23 18:30:00,0.004322787637425974,0.8152496506546731,0.05902672421051921,0.006434189228604767
175,2020-06-24,-17636.821892116008,9.340945737956954,9.366953962133673,2020-06-24 18:00:00,2020-06-24 18:30:00,0.0006328416099577076,0.9660245098618442,0.021701285148362337,0.0023712210430918645
176,2020-06-25,-17641.11128856516,9.326707294306118,9.356932290215019,2020-06-25 18:30:00,2020-06-25 18:30:00,0.000951829421999225,0.9519619768221581,0.025037653492433736,0.002749591806118537
177,2020-06-26,-17718.974444438412,9.30710767148396,9.339199200954017,2020-06-26 18:00:00,2020-06-26 18:00:00,0.00044721818936535796,0.975999055715129,0.017028933711310607,0.0018763069559806901
178,2020-06-27,-17728.048912552345,9.27351045723232,9.299429356947304,2020-06-27 18:30:00,2020-06-27 18:00:00,0.0025492985282187263,0.8264714245146664,0.03264031572615204,0.0036091884950045106
179,2020-06-28,-17731.66758935857,9.30221009473509,9.293427903221472,2020-06-28 18:30:00,2020-06-28 18:30:00,0.0020868699910334683,0.9020206122878309,0.035977859061594085,0.004012373929254819
180,2020-06-29,-17734.51425901227,9.356758374423784,9.342910508940905,2020-06-29 18:00:00,2020-06-29 18:30:00,0.0015594370181589272,0.9347893448593807,0.031479062297932035,0.00346172420399813
181,2020-06-30,-17722.40360861217,9.338532159247464,9.35018487810424,2020-06-30 18:30:00,2020-06-30 18:30:00,0.0011886075210134973,0.9408682051098584,0.02752400090504163,0.0030271983071183672
182,2020-07-01,-17706.53346187644,9.283663321794771,9.315658002603852,2020-07-01 18:30:00,2020-07-01 18:00:00,0.0009010268232571761,0.9507466472508309,0.02404520796189032,0.0026527502662572733
183,2020-07-02,-17707.647220110404,9.221120061786412,9.286381329480216,2020-07-02 18:30:00,2020-07-02 18:30:00,0.001644447302506496,0.8889470493320407,0.035720443432942894,0.003941490522360324
184,2020-07-03,-17722.426554797625,9.264078275869549,9.25597420687777,2020-07-03 18:30:00,2020-07-03 18:30:00,0.0003724583357555677,0.9804433500509888,0.014355746745905451,0.001583531505332144
185,2020-07-04,-17732.26441392261,9.270502769336291,9.251382561095241,2020-07-04 18:30:00,2020-07-04 18:30:00,0.0009723695610422007,0.9483873831674179,0.025670855247641972,0.002850670036859451
186,2020-07-05,-17770.993829082443,9.281667051347036,9.268605155818685,2020-07-05 18:30:00,2020-07-05 18:30:00,0.0006379378943444446,0.9707827971663149,0.02121078384485864,0.002366212560278313
187,2020-07-06,-17806.74702453093,9.34603579639395,9.29964249063948,2020-07-06 18:00:00,2020-07-06 18:30:00,0.005192740517229736,0.7719465953771794,0.06282965582243989,0.006897970047075073
188,2020-07-07,-17795.24002697666,9.34538948727675,9.314467014006873,2020-07-07 18:30:00,2020-07-07 18:30:00,0.0022571460707094273,0.8698788266573323,0.03596034438776652,0.0039500666765320686
189,2020-07-08,-17806.799692832457,9.336780933977069,9.309586473112663,2020-07-08 18:00:00,2020-07-08 18:30:00,0.002743054375412569,0.8405009984035814,0.03994315011160732,0.0043874084981443025
190,2020-07-09,-17798.7008204011,9.317546782920559,9.308656433166572,2020-07-09 18:30:00,2020-07-09 18:30:00,0.0003589758346538258,0.9781390322429883,0.016374166432914967,0.0018011413472800288
191,2020-07-10,-17794.35567202337,9.28658541610688,9.330281053603347,2020-07-10 18:00:00,2020-07-10 18:00:00,0.0009333815898273674,0.9355022418142857,0.026234109589009996,0.0028750513950264525
192,2020-07-11,-17839.879717899297,9.230479217254565,9.312567939924921,2020-07-11 18:00:00,2020-07-11 18:00:00,0.004068445965790307,0.7102565190246686,0.052962788248858104,0.005852725763200659
193,2020-07-12,-17854.797273669566,9.271335748583978,9.273424939829981,2020-07-12 18:30:00,2020-07-12 18:30:00,0.0027266009294250296,0.8611603774081953,0.041735782540039734,0.004662209042752123
194,2020-07-13,-17864.84731742937,9.346845713029033,9.284922535641797,2020-07-13 18:30:00,2020-07-13 18:00:00,0.004387970879992333,0.8692082943572956,0.05078212702396904,0.005632672952714975
195,2020-07-14,-17460.18431191922,9.364775868382205,9.312748728958326,2020-07-14 18:30:00,2020-07-14 18:00:00,0.0034837856173981266,0.833133272289307,0.05411353565472532,0.005932413071012703
196,2020-07-15,-17365.603681667293,9.351724476195969,9.334232523625683,2020-07-15 18:30:00,2020-07-15 18:00:00,0.0008964119707860909,0.9511519712474897,0.025124555324228155,0.002770647755737534
197,2020-07-16,-17355.758052018617,9.341633511580227,9.342882259470944,2020-07-16 18:30:00,2020-07-16 18:30:00,0.0004135610482408959,0.9769145497792017,0.015004358731275888,0.0016583424521906896
198,2020-07-17,-17337.27363756863,9.302718074450537,9.33851873739341,2020-07-17 18:30:00,2020-07-17 18:30:00,0.0004763093976490788,0.9669535486454408,0.017853731789139404,0.0019517803501146371
199,2020-07-18,-17356.338699120563,9.230081232658963,9.304503171789223,2020-07-18 18:30:00,2020-07-18 18:30:00,0.008584459814823324,0.3932409752612397,0.07976758765800078,0.008868009239993783
200,2020-07-19,-17363.327009620174,9.222403321164064,9.270153716228677,2020-07-19 18:30:00,2020-07-19 18:30:00,0.005284636394139521,0.70336706732402,0.06579974351313156,0.007361683763777796
201,2020-07-20,-17377.19256596946,9.325778438117188,9.267736982343177,2020-07-20 19:00:00,2020-07-20 18:30:00,0.003284671816958813,0.8801092913149734,0.051081423119726854,0.005630616012890961
202,2020-07-21,-17317.622781125123,9.37075879695815,9.307745874082823,2020-07-21 18:30:00,2020-07-21 18:30:00,0.00465855679879764,0.7802008163544355,0.060047124916246086,0.006573246355508883
203,2020-07-22,-17310.107896649002,9.342580180865419,9.32651798239776,2020-07-22 18:30:00,2020-07-22 18:30:00,0.0021367272951008827,0.8837040505776496,0.0385194405121968,0.004228498211057957
204,2020-07-23,-17301.524498739804,9.330599450817168,9.341960622923574,2020-07-23 18:30:00,2020-07-23 18:30:00,0.00021107348710614884,0.9886697117003639,0.011602412304850152,0.0012718785521482685
205,2020-07-24,-17318.852289632807,9.290946613142582,9.329731397137275,2020-07-24 08:30:00,2020-07-24 18:30:00,0.0005533177838792801,0.9657280953194632,0.019643443717358194,0.0021541561716195137
206,2020-07-25,-17305.322797988993,9.24487608919305,9.279081027054199,2020-07-25 18:00:00,2020-07-25 18:30:00,0.004670625386436658,0.6181304892405856,0.05399406199358244,0.005966879540590261
207,2020-07-26,-17233.521992829075,9.280191941343224,9.246332843042751,2020-07-26 18:30:00,2020-07-26 18:30:00,0.010012453974488507,0.65386612709438,0.0768180134227519,0.008496082131096852
208,2020-07-27,-17224.082783492573,9.354681379628806,9.290292787626633,2020-07-27 18:00:00,2020-07-27 18:30:00,0.0033327137271590233,0.8798390587721545,0.048846977833892025,0.005335486190495571
209,2020-07-28,-17230.534686192543,9.285569358415676,9.326875204127884,2020-07-28 18:30:00,2020-07-28 18:00:00,0.002278617648925995,0.8590164399236757,0.03616462989682304,0.0039767694386156635
210,2020-07-29,-17224.724243069097,9.264100072282522,9.30451921762064,2020-07-29 18:30:00,2020-07-29 18:30:00,0.008815216713506735,0.4802549080638212,0.06801343191097975,0.007567655661352362
211,2020-07-30,-17191.640948967637,9.294628210165438,9.291690071573377,2020-07-30 18:30:00,2020-07-30 18:30:00,0.000998606864638505,0.944125294900543,0.02375998166391306,0.0026359497857798343
212,2020-07-31,-17201.3670945904,9.28015090908347,9.285500362057707,2020-07-31 18:30:00,2020-07-31 18:30:00,0.00040727482730144984,0.9761326760468069,0.017340264388785814,0.001917225253450345
213,2020-08-01,-17221.12732434796,9.216074898106323,9.251203118876937,2020-08-01 18:30:00,2020-08-01 18:30:00,0.0033404357967731536,0.8060064340421224,0.046073384192302856,0.005152746561632233
214,2020-08-02,-17204.800450110168,9.243665857757764,9.251394738890086,2020-08-02 18:30:00,2020-08-02 18:30:00,0.0023139491901732717,0.8824916702126316,0.03546705151321505,0.003982842775731937
215,2020-08-03,-17188.392933116636,9.29339116620208,9.267110473201788,2020-08-03 18:30:00,2020-08-03 18:30:00,0.004354251355927659,0.7853820410416091,0.05108388961297935,0.005635082990833926
216,2020-08-04,-17184.0167698269,9.278328872584856,9.246446869925412,2020-08-04 18:30:00,2020-08-04 18:30:00,0.0008708078777681502,0.9554144956693478,0.02569162685586753,0.002841221243277689
217,2020-08-05,-17177.351884956654,9.354026777475376,9.267348107091962,2020-08-05 19:00:00,2020-08-05 18:30:00,0.005678802719778392,0.7587804845133918,0.06523517567274979,0.0071639416977515935
218,2020-08-06,-17175.617159548652,9.385069848390524,9.341533265869463,2020-08-06 18:30:00,2020-08-06 19:00:00,0.0015720981371756665,0.9322412627095789,0.035658845658508076,0.0039021852996475154
219,2020-08-07,-17189.310776456812,9.382749630527053,9.348754754747002,2020-08-07 18:00:00,2020-08-07 18:30:00,0.019831401727138844,0.262442601901966,0.09514061095653259,0.010257570650059104
220,2020-08-08,-17121.111208390226,9.246406113436162,9.340858693218943,2020-08-08 18:30:00,2020-08-08 18:30:00,0.01042289508939509,0.36614764821929036,0.08727975966913411,0.009671962723003429
221,2020-08-09,-17117.546113025288,9.369236346491078,9.315142949552316,2020-08-09 18:30:00,2020-08-09 18:30:00,0.0033815829463444635,0.889731183472317,0.047638612061436936,0.005265954322455638
222,2020-08-10,-17209.56753913113,9.370468295295519,9.351181136238683,2020-08-10 18:30:00,2020-08-10 18:30:00,0.003274201690691753,0.8762606646930073,0.04411242917139924,0.0048493877365260556
223,2020-08-11,-17182.124808019908,9.311580209288504,9.341809376242816,2020-08-11 19:00:00,2020-08-11 18:30:00,0.002816769898051496,0.8445310302860354,0.0434458247115872,0.004794635980597537
224,2020-08-12,-17137.951617564555,9.293239304445686,9.356702141645158,2020-08-12 18:30:00,2020-08-12 18:30:00,0.0011676754713532262,0.927976650812311,0.026906394266254036,0.0029411570054064234
225,2020-08-13,-17122.2727056491,9.199459388199895,9.324646205057942,2020-08-13 19:00:00,2020-08-13 18:30:00,0.010117652038660723,0.30557143840734513,0.08541543571727606,0.009491972333407402
226,2020-08-14,-17107.630129504207,9.258899080790462,9.252321843390845,2020-08-14 18:00:00,2020-08-14 18:30:00,0.00035170041283215224,0.9762974744462436,0.015911210536837455,0.001756459078816713
227,2020-08-15,-17108.74648438365,9.169116213265415,9.222889018084537,2020-08-15 18:30:00,2020-08-15 18:30:00,0.004706432432053588,0.5558010541060833,0.05909270533414549,0.006595469542476962
228,2020-08-16,-17101.703869468263,9.179031318938938,9.21153638588569,2020-08-16 18:30:00,2020-08-16 18:30:00,0.00664720473655675,0.6359048438299022,0.07271827518143341,0.008209182490199576
229,2020-08-17,-17154.83583602612,9.234898341356223,9.206476334454772,2020-08-17 18:30:00,2020-08-17 18:30:00,0.0018317651764590897,0.9107290836467204,0.027072157084385522,0.0030029920584549816
230,2020-08-18,-17123.311505653008,9.203807076402654,9.193867606896445,2020-08-18 18:30:00,2020-08-18 18:30:00,0.0024887563721450253,0.8245649047032273,0.036653486147203505,0.004078844360169968
231,2020-08-19,-17093.00796402416,9.262369095869149,9.200681139057172,2020-08-19 18:30:00,2020-08-19 18:30:00,0.0021113577695393987,0.8780246372059614,0.04129054197181803,0.004571353622435316
232,2020-08-20,-17040.40629203451,9.276748706422799,9.216543478667786,2020-08-20 18:30:00,2020-08-20 19:00:00,0.0022514069874727933,0.8799767626194968,0.040372542348017015,0.00446176503448729
233,2020-08-21,-17037.73949176915,9.254840394252064,9.256165246065974,2020-08-21 18:30:00,2020-08-21 18:30:00,0.00033776471174913175,0.9771198794936965,0.014834096848646339,0.0016414333848376993
234,2020-08-22,-17044.395766050664,9.284233749677592,9.250959581123038,2020-08-22 18:30:00,2020-08-22 18:30:00,0.0012998681124834854,0.9303758793246537,0.0281157147261691,0.003112341624278121
235,2020-08-23,-17029.015940269368,9.2745847873689,9.269898486443605,2020-08-23 18:30:00,2020-08-23 18:30:00,0.0007220845972381457,0.965257265942417,0.019899348533912842,0.0022280526492130105
236,2020-08-24,-17042.87494986634,9.319277284695165,9.28796506110651,2020-08-24 19:00:00,2020-08-24 19:00:00,0.003413758835737845,0.8485454574767404,0.046246182601986874,0.005106293376812149
237,2020-08-25,-17033.447810275386,9.350235348980103,9.301159374652906,2020-08-25 19:00:00,2020-08-25 19:00:00,0.0015478129357672215,0.9239724999216741,0.03131637865842892,0.0034318370976316845
238,2020-08-26,-17025.736904540085,9.299710215595658,9.335016816514601,2020-08-26 19:00:00,2020-08-26 19:00:00,0.0013150602328350096,0.9323012293703528,0.030664826496029418,0.0033786351554159974
239,2020-08-27,-17025.95721532235,9.25251920557383,9.321586707614362,2020-08-27 19:00:00,2020-08-27 19:00:00,0.0016014342331563038,0.9124438063901564,0.03235294502182188,0.0035778720594528773
240,2020-08-28,-17046.67327691576,9.21903744257917,9.296778281766281,2020-08-28 19:00:00,2020-08-28 19:00:00,0.004166444396317786,0.7816324881335097,0.05864017199161364,0.006531641742427316
241,2020-08-29,-17059.49980403232,9.120911165299756,9.242654970892096,2020-08-29 19:00:00,2020-08-29 19:00:00,0.010557871286247363,0.385012654430706,0.09168815833933364,0.010295747442238667
242,2020-08-30,-17036.53837007798,9.072439446833718,9.15905905206373,2020-08-30 18:30:00,2020-08-30 19:00:00,0.007810685969608048,0.4579236940165674,0.08046710866306035,0.009084545231982854
243,2020-08-31,-17036.611335915826,9.219478491887207,9.136962404948902,2020-08-31 18:30:00,2020-08-31 19:00:00,0.0044732789372144595,0.7825010019836803,0.053457113906820695,0.00597515319078614
244,2020-09-01,-17026.183977218527,9.215043295873043,9.172565692327248,2020-09-01 19:00:00,2020-09-01 18:30:00,0.001801454465507055,0.8813404488961474,0.03504614099963036,0.003908393586847144
245,2020-09-02,-17004.517417405223,9.153006766320456,9.155033457495957,2020-09-02 18:30:00,2020-09-02 19:00:00,0.0016187909615721521,0.8625780766999599,0.03168176536391839,0.003543978904887994
246,2020-09-03,-16986.131829354425,9.109985087004063,9.147159003919183,2020-09-03 18:30:00,2020-09-03 18:30:00,0.001892013102458556,0.7936771667527591,0.037534510109973995,0.0042058529745223555
247,2020-09-04,-16977.159963163365,9.107188526520712,9.127330925902683,2020-09-04 18:30:00,2020-09-04 18:30:00,0.0010221329791377195,0.8971386154402474,0.025788097046560005,0.0028848461246151792
248,2020-09-05,-16958.416427444972,9.034347546448306,9.098957683866084,2020-09-05 19:00:00,2020-09-05 18:30:00,0.007741741659814667,0.41476517688794623,0.07364696877826231,0.008385640922554923
249,2020-09-06,-16943.720227944068,9.068671963448757,9.046290443229779,2020-09-06 19:00:00,2020-09-06 18:30:00,0.0006587216041519522,0.9421057264498034,0.020712885950902704,0.0023414816016992055
250,2020-09-07,-17021.029611764003,9.136251322720344,9.098941135098208,2020-09-07 19:00:00,2020-09-07 18:30:00,0.00241201456559977,0.8338132240283124,0.035880235215661305,0.004017671309981933
251,2020-09-08,-17363.038435077753,9.108625425371313,9.108151234793555,2020-09-08 18:30:00,2020-09-08 19:00:00,0.0007677191757015123,0.9282594375561307,0.021309024681856432,0.0023976044736186545
252,2020-09-09,-17353.256650884992,9.235689354474543,9.091245788328514,2020-09-09 18:30:00,2020-09-09 18:30:00,0.011089383329652902,0.38963394573879995,0.08507932394784361,0.00939303167854138
253,2020-09-10,-17329.19602336963,9.19570174823264,9.16780046188154,2020-09-10 19:00:00,2020-09-10 18:30:00,0.0014941453169745155,0.8911579006101451,0.032081143557819436,0.003571231270897538
254,2020-09-11,-17313.26436609908,9.120993178180198,9.170725466048966,2020-09-11 19:00:00,2020-09-11 18:30:00,0.002311250893948846,0.765901207220022,0.036574142183239323,0.0041054136832939245
255,2020-09-12,-17313.70736819024,9.044151185907646,9.147743071382784,2020-09-12 19:00:00,2020-09-12 19:00:00,0.008323747042800865,0.3915291302020757,0.07974657289382647,0.00904479458151494
256,2020-09-13,-17300.08962916794,9.066106194047062,9.090161018962943,2020-09-13 19:00:00,2020-09-13 19:00:00,0.0030837450297716185,0.762597423888401,0.046720338429046326,0.005307594988563883
257,2020-09-14,-17272.582641930938,9.107459002915537,9.10454361367134,2020-09-14 18:30:00,2020-09-14 19:00:00,0.0011614668257874743,0.9143891313634906,0.02558057789834256,0.002893153250613951
258,2020-09-15,-17297.20867226139,9.105461962308807,9.081136878722354,2020-09-15 19:00:00,2020-09-15 18:30:00,0.001682447065771444,0.842402178801017,0.036430204087874486,0.0040987134951759015
259,2020-09-16,-17291.979365432067,9.090998121375714,9.137412260186487,2020-09-16 19:00:00,2020-09-16 18:30:00,0.002730914635298376,0.7459517429967613,0.04185673311145843,0.004721272870082713
260,2020-09-17,-17283.375139717158,9.088031485088399,9.106130371163514,2020-09-17 18:30:00,2020-09-17 19:00:00,0.0023976216575598863,0.763623505064277,0.03585865965387702,0.004032541104675499
261,2020-09-18,-17285.161964013823,9.105306469641084,9.065988222468135,2020-09-18 18:30:00,2020-09-18 18:30:00,0.002959495047074604,0.7225992195704779,0.04076981092757581,0.0045490824536271865
262,2020-09-19,-17364.116368955918,9.001050414950509,9.058622469770269,2020-09-19 18:30:00,2020-09-19 18:30:00,0.002485407162216938,0.6397710665672152,0.0429192999601119,0.004862236121558194
263,2020-09-20,-17352.64810095024,9.032503543736853,9.026745424773846,2020-09-20 19:00:00,2020-09-20 18:30:00,0.0017270916726952953,0.8432857136829923,0.029940462349399177,0.0033987178276660805
264,2020-09-21,-17302.437767220406,9.113099028675398,9.054386993918802,2020-09-21 18:30:00,2020-09-21 18:30:00,0.003583504735744739,0.7569762314566284,0.0503066950768137,0.005640492272059543
265,2020-09-22,-17280.49207282986,9.073416947195508,9.070518355293952,2020-09-22 18:30:00,2020-09-22 18:30:00,0.0004920865025661454,0.9518163500347014,0.015352625160567124,0.0017413770425550661
266,2020-09-23,-17281.19169722819,9.09051349910674,9.072329694931552,2020-09-23 19:00:00,2020-09-23 18:30:00,0.0003587417495638477,0.9712796461070161,0.016226547622672654,0.0018380109845666948
267,2020-09-24,-17270.836826802923,9.102243894764321,9.09130355426047,2020-09-24 19:00:00,2020-09-24 18:30:00,0.0026206985591381224,0.8057793968129863,0.040044743864435794,0.004535102690256265
268,2020-09-25,-17277.503358004455,9.115030292171852,9.102454918334516,2020-09-25 18:30:00,2020-09-25 18:30:00,0.0012689311883816792,0.8904050868004876,0.02973528408213418,0.0033242270338000013
269,2020-09-26,-17236.665103031075,9.093985191449313,9.075590183350155,2020-09-26 19:00:00,2020-09-26 19:00:00,0.0022886034067488635,0.8539565503082691,0.03370463330783772,0.003837250075630027
270,2020-09-27,-17231.528355960487,9.10254801289372,9.099589990938863,2020-09-27 19:00:00,2020-09-27 19:00:00,0.002615025235214078,0.8492762483475519,0.03654080513360639,0.004178417004763111
271,2020-09-28,-17225.82454892446,9.134850368333662,9.126100501460895,2020-09-28 19:00:00,2020-09-28 19:00:00,0.001296905378350763,0.9124047069224466,0.0249007714784526,0.0028125369998599475
272,2020-09-29,-17204.347347848103,9.121404234732498,9.11400760429655,2020-09-29 19:00:00,2020-09-29 19:00:00,0.0016170883908374317,0.8698386097828473,0.03414435887467634,0.003861027848384399
273,2020-09-30,-17197.82351084971,9.128124387780408,9.113551145538851,2020-09-30 19:00:00,2020-09-30 19:00:00,0.008945094627492234,0.13194166226173276,0.06421035478029857,0.007176695422811259
274,2020-10-01,-17178.021999316392,9.05948143508028,9.135953510519474,2020-10-01 19:00:00,2020-10-01 19:00:00,0.002502908042120349,0.7776930439193895,0.04665857960255367,0.005269865833987188
275,2020-10-02,-17240.52575999093,9.020739182836829,9.106943228040139,2020-10-02 19:00:00,2020-10-02 19:00:00,0.004143822129540218,0.5540879502973457,0.056858174096173664,0.006434644151530308
276,2020-10-03,-17230.99717980829,8.97810057497421,9.053172048835286,2020-10-03 19:00:00,2020-10-03 19:00:00,0.006654137451839051,0.4458147668212551,0.0712412322482933,0.008146707177005278
277,2020-10-04,-17228.23947937807,8.956785292452961,9.001922385338098,2020-10-04 19:00:00,2020-10-04 19:00:00,0.0009590966882073157,0.9258081395617166,0.02601275375528896,0.0029700356812132796
278,2020-10-05,-17268.067059790505,9.032331502164494,8.983789120728932,2020-10-05 18:00:00,2020-10-05 19:00:00,0.002905496654460824,0.860973950029531,0.04365418961708264,0.004961762520528548
279,2020-10-06,-17261.503315107766,9.034848241471128,8.984001786131694,2020-10-06 18:30:00,2020-10-06 18:30:00,0.014374787870619604,-0.34386376302607213,0.0966930188898358,0.01087587051944707
280,2020-10-07,-17234.656965496244,9.04220925297425,9.023190784043338,2020-10-07 18:00:00,2020-10-07 17:30:00,0.0036254469019717287,0.596067887107272,0.04567901730266022,0.005125683576102306
281,2020-10-08,-17219.894381591446,9.032595526045256,9.020776219461727,2020-10-08 19:00:00,2020-10-08 18:30:00,0.00241402827548399,0.6971129919828711,0.03414974087088588,0.0038402584402461655
282,2020-10-09,-17193.87934635397,8.980449105954591,9.026008134727414,2020-10-09 19:00:00,2020-10-09 18:00:00,0.002391954756880248,0.6558098198673508,0.035574346450267545,0.004031329275017918
283,2020-10-10,-17175.312315556614,8.923759026835095,8.989409390724443,2020-10-10 19:00:00,2020-10-10 19:00:00,0.012092639534521677,-0.10801106882629097,0.08783575428046542,0.01010604918520387
284,2020-10-11,-17127.184486261096,8.960589720358957,8.947896344118671,2020-10-11 19:00:00,2020-10-11 19:00:00,0.0024662342104665134,0.8098468257821763,0.03789613857209517,0.004371366104360056
285,2020-10-12,-17132.142835094834,9.028573861115731,8.969437741852424,2020-10-12 18:00:00,2020-10-12 19:00:00,0.01193923625560595,-0.05253832790046231,0.09574015321235425,0.010809719416527058
286,2020-10-13,-17094.94229612944,9.053202234136718,8.999818876550732,2020-10-13 18:00:00,2020-10-13 18:30:00,0.001767024055971304,0.8000535834585034,0.03152656285324277,0.003538881651994331
287,2020-10-14,-17129.918379292176,9.015838940742857,9.026666605628936,2020-10-14 19:00:00,2020-10-14 18:00:00,0.000505078564694099,0.9353213282588757,0.015758869914978952,0.0017783604180280058
288,2020-10-15,-17139.091016924343,9.050291330967555,9.030181288864704,2020-10-15 19:00:00,2020-10-15 19:00:00,0.0008611598535217357,0.9185787057835412,0.023766330875096903,0.002676938373525778
289,2020-10-16,-17131.56448307915,9.00456142938503,9.026056757101038,2020-10-16 18:30:00,2020-10-16 18:00:00,0.0014974750466698068,0.774010667611711,0.026755590660218893,0.0030013428483587415
290,2020-10-17,-17085.096299001598,8.97459905093308,8.99997624751234,2020-10-17 18:30:00,2020-10-17 18:00:00,0.00222488018830543,0.7336965784344336,0.038219744175997605,0.0043508388005211
291,2020-10-18,-17031.97125322283,8.966243831953749,8.987550436230762,2020-10-18 18:30:00,2020-10-18 19:00:00,0.002643614481960207,0.6887835050200368,0.04246820984467259,0.004838511920674619
292,2020-10-19,-16994.930954009258,9.019964062584856,8.989717112385964,2020-10-19 18:00:00,2020-10-19 18:30:00,0.0025509792521587684,0.7456032691806865,0.041398800423535574,0.004669348760177197
293,2020-10-20,-16952.176575482015,9.019769281153806,9.007879290273431,2020-10-20 18:00:00,2020-10-20 18:00:00,0.0007598311303877985,0.8992880547593658,0.023261413167074602,0.002619161405080212
294,2020-10-21,-16931.666107292185,9.020320861821341,9.011715774452835,2020-10-21 19:00:00,2020-10-21 19:00:00,0.001086543937797657,0.8786914392877028,0.021984678923699263,0.0024961516199999817
295,2020-10-22,-16914.17144569169,9.036225051729327,9.02842317431438,2020-10-22 18:00:00,2020-10-22 19:00:00,0.0006248349875960398,0.9237999538532332,0.018913475384926198,0.0021294466606366184
296,2020-10-23,-16907.02797198714,9.022859528923904,9.023368281850296,2020-10-23 18:00:00,2020-10-23 18:00:00,0.0006706500446364898,0.9095749833310492,0.015618220711093386,0.0017570531233891248
297,2020-10-24,-16899.132082371194,8.981920424936572,9.014311401861733,2020-10-24 18:00:00,2020-10-24 18:00:00,0.001971520745031508,0.7651619977623295,0.035295507243363576,0.003996406609351207
298,2020-10-25,-16869.809520587347,9.041524008138106,8.996375329548481,2020-10-25 17:30:00,2020-10-25 18:00:00,0.001901310952869343,0.8687540888786466,0.035173443924224244,0.003982531399235705
299,2020-10-26,-16884.021314239042,9.140536814829536,9.032417325684554,2020-10-26 18:00:00,2020-10-26 18:00:00,0.008141563780240064,0.5707283066288013,0.07812381637898298,0.008682736605136977
300,2020-10-27,-16869.511314868738,9.052405039377053,9.086658491335816,2020-10-27 19:00:00,2020-10-27 18:00:00,0.0017129008838108993,0.7862047417382194,0.03246001489428715,0.003637738229472297
301,2020-10-28,-16870.59874930571,9.034268843004035,9.069624204617032,2020-10-28 18:30:00,2020-10-28 18:30:00,0.0005809595118177398,0.9183265596632542,0.01966783396913759,0.002201950871707279
302,2020-10-29,-16871.271684862753,9.024715364793341,9.078898415334104,2020-10-29 19:00:00,2020-10-29 19:00:00,0.001367409999845431,0.8205261415167246,0.027804851499360295,0.0031212246554911676
303,2020-10-30,-16862.407852332726,8.974188832435335,9.039025132625582,2020-10-30 19:00:00,2020-10-30 19:00:00,0.002074277086351555,0.6084173620117375,0.039428131079335925,0.004445896001684264
304,2020-10-31,-16863.649014466646,8.950628786043904,8.99270816681849,2020-10-31 18:00:00,2020-10-31 18:30:00,0.0019892557638199267,0.696611948463346,0.037279286502520805,0.004230325149670813
305,2020-11-01,-16773.80243956948,8.959496690019694,8.964889170552489,2020-11-01 19:00:00,2020-11-01 19:00:00,0.0027172587391687173,0.6646462743174271,0.03877232301695762,0.004422361378482635
306,2020-11-02,-16736.86941967353,9.003678990354935,8.987537839788498,2020-11-02 18:00:00,2020-11-02 19:00:00,0.0012308903034813086,0.8562433657878237,0.025420352420683485,0.002870912050420413
307,2020-11-03,-16710.74357876154,9.003474861541568,8.97779310435815,2020-11-03 19:00:00,2020-11-03 19:00:00,0.0006907161166785823,0.925551677157506,0.022642875334740704,0.002558011561059778
308,2020-11-04,-16720.70229655083,9.03360438679284,8.984098795023714,2020-11-04 18:00:00,2020-11-04 19:00:00,0.0013908995807056762,0.8657279579540748,0.02901659991778412,0.0032690225459312927
309,2020-11-05,-16719.577945284174,9.091711103365672,9.003175234328996,2020-11-05 18:00:00,2020-11-05 18:00:00,0.006100476438306419,0.511158658679064,0.06314569657131781,0.007028952827893145
310,2020-11-06,-16721.958878555924,8.976907819966648,9.031701435959505,2020-11-06 19:30:00,2020-11-06 19:00:00,0.0029152943693705065,0.6424289877570722,0.040949662018821255,0.004644311624292729
311,2020-11-07,-16723.013882490028,8.934880634878297,9.013272997726073,2020-11-07 19:30:00,2020-11-07 18:00:00,0.008287286881074432,-0.018409339008732983,0.07851654372490613,0.008968357180155456
312,2020-11-08,-16701.54191820266,8.938329528518254,8.978492492178974,2020-11-08 19:00:00,2020-11-08 19:30:00,0.005986292750771165,0.44349401639309216,0.06699455597675426,0.007695835927875226
313,2020-11-09,-16757.706930539847,9.001336384215692,8.95553115243266,2020-11-09 19:00:00,2020-11-09 19:30:00,0.006797108499976459,0.2946204758629808,0.07017107030401577,0.007939130665225004
314,2020-11-10,-16737.621177041576,9.015525497677586,8.977495422196995,2020-11-10 19:30:00,2020-11-10 19:30:00,0.0028739198061763344,0.6980437438462512,0.043797039879991694,0.004957439561458932
315,2020-11-11,-16725.651833306627,9.058968494366026,8.994120518123932,2020-11-11 18:00:00,2020-11-11 19:30:00,0.003909184970066813,0.6404051588001446,0.048898816405849733,0.00550593667251252
316,2020-11-12,-16754.210532092,9.090661164722167,9.040306385042106,2020-11-12 18:00:00,2020-11-12 18:00:00,0.003220349768796874,0.7496270958502977,0.04315700440190114,0.004812901316852153
317,2020-11-13,-16775.723373969762,8.992225406106817,9.048058641782777,2020-11-13 14:30:00,2020-11-13 18:00:00,0.0035742294106824207,0.4694572034097636,0.04761524125487641,0.005331216915079269
318,2020-11-14,-16647.945623760002,8.957771871961643,8.99523687825685,2020-11-14 19:30:00,2020-11-14 18:00:00,0.006565687259826803,0.31764060252875415,0.06797430471763648,0.007774952293760039
319,2020-11-15,-16642.57516957495,9.096486108577208,8.979801402508045,2020-11-15 18:00:00,2020-11-15 19:30:00,0.00436703960997557,0.8048708716970163,0.05202226737728618,0.005880023496376659
320,2020-11-16,-16681.10880442419,9.335925778705468,9.036460384300995,2020-11-16 17:00:00,2020-11-16 18:00:00,0.04904504254455911,-0.2125913091631908,0.1798972776288731,0.019697263200594877
321,2020-11-17,-16578.71426745539,9.0287309615458,9.17801220163117,2020-11-17 17:30:00,2020-11-17 17:00:00,0.006032300908278607,0.037629418527353464,0.061027642013009586,0.0068214206688313505
322,2020-11-18,-16559.727748491772,9.030462227617276,9.14009191426306,2020-11-18 18:00:00,2020-11-18 17:00:00,0.006071284299339217,0.2709724277350015,0.05538047456183778,0.0062227110282523646
323,2020-11-19,-16545.424532088837,9.10487429519142,9.116688987455305,2020-11-19 18:00:00,2020-11-19 17:00:00,0.001987660365736004,0.8497714923318707,0.03047769476880265,0.003427891222854544
324,2020-11-20,-16523.08774021884,9.2500849863308,9.03914161305052,2020-11-20 17:00:00,2020-11-20 17:00:00,0.019422016710694004,0.2704567832523037,0.11260083357571704,0.012392278998134882
325,2020-11-21,-16512.686840035858,9.008290281141075,9.13313813273687,2020-11-21 17:30:00,2020-11-21 17:30:00,0.010283716235163477,-0.16548974014490803,0.09344938427184069,0.010562777162530132
326,2020-11-22,-16467.847011700716,9.090399635155999,9.115716327111977,2020-11-22 18:00:00,2020-11-22 17:00:00,0.0011756436273693855,0.9379760319615714,0.026474611571485045,0.0029841902764448907
327,2020-11-23,-16453.701949112015,9.068268614029758,9.174988242017923,2020-11-23 18:00:00,2020-11-23 17:00:00,0.00657235563428113,0.48856630826075664,0.07000111255687806,0.0077944220787466425
328,2020-11-24,-16407.481518151762,9.019731772298385,9.034013917323424,2020-11-24 17:30:00,2020-11-24 18:00:00,0.0008387904038684753,0.8871604147668544,0.022800063709154734,0.0025727791189674117
329,2020-11-25,-16404.135323086455,9.058504178324874,9.03585157888515,2020-11-25 18:00:00,2020-11-25 18:00:00,0.0002306516134426411,0.9745301267507223,0.012707465929633899,0.0014253425163564658
330,2020-11-26,-16404.589829149663,9.287236596196925,9.057468705698765,2020-11-26 17:30:00,2020-11-26 18:00:00,0.0184726088667049,0.35925884912213935,0.09353932904776878,0.010228494866131713
331,2020-11-27,-16392.19978382138,9.222088096450207,9.189830259140697,2020-11-27 17:30:00,2020-11-27 17:30:00,0.001001841060376151,0.9502957932932674,0.025290217440894807,0.0028004864050924384
332,2020-11-28,-16400.577497707214,9.425679145092106,9.173457720876016,2020-11-28 17:00:00,2020-11-28 17:30:00,0.039092887143679714,0.25649257094529887,0.16092437582940833,0.017411595249051125
333,2020-11-29,-16363.541757645682,9.381433289562208,9.365523067097495,2020-11-29 16:00:00,2020-11-29 17:00:00,0.008757670353151033,0.714414089063881,0.07585925057099611,0.008340733374985579
334,2020-11-30,-16349.057458468698,9.078271908748441,9.291901786705244,2020-11-30 18:00:00,2020-11-30 17:00:00,0.018556166980973413,-0.7096996524123456,0.10580321842391553,0.011780664892412682
335,2020-12-01,-16360.333700345116,9.325908512117005,9.242100566444524,2020-12-01 16:30:00,2020-12-01 17:00:00,0.001973001532915459,0.9320756723085319,0.03534458470418008,0.0038936715575505778
336,2020-12-02,-16357.563796442693,9.07201349939562,9.270209259546155,2020-12-02 17:00:00,2020-12-02 16:30:00,0.010561710124310503,-0.42464684646804196,0.0790612982686788,0.008789813249136892
337,2020-12-03,-16346.517254939208,9.048417735248767,9.184502310412707,2020-12-03 17:30:00,2020-12-03 16:30:00,0.004702849767452921,0.5021718010579084,0.046013678114190916,0.005116232035452809
338,2020-12-04,-16362.71624145181,9.194658044574075,9.14816208718018,2020-12-04 16:30:00,2020-12-04 17:00:00,0.0004197796257963783,0.9751687437561818,0.015421445295674019,0.0017102125039356894
339,2020-12-05,-16387.252756891357,9.004431201855237,9.161762635481763,2020-12-05 18:00:00,2020-12-05 17:00:00,0.010013807788535086,-0.24164940965448078,0.08761055659639365,0.009826580856765394
340,2020-12-06,-16384.274428881792,9.059713974563625,9.050299384573583,2020-12-06 18:00:00,2020-12-06 17:00:00,0.014923621646737613,0.14116578294030013,0.09257800978054591,0.010582670538676621
341,2020-12-07,-16396.00106578743,9.131099093072802,9.024759347005038,2020-12-07 17:30:00,2020-12-07 18:00:00,0.0064046539854127615,0.6339768985377872,0.07238924851952333,0.008095981772290893
342,2020-12-08,-16385.880221849082,8.978829411327238,9.079384472085192,2020-12-08 18:00:00,2020-12-08 18:00:00,0.004937965945712427,0.2528385986166637,0.0512068489710813,0.005782506329972753
343,2020-12-09,-16369.87488326316,9.046554758219584,9.015820668474237,2020-12-09 18:00:00,2020-12-09 18:00:00,0.00040580621800434253,0.9597951830046346,0.016401600672730148,0.0018433473139543215
344,2020-12-10,-16386.1314430758,9.05404790014906,9.0414494864912,2020-12-10 18:00:00,2020-12-10 18:00:00,0.0012142443887496138,0.8737012060705523,0.025788100154364096,0.002897304991706128
345,2020-12-11,-16414.10047849385,8.954420497747858,9.028231308091685,2020-12-11 19:30:00,2020-12-11 18:00:00,0.0011963081854061161,0.7659316513104177,0.026602909862795416,0.0029881826227216982
346,2020-12-12,-16426.777408639406,8.928645672712085,8.99418078576153,2020-12-12 20:00:00,2020-12-12 18:00:00,0.005106275074960324,0.09450867495948645,0.06022343392620718,0.006849052755614748
347,2020-12-13,-16445.865867860448,8.946469873707889,8.967279760060364,2020-12-13 19:30:00,2020-12-13 18:30:00,0.0029242019148215874,0.6599994166346527,0.04335334092688673,0.004954113306861707
348,2020-12-14,-16475.51314944801,9.034151968885675,8.945122873937464,2020-12-14 18:00:00,2020-12-14 19:30:00,0.011347927668912508,-0.039144072345655756,0.09445744649305506,0.010565642300872244
349,2020-12-15,-16455.357452443473,9.107013342937849,8.959301873643403,2020-12-15 17:00:00,2020-12-15 19:30:00,0.0176047795668503,-0.45201821426242184,0.11117932090368798,0.01233700775125527
350,2020-12-16,-16440.669063910267,9.174313114311692,9.037953903101032,2020-12-16 15:30:00,2020-12-16 18:00:00,0.014240048322119248,0.1414307772596275,0.09146291928831167,0.010064275180435456
351,2020-12-17,-16393.30364239672,9.283086989335391,9.114715339889123,2020-12-17 16:30:00,2020-12-17 17:00:00,0.011546953568664498,0.6166758716678712,0.08179928940103369,0.008904253541760996
352,2020-12-18,-16361.235928167982,9.207489311563188,9.195184259742549,2020-12-18 15:00:00,2020-12-18 16:30:00,0.001495351461574012,0.916688858115982,0.02910478634732812,0.003202721789404676
353,2020-12-19,-16358.410596840571,8.953240526108617,9.166627657671246,2020-12-19 18:00:00,2020-12-19 15:00:00,0.028061659234484653,-5.313252641358487,0.14064649228738146,0.01582955984979458
354,2020-12-20,-16337.949673374724,8.978765123600562,9.081240157976453,2020-12-20 18:00:00,2020-12-20 17:30:00,0.014114439566878148,-0.7198998288944123,0.09866835553297344,0.011157016175236905
355,2020-12-21,-16325.929869554047,9.06714529312628,9.031308986466794,2020-12-21 17:30:00,2020-12-21 18:00:00,0.0011800049332117998,0.9073951189047536,0.02854117788012415,0.003187028850136746
356,2020-12-22,-16315.542753858712,9.01184796897808,9.051086806363768,2020-12-22 18:00:00,2020-12-22 18:00:00,0.0008264666166214316,0.8686283994427675,0.023254119655208183,0.0026072011076113915
357,2020-12-23,-16296.693623110476,8.998696692929766,9.031095190224956,2020-12-23 18:00:00,2020-12-23 18:00:00,0.0057216072310741955,0.293481194572094,0.055709954949022165,0.006314863020389884
358,2020-12-24,-16296.833471091091,9.005987907111406,9.064290688045302,2020-12-24 18:00:00,2020-12-24 18:00:00,0.005922739512940552,0.31696998130502074,0.06548664512687608,0.007416000516097233
359,2020-12-25,-16323.011895759306,8.844163282448546,8.976997850747582,2020-12-25 00:00:00,2020-12-25 18:00:00,0.022668380550969393,-3.5058092236002025,0.13259717235282154,0.015256494569427527
360,2020-12-26,-16318.206861066226,8.890892396760751,8.858005454209653,2020-12-26 19:30:00,2020-12-26 20:00:00,0.0007748353018283125,0.9172498102069084,0.022423031945234873,0.0025740184160032535
361,2020-12-27,-16400.335783673327,9.059425617557052,8.869411571752423,2020-12-27 17:30:00,2020-12-27 20:00:00,0.011801192915397685,0.5257691543797007,0.08235070981511472,0.009254996047890726
362,2020-12-28,-16426.67300017379,8.957654718280985,8.90688130729552,2020-12-28 17:00:00,2020-12-28 18:30:00,0.005750844333975339,0.08901117683452964,0.06006747868472303,0.006818862850878655
363,2020-12-29,-16417.945771974293,8.94789450417923,8.94372686216538,2020-12-29 18:00:00,2020-12-29 18:00:00,0.0036864195465091554,0.5316305320183643,0.043274886875323514,0.004898199007133244
364,2020-12-30,-16385.657010309587,8.956495315784384,8.98519338524647,2020-12-30 18:00:00,2020-12-30 18:00:00,0.0008140895584427421,0.8877738513341059,0.020694292465514203,0.0023392983728733694
