,DAILY_SOLAR_EXPOSURE,DATE
0,14.6,2010-01-01
1,18.4,2010-01-02
2,7.3,2010-01-03
3,14.4,2010-01-04
4,28.1,2010-01-05
5,29.5,2010-01-06
6,13.9,2010-01-07
7,23.2,2010-01-08
8,32.6,2010-01-09
9,32.8,2010-01-10
10,24.0,2010-01-11
11,29.2,2010-01-12
12,27.8,2010-01-13
13,9.7,2010-01-14
14,14.5,2010-01-15
15,18.4,2010-01-16
16,26.5,2010-01-17
17,30.6,2010-01-18
18,32.9,2010-01-19
19,33.0,2010-01-20
20,32.5,2010-01-21
21,29.6,2010-01-22
22,21.2,2010-01-23
23,10.6,2010-01-24
24,17.2,2010-01-25
25,26.3,2010-01-26
26,14.9,2010-01-27
27,8.7,2010-01-28
28,28.3,2010-01-29
29,17.8,2010-01-30
30,20.0,2010-01-31
31,23.9,2010-02-01
32,16.1,2010-02-02
33,21.7,2010-02-03
34,10.4,2010-02-04
35,10.8,2010-02-05
36,7.9,2010-02-06
37,11.5,2010-02-07
38,14.9,2010-02-08
39,21.1,2010-02-09
40,28.3,2010-02-10
41,24.4,2010-02-11
42,22.6,2010-02-12
43,4.1,2010-02-13
44,4.3,2010-02-14
45,23.5,2010-02-15
46,16.1,2010-02-16
47,22.8,2010-02-17
48,20.8,2010-02-18
49,15.6,2010-02-19
50,26.4,2010-02-20
51,27.5,2010-02-21
52,25.0,2010-02-22
53,21.1,2010-02-23
54,12.2,2010-02-24
55,17.6,2010-02-25
56,15.2,2010-02-26
57,25.7,2010-02-27
58,14.0,2010-02-28
59,3.4,2010-03-01
60,11.2,2010-03-02
61,20.3,2010-03-03
62,14.1,2010-03-04
63,9.3,2010-03-05
64,20.1,2010-03-06
65,17.6,2010-03-07
66,17.3,2010-03-08
67,25.2,2010-03-09
68,5.3,2010-03-10
69,19.7,2010-03-11
70,19.4,2010-03-12
71,12.7,2010-03-13
72,19.2,2010-03-14
73,19.7,2010-03-15
74,23.5,2010-03-16
75,24.3,2010-03-17
76,22.5,2010-03-18
77,22.5,2010-03-19
78,22.5,2010-03-20
79,19.5,2010-03-21
80,16.1,2010-03-22
81,21.5,2010-03-23
82,16.4,2010-03-24
83,19.4,2010-03-25
84,20.2,2010-03-26
85,16.7,2010-03-27
86,17.7,2010-03-28
87,5.4,2010-03-29
88,3.1,2010-03-30
89,8.7,2010-03-31
90,19.7,2010-04-01
91,17.0,2010-04-02
92,12.8,2010-04-03
93,14.0,2010-04-04
94,9.9,2010-04-05
95,10.0,2010-04-06
96,8.2,2010-04-07
97,17.4,2010-04-08
98,17.9,2010-04-09
99,15.1,2010-04-10
100,16.9,2010-04-11
101,18.3,2010-04-12
102,16.8,2010-04-13
103,18.0,2010-04-14
104,16.6,2010-04-15
105,10.5,2010-04-16
106,14.0,2010-04-17
107,14.2,2010-04-18
108,13.3,2010-04-19
109,13.6,2010-04-20
110,16.0,2010-04-21
111,16.0,2010-04-22
112,15.6,2010-04-23
113,8.5,2010-04-24
114,4.3,2010-04-25
115,15.6,2010-04-26
116,8.6,2010-04-27
117,15.1,2010-04-28
118,15.0,2010-04-29
119,7.6,2010-04-30
120,9.6,2010-05-01
121,14.6,2010-05-02
122,11.4,2010-05-03
123,8.8,2010-05-04
124,7.1,2010-05-05
125,14.4,2010-05-06
126,14.3,2010-05-07
127,13.9,2010-05-08
128,13.7,2010-05-09
129,13.5,2010-05-10
130,13.3,2010-05-11
131,13.7,2010-05-12
132,12.8,2010-05-13
133,13.0,2010-05-14
134,11.8,2010-05-15
135,11.6,2010-05-16
136,5.5,2010-05-17
137,6.5,2010-05-18
138,10.7,2010-05-19
139,9.9,2010-05-20
140,9.3,2010-05-21
141,8.9,2010-05-22
142,7.2,2010-05-23
143,7.4,2010-05-24
144,3.4,2010-05-25
145,2.1,2010-05-26
146,7.5,2010-05-27
147,9.1,2010-05-28
148,2.9,2010-05-29
149,8.3,2010-05-30
150,6.8,2010-05-31
151,9.8,2010-06-01
152,9.4,2010-06-02
153,6.0,2010-06-03
154,4.1,2010-06-04
155,8.2,2010-06-05
156,9.7,2010-06-06
157,8.5,2010-06-07
158,10.6,2010-06-08
159,9.3,2010-06-09
160,10.8,2010-06-10
161,10.7,2010-06-11
162,10.0,2010-06-12
163,10.5,2010-06-13
164,10.5,2010-06-14
165,10.3,2010-06-15
166,10.2,2010-06-16
167,3.1,2010-06-17
168,10.4,2010-06-18
169,10.1,2010-06-19
170,10.1,2010-06-20
171,7.8,2010-06-21
172,7.7,2010-06-22
173,5.1,2010-06-23
174,9.2,2010-06-24
175,6.6,2010-06-25
176,5.8,2010-06-26
177,8.9,2010-06-27
178,10.6,2010-06-28
179,10.9,2010-06-29
180,10.6,2010-06-30
181,9.8,2010-07-01
182,4.4,2010-07-02
183,10.6,2010-07-03
184,10.4,2010-07-04
185,5.0,2010-07-05
186,8.4,2010-07-06
187,5.0,2010-07-07
188,7.0,2010-07-08
189,8.2,2010-07-09
190,7.3,2010-07-10
191,5.3,2010-07-11
192,6.7,2010-07-12
193,2.9,2010-07-13
194,10.9,2010-07-14
195,11.1,2010-07-15
196,10.2,2010-07-16
197,11.4,2010-07-17
198,11.6,2010-07-18
199,6.2,2010-07-19
200,11.4,2010-07-20
201,10.8,2010-07-21
202,9.8,2010-07-22
203,8.2,2010-07-23
204,11.5,2010-07-24
205,7.5,2010-07-25
206,8.1,2010-07-26
207,9.0,2010-07-27
208,2.7,2010-07-28
209,3.2,2010-07-29
210,9.4,2010-07-30
211,10.0,2010-07-31
212,12.9,2010-08-01
213,10.3,2010-08-02
214,10.4,2010-08-03
215,13.2,2010-08-04
216,12.9,2010-08-05
217,13.2,2010-08-06
218,12.1,2010-08-07
219,14.1,2010-08-08
220,14.1,2010-08-09
221,2.5,2010-08-10
222,12.3,2010-08-11
223,11.6,2010-08-12
224,14.6,2010-08-13
225,15.2,2010-08-14
226,13.3,2010-08-15
227,15.1,2010-08-16
228,16.0,2010-08-17
229,13.0,2010-08-18
230,15.2,2010-08-19
231,16.5,2010-08-20
232,15.6,2010-08-21
233,15.9,2010-08-22
234,6.2,2010-08-23
235,16.3,2010-08-24
236,17.1,2010-08-25
237,13.5,2010-08-26
238,14.7,2010-08-27
239,17.6,2010-08-28
240,17.1,2010-08-29
241,15.5,2010-08-30
242,17.9,2010-08-31
243,9.4,2010-09-01
244,5.4,2010-09-02
245,4.8,2010-09-03
246,3.0,2010-09-04
247,18.6,2010-09-05
248,15.1,2010-09-06
249,14.7,2010-09-07
250,18.9,2010-09-08
251,8.1,2010-09-09
252,10.0,2010-09-10
253,19.8,2010-09-11
254,18.9,2010-09-12
255,15.8,2010-09-13
256,3.8,2010-09-14
257,18.1,2010-09-15
258,19.7,2010-09-16
259,21.3,2010-09-17
260,21.3,2010-09-18
261,15.2,2010-09-19
262,17.7,2010-09-20
263,21.0,2010-09-21
264,18.6,2010-09-22
265,12.8,2010-09-23
266,22.1,2010-09-24
267,20.6,2010-09-25
268,22.4,2010-09-26
269,14.8,2010-09-27
270,23.1,2010-09-28
271,18.7,2010-09-29
272,24.0,2010-09-30
273,10.2,2010-10-01
274,9.4,2010-10-02
275,11.4,2010-10-03
276,13.3,2010-10-04
277,16.6,2010-10-05
278,7.7,2010-10-06
279,9.1,2010-10-07
280,20.5,2010-10-08
281,6.2,2010-10-09
282,20.0,2010-10-10
283,17.3,2010-10-11
284,16.3,2010-10-12
285,13.4,2010-10-13
286,20.8,2010-10-14
287,5.5,2010-10-15
288,24.5,2010-10-16
289,26.0,2010-10-17
290,27.2,2010-10-18
291,8.6,2010-10-19
292,26.8,2010-10-20
293,25.4,2010-10-21
294,24.0,2010-10-22
295,18.2,2010-10-23
296,3.7,2010-10-24
297,13.6,2010-10-25
298,26.4,2010-10-26
299,21.1,2010-10-27
300,16.4,2010-10-28
301,11.0,2010-10-29
302,25.0,2010-10-30
303,16.5,2010-10-31
304,7.9,2010-11-01
305,11.9,2010-11-02
306,25.9,2010-11-03
307,14.6,2010-11-04
308,16.3,2010-11-05
309,13.8,2010-11-06
310,28.1,2010-11-07
311,19.2,2010-11-08
312,21.0,2010-11-09
313,20.3,2010-11-10
314,26.0,2010-11-11
315,29.8,2010-11-12
316,23.8,2010-11-13
317,21.9,2010-11-14
318,3.1,2010-11-15
319,23.8,2010-11-16
320,16.1,2010-11-17
321,24.5,2010-11-18
322,7.7,2010-11-19
323,31.3,2010-11-20
324,31.0,2010-11-21
325,26.4,2010-11-22
326,29.1,2010-11-23
327,31.7,2010-11-24
328,31.1,2010-11-25
329,24.8,2010-11-26
330,25.8,2010-11-27
331,4.6,2010-11-28
332,6.8,2010-11-29
333,8.9,2010-11-30
334,5.4,2010-12-01
335,12.8,2010-12-02
336,18.8,2010-12-03
337,12.5,2010-12-04
338,19.2,2010-12-05
339,24.5,2010-12-06
340,27.9,2010-12-07
341,29.5,2010-12-08
342,12.4,2010-12-09
343,16.4,2010-12-10
344,32.2,2010-12-11
345,32.7,2010-12-12
346,31.9,2010-12-13
347,25.5,2010-12-14
348,28.9,2010-12-15
349,13.1,2010-12-16
350,13.7,2010-12-17
351,9.0,2010-12-18
352,16.2,2010-12-19
353,29.1,2010-12-20
354,33.8,2010-12-21
355,29.7,2010-12-22
356,26.0,2010-12-23
357,17.1,2010-12-24
358,32.2,2010-12-25
359,13.0,2010-12-26
360,6.0,2010-12-27
361,16.1,2010-12-28
362,32.5,2010-12-29
363,32.2,2010-12-30
364,31.8,2010-12-31
365,32.8,2011-01-01
366,25.6,2011-01-02
367,5.8,2011-01-03
368,10.6,2011-01-04
369,20.4,2011-01-05
370,26.9,2011-01-06
371,18.2,2011-01-07
372,26.9,2011-01-08
373,20.2,2011-01-09
374,16.6,2011-01-10
375,5.4,2011-01-11
376,21.0,2011-01-12
377,20.4,2011-01-13
378,22.3,2011-01-14
379,14.7,2011-01-15
380,24.3,2011-01-16
381,30.2,2011-01-17
382,19.3,2011-01-18
383,16.3,2011-01-19
384,26.3,2011-01-20
385,30.5,2011-01-21
386,30.8,2011-01-22
387,26.2,2011-01-23
388,15.9,2011-01-24
389,27.8,2011-01-25
390,21.8,2011-01-26
391,24.0,2011-01-27
392,14.4,2011-01-28
393,23.0,2011-01-29
394,30.5,2011-01-30
395,29.8,2011-01-31
396,29.8,2011-02-01
397,27.7,2011-02-02
398,17.4,2011-02-03
399,23.1,2011-02-04
400,26.5,2011-02-05
401,7.9,2011-02-06
402,11.7,2011-02-07
403,13.5,2011-02-08
404,14.0,2011-02-09
405,17.2,2011-02-10
406,21.4,2011-02-11
407,3.2,2011-02-12
408,4.6,2011-02-13
409,7.9,2011-02-14
410,12.9,2011-02-15
411,12.6,2011-02-16
412,17.9,2011-02-17
413,11.5,2011-02-18
414,20.9,2011-02-19
415,18.5,2011-02-20
416,18.0,2011-02-21
417,16.3,2011-02-22
418,17.3,2011-02-23
419,27.0,2011-02-24
420,20.2,2011-02-25
421,25.4,2011-02-26
422,9.4,2011-02-27
423,14.6,2011-02-28
424,10.4,2011-03-01
425,5.2,2011-03-02
426,23.8,2011-03-03
427,24.8,2011-03-04
428,11.4,2011-03-05
429,19.8,2011-03-06
430,15.7,2011-03-07
431,24.1,2011-03-08
432,12.6,2011-03-09
433,11.2,2011-03-10
434,11.1,2011-03-11
435,18.0,2011-03-12
436,21.8,2011-03-13
437,6.8,2011-03-14
438,10.4,2011-03-15
439,17.4,2011-03-16
440,12.0,2011-03-17
441,9.7,2011-03-18
442,5.6,2011-03-19
443,12.6,2011-03-20
444,4.6,2011-03-21
445,18.8,2011-03-22
446,19.4,2011-03-23
447,19.4,2011-03-24
448,17.9,2011-03-25
449,9.3,2011-03-26
450,11.3,2011-03-27
451,9.6,2011-03-28
452,15.1,2011-03-29
453,15.6,2011-03-30
454,2.9,2011-03-31
455,14.7,2011-04-01
456,12.5,2011-04-02
457,19.4,2011-04-03
458,17.6,2011-04-04
459,11.9,2011-04-05
460,13.6,2011-04-06
461,17.4,2011-04-07
462,15.6,2011-04-08
463,18.8,2011-04-09
464,7.4,2011-04-10
465,13.2,2011-04-11
466,15.4,2011-04-12
467,14.7,2011-04-13
468,17.6,2011-04-14
469,13.4,2011-04-15
470,4.4,2011-04-16
471,12.2,2011-04-17
472,16.8,2011-04-18
473,14.1,2011-04-19
474,6.5,2011-04-20
475,16.1,2011-04-21
476,15.1,2011-04-22
477,5.2,2011-04-23
478,12.2,2011-04-24
479,4.5,2011-04-25
480,6.4,2011-04-26
481,9.8,2011-04-27
482,7.2,2011-04-28
483,8.8,2011-04-29
484,5.6,2011-04-30
485,13.0,2011-05-01
486,5.5,2011-05-02
487,4.0,2011-05-03
488,12.9,2011-05-04
489,12.8,2011-05-05
490,13.5,2011-05-06
491,13.6,2011-05-07
492,13.6,2011-05-08
493,10.0,2011-05-09
494,12.6,2011-05-10
495,8.6,2011-05-11
496,13.4,2011-05-12
497,11.2,2011-05-13
498,12.8,2011-05-14
499,12.7,2011-05-15
500,12.7,2011-05-16
501,12.0,2011-05-17
502,12.0,2011-05-18
503,10.4,2011-05-19
504,11.8,2011-05-20
505,11.4,2011-05-21
506,9.6,2011-05-22
507,9.8,2011-05-23
508,5.5,2011-05-24
509,6.6,2011-05-25
510,9.3,2011-05-26
511,9.0,2011-05-27
512,9.0,2011-05-28
513,5.9,2011-05-29
514,2.5,2011-05-30
515,4.8,2011-05-31
516,7.2,2011-06-01
517,10.1,2011-06-02
518,10.6,2011-06-03
519,5.5,2011-06-04
520,10.7,2011-06-05
521,8.6,2011-06-06
522,8.9,2011-06-07
523,11.0,2011-06-08
524,10.4,2011-06-09
525,6.7,2011-06-10
526,6.7,2011-06-11
527,6.0,2011-06-12
528,6.0,2011-06-13
529,4.4,2011-06-14
530,7.7,2011-06-15
531,6.2,2011-06-16
532,9.8,2011-06-17
533,10.1,2011-06-18
534,10.2,2011-06-19
535,10.1,2011-06-20
536,8.7,2011-06-21
537,10.3,2011-06-22
538,10.0,2011-06-23
539,10.2,2011-06-24
540,10.2,2011-06-25
541,10.5,2011-06-26
542,9.2,2011-06-27
543,8.3,2011-06-28
544,6.3,2011-06-29
545,5.7,2011-06-30
546,7.3,2011-07-01
547,9.8,2011-07-02
548,9.9,2011-07-03
549,5.5,2011-07-04
550,10.5,2011-07-05
551,10.0,2011-07-06
552,10.4,2011-07-07
553,10.9,2011-07-08
554,10.7,2011-07-09
555,10.8,2011-07-10
556,10.8,2011-07-11
557,11.0,2011-07-12
558,2.7,2011-07-13
559,10.8,2011-07-14
560,9.1,2011-07-15
561,7.2,2011-07-16
562,6.8,2011-07-17
563,9.2,2011-07-18
564,8.2,2011-07-19
565,6.3,2011-07-20
566,2.2,2011-07-21
567,3.2,2011-07-22
568,6.0,2011-07-23
569,8.5,2011-07-24
570,10.2,2011-07-25
571,10.8,2011-07-26
572,10.8,2011-07-27
573,12.2,2011-07-28
574,12.8,2011-07-29
575,12.8,2011-07-30
576,10.6,2011-07-31
577,12.9,2011-08-01
578,12.7,2011-08-02
579,10.2,2011-08-03
580,13.0,2011-08-04
581,12.5,2011-08-05
582,8.8,2011-08-06
583,8.1,2011-08-07
584,10.0,2011-08-08
585,9.6,2011-08-09
586,12.6,2011-08-10
587,10.9,2011-08-11
588,9.1,2011-08-12
589,12.3,2011-08-13
590,10.4,2011-08-14
591,11.0,2011-08-15
592,12.6,2011-08-16
593,5.0,2011-08-17
594,14.8,2011-08-18
595,7.1,2011-08-19
596,12.8,2011-08-20
597,12.3,2011-08-21
598,12.4,2011-08-22
599,11.3,2011-08-23
600,16.1,2011-08-24
601,17.1,2011-08-25
602,16.3,2011-08-26
603,9.8,2011-08-27
604,14.2,2011-08-28
605,16.3,2011-08-29
606,11.7,2011-08-30
607,16.2,2011-08-31
608,13.8,2011-09-01
609,8.9,2011-09-02
610,15.1,2011-09-03
611,16.9,2011-09-04
612,12.2,2011-09-05
613,17.3,2011-09-06
614,17.5,2011-09-07
615,7.1,2011-09-08
616,3.8,2011-09-09
617,14.3,2011-09-10
618,17.0,2011-09-11
619,17.8,2011-09-12
620,19.8,2011-09-13
621,19.5,2011-09-14
622,17.4,2011-09-15
623,16.4,2011-09-16
624,18.6,2011-09-17
625,19.3,2011-09-18
626,18.4,2011-09-19
627,19.1,2011-09-20
628,21.1,2011-09-21
629,21.2,2011-09-22
630,21.2,2011-09-23
631,5.1,2011-09-24
632,3.9,2011-09-25
633,15.9,2011-09-26
634,20.1,2011-09-27
635,7.6,2011-09-28
636,14.3,2011-09-29
637,20.6,2011-09-30
638,15.1,2011-10-01
639,9.5,2011-10-02
640,18.9,2011-10-03
641,13.5,2011-10-04
642,17.3,2011-10-05
643,10.1,2011-10-06
644,16.3,2011-10-07
645,11.4,2011-10-08
646,16.5,2011-10-09
647,21.9,2011-10-10
648,21.4,2011-10-11
649,23.8,2011-10-12
650,14.2,2011-10-13
651,3.0,2011-10-14
652,20.2,2011-10-15
653,26.4,2011-10-16
654,23.3,2011-10-17
655,22.0,2011-10-18
656,27.0,2011-10-19
657,27.5,2011-10-20
658,26.9,2011-10-21
659,25.5,2011-10-22
660,25.0,2011-10-23
661,26.2,2011-10-24
662,3.5,2011-10-25
663,6.3,2011-10-26
664,8.2,2011-10-27
665,19.9,2011-10-28
666,13.3,2011-10-29
667,21.1,2011-10-30
668,23.1,2011-10-31
669,19.6,2011-11-01
670,25.4,2011-11-02
671,6.2,2011-11-03
672,21.7,2011-11-04
673,29.5,2011-11-05
674,20.3,2011-11-06
675,21.8,2011-11-07
676,19.9,2011-11-08
677,21.7,2011-11-09
678,13.3,2011-11-10
679,26.9,2011-11-11
680,25.4,2011-11-12
681,19.5,2011-11-13
682,25.2,2011-11-14
683,30.1,2011-11-15
684,4.5,2011-11-16
685,3.7,2011-11-17
686,26.1,2011-11-18
687,27.4,2011-11-19
688,16.3,2011-11-20
689,10.5,2011-11-21
690,2.3,2011-11-22
691,2.8,2011-11-23
692,3.7,2011-11-24
693,2.7,2011-11-25
694,16.7,2011-11-26
695,31.0,2011-11-27
696,31.6,2011-11-28
697,25.2,2011-11-29
698,13.5,2011-11-30
699,22.8,2011-12-01
700,18.6,2011-12-02
701,32.9,2011-12-03
702,12.1,2011-12-04
703,19.1,2011-12-05
704,8.8,2011-12-06
705,16.4,2011-12-07
706,11.6,2011-12-08
707,16.9,2011-12-09
708,15.9,2011-12-10
709,14.8,2011-12-11
710,6.5,2011-12-12
711,18.5,2011-12-13
712,22.3,2011-12-14
713,24.6,2011-12-15
714,12.6,2011-12-16
715,22.6,2011-12-17
716,20.2,2011-12-18
717,7.6,2011-12-19
718,18.2,2011-12-20
719,13.9,2011-12-21
720,9.8,2011-12-22
721,18.5,2011-12-23
722,28.8,2011-12-24
723,28.9,2011-12-25
724,14.4,2011-12-26
725,20.8,2011-12-27
726,28.2,2011-12-28
727,29.5,2011-12-29
728,25.6,2011-12-30
729,22.8,2011-12-31
730,33.9,2012-01-01
731,32.7,2012-01-02
732,32.1,2012-01-03
733,22.3,2012-01-04
734,21.7,2012-01-05
735,11.9,2012-01-06
736,32.5,2012-01-07
737,16.3,2012-01-08
738,31.8,2012-01-09
739,31.5,2012-01-10
740,32.7,2012-01-11
741,33.0,2012-01-12
742,32.2,2012-01-13
743,7.4,2012-01-14
744,20.1,2012-01-15
745,21.3,2012-01-16
746,32.0,2012-01-17
747,29.7,2012-01-18
748,26.8,2012-01-19
749,21.7,2012-01-20
750,12.0,2012-01-21
751,19.3,2012-01-22
752,24.7,2012-01-23
753,12.2,2012-01-24
754,7.7,2012-01-25
755,17.1,2012-01-26
756,14.2,2012-01-27
757,19.2,2012-01-28
758,23.1,2012-01-29
759,25.4,2012-01-30
760,15.8,2012-01-31
761,4.1,2012-02-01
762,3.0,2012-02-02
763,6.1,2012-02-03
764,24.2,2012-02-04
765,29.5,2012-02-05
766,23.8,2012-02-06
767,5.0,2012-02-07
768,6.9,2012-02-08
769,11.7,2012-02-09
770,19.1,2012-02-10
771,16.3,2012-02-11
772,20.3,2012-02-12
773,14.7,2012-02-13
774,20.5,2012-02-14
775,21.3,2012-02-15
776,27.2,2012-02-16
777,18.0,2012-02-17
778,22.0,2012-02-18
779,26.4,2012-02-19
780,17.8,2012-02-20
781,22.4,2012-02-21
782,21.9,2012-02-22
783,26.9,2012-02-23
784,27.3,2012-02-24
785,26.5,2012-02-25
786,12.1,2012-02-26
787,18.3,2012-02-27
788,13.2,2012-02-28
789,3.5,2012-02-29
790,4.4,2012-03-01
791,2.5,2012-03-02
792,3.1,2012-03-03
793,14.7,2012-03-04
794,25.7,2012-03-05
795,18.5,2012-03-06
796,11.8,2012-03-07
797,5.2,2012-03-08
798,23.9,2012-03-09
799,23.4,2012-03-10
800,23.6,2012-03-11
801,12.7,2012-03-12
802,22.9,2012-03-13
803,21.8,2012-03-14
804,17.6,2012-03-15
805,20.3,2012-03-16
806,2.7,2012-03-17
807,14.7,2012-03-18
808,7.8,2012-03-19
809,7.7,2012-03-20
810,16.5,2012-03-21
811,2.2,2012-03-22
812,22.9,2012-03-23
813,22.9,2012-03-24
814,10.0,2012-03-25
815,15.7,2012-03-26
816,14.5,2012-03-27
817,3.9,2012-03-28
818,12.8,2012-03-29
819,15.4,2012-03-30
820,19.0,2012-03-31
821,17.7,2012-04-01
822,17.7,2012-04-02
823,18.8,2012-04-03
824,18.6,2012-04-04
825,16.2,2012-04-05
826,17.7,2012-04-06
827,19.2,2012-04-07
828,7.3,2012-04-08
829,19.6,2012-04-09
830,16.6,2012-04-10
831,14.9,2012-04-11
832,16.6,2012-04-12
833,17.7,2012-04-13
834,15.1,2012-04-14
835,13.0,2012-04-15
836,14.3,2012-04-16
837,5.8,2012-04-17
838,2.9,2012-04-18
839,9.0,2012-04-19
840,15.3,2012-04-20
841,12.8,2012-04-21
842,8.6,2012-04-22
843,2.9,2012-04-23
844,12.4,2012-04-24
845,15.1,2012-04-25
846,13.1,2012-04-26
847,14.7,2012-04-27
848,12.0,2012-04-28
849,8.5,2012-04-29
850,9.1,2012-04-30
851,14.7,2012-05-01
852,14.8,2012-05-02
853,15.0,2012-05-03
854,15.3,2012-05-04
855,13.0,2012-05-05
856,15.2,2012-05-06
857,9.0,2012-05-07
858,13.5,2012-05-08
859,13.5,2012-05-09
860,13.3,2012-05-10
861,10.3,2012-05-11
862,11.7,2012-05-12
863,12.8,2012-05-13
864,11.4,2012-05-14
865,12.5,2012-05-15
866,12.0,2012-05-16
867,12.3,2012-05-17
868,12.2,2012-05-18
869,11.8,2012-05-19
870,9.6,2012-05-20
871,11.5,2012-05-21
872,11.6,2012-05-22
873,11.5,2012-05-23
874,3.8,2012-05-24
875,7.2,2012-05-25
876,10.7,2012-05-26
877,10.2,2012-05-27
878,10.7,2012-05-28
879,6.1,2012-05-29
880,9.2,2012-05-30
881,9.0,2012-05-31
882,8.0,2012-06-01
883,4.7,2012-06-02
884,3.0,2012-06-03
885,10.2,2012-06-04
886,6.1,2012-06-05
887,5.9,2012-06-06
888,10.7,2012-06-07
889,10.6,2012-06-08
890,10.6,2012-06-09
891,5.8,2012-06-10
892,2.5,2012-06-11
893,7.5,2012-06-12
894,7.1,2012-06-13
895,9.2,2012-06-14
896,8.2,2012-06-15
897,2.8,2012-06-16
898,10.2,2012-06-17
899,10.2,2012-06-18
900,10.1,2012-06-19
901,10.0,2012-06-20
902,5.3,2012-06-21
903,3.9,2012-06-22
904,10.1,2012-06-23
905,10.1,2012-06-24
906,10.2,2012-06-25
907,4.0,2012-06-26
908,9.2,2012-06-27
909,8.3,2012-06-28
910,9.3,2012-06-29
911,9.5,2012-06-30
912,8.5,2012-07-01
913,10.0,2012-07-02
914,10.2,2012-07-03
915,9.9,2012-07-04
916,8.0,2012-07-05
917,8.2,2012-07-06
918,5.5,2012-07-07
919,10.5,2012-07-08
920,10.7,2012-07-09
921,7.1,2012-07-10
922,11.0,2012-07-11
923,3.6,2012-07-12
924,10.1,2012-07-13
925,10.9,2012-07-14
926,11.3,2012-07-15
927,11.4,2012-07-16
928,11.5,2012-07-17
929,11.3,2012-07-18
930,8.9,2012-07-19
931,11.8,2012-07-20
932,6.2,2012-07-21
933,9.4,2012-07-22
934,5.5,2012-07-23
935,5.4,2012-07-24
936,10.8,2012-07-25
937,4.8,2012-07-26
938,12.2,2012-07-27
939,12.3,2012-07-28
940,10.2,2012-07-29
941,12.8,2012-07-30
942,9.9,2012-07-31
943,11.5,2012-08-01
944,13.1,2012-08-02
945,10.9,2012-08-03
946,13.1,2012-08-04
947,12.0,2012-08-05
948,13.7,2012-08-06
949,13.9,2012-08-07
950,14.1,2012-08-08
951,13.5,2012-08-09
952,8.8,2012-08-10
953,10.4,2012-08-11
954,9.5,2012-08-12
955,14.9,2012-08-13
956,11.1,2012-08-14
957,10.1,2012-08-15
958,15.2,2012-08-16
959,13.1,2012-08-17
960,14.7,2012-08-18
961,15.2,2012-08-19
962,16.2,2012-08-20
963,16.6,2012-08-21
964,14.5,2012-08-22
965,12.5,2012-08-23
966,17.1,2012-08-24
967,17.3,2012-08-25
968,17.2,2012-08-26
969,17.3,2012-08-27
970,16.5,2012-08-28
971,12.5,2012-08-29
972,17.4,2012-08-30
973,15.3,2012-08-31
974,13.1,2012-09-01
975,17.3,2012-09-02
976,17.6,2012-09-03
977,17.6,2012-09-04
978,18.0,2012-09-05
979,18.2,2012-09-06
980,14.1,2012-09-07
981,18.8,2012-09-08
982,19.0,2012-09-09
983,19.1,2012-09-10
984,16.6,2012-09-11
985,19.0,2012-09-12
986,8.7,2012-09-13
987,20.3,2012-09-14
988,18.5,2012-09-15
989,20.3,2012-09-16
990,16.1,2012-09-17
991,14.5,2012-09-18
992,19.8,2012-09-19
993,19.7,2012-09-20
994,11.6,2012-09-21
995,21.9,2012-09-22
996,22.4,2012-09-23
997,22.8,2012-09-24
998,15.1,2012-09-25
999,18.6,2012-09-26
1000,19.6,2012-09-27
1001,16.2,2012-09-28
1002,19.3,2012-09-29
1003,24.0,2012-09-30
1004,21.7,2012-10-01
1005,21.3,2012-10-02
1006,23.5,2012-10-03
1007,24.0,2012-10-04
1008,24.2,2012-10-05
1009,3.5,2012-10-06
1010,24.8,2012-10-07
1011,16.0,2012-10-08
1012,20.8,2012-10-09
1013,25.6,2012-10-10
1014,9.9,2012-10-11
1015,7.7,2012-10-12
1016,21.4,2012-10-13
1017,22.2,2012-10-14
1018,26.8,2012-10-15
1019,24.7,2012-10-16
1020,26.7,2012-10-17
1021,17.6,2012-10-18
1022,23.7,2012-10-19
1023,26.9,2012-10-20
1024,13.9,2012-10-21
1025,20.8,2012-10-22
1026,23.7,2012-10-23
1027,27.6,2012-10-24
1028,27.6,2012-10-25
1029,5.6,2012-10-26
1030,27.2,2012-10-27
1031,17.6,2012-10-28
1032,27.2,2012-10-29
1033,27.7,2012-10-30
1034,28.7,2012-10-31
1035,11.1,2012-11-01
1036,28.4,2012-11-02
1037,6.0,2012-11-03
1038,25.4,2012-11-04
1039,26.2,2012-11-05
1040,22.8,2012-11-06
1041,5.6,2012-11-07
1042,20.2,2012-11-08
1043,18.5,2012-11-09
1044,14.1,2012-11-10
1045,29.9,2012-11-11
1046,29.5,2012-11-12
1047,27.9,2012-11-13
1048,11.3,2012-11-14
1049,21.6,2012-11-15
1050,2.4,2012-11-16
1051,20.1,2012-11-17
1052,24.9,2012-11-18
1053,21.0,2012-11-19
1054,22.9,2012-11-20
1055,26.0,2012-11-21
1056,6.4,2012-11-22
1057,20.2,2012-11-23
1058,28.3,2012-11-24
1059,31.9,2012-11-25
1060,20.1,2012-11-26
1061,11.0,2012-11-27
1062,4.5,2012-11-28
1063,26.2,2012-11-29
1064,21.5,2012-11-30
1065,19.0,2012-12-01
1066,18.8,2012-12-02
1067,10.2,2012-12-03
1068,33.2,2012-12-04
1069,33.1,2012-12-05
1070,33.3,2012-12-06
1071,14.0,2012-12-07
1072,30.7,2012-12-08
1073,19.9,2012-12-09
1074,7.3,2012-12-10
1075,15.9,2012-12-11
1076,22.2,2012-12-12
1077,33.8,2012-12-13
1078,13.0,2012-12-14
1079,6.4,2012-12-15
1080,27.4,2012-12-16
1081,7.4,2012-12-17
1082,33.4,2012-12-18
1083,21.5,2012-12-19
1084,21.4,2012-12-20
1085,12.2,2012-12-21
1086,18.6,2012-12-22
1087,29.6,2012-12-23
1088,25.0,2012-12-24
1089,2.5,2012-12-25
1090,11.9,2012-12-26
1091,30.7,2012-12-27
1092,29.8,2012-12-28
1093,29.6,2012-12-29
1094,16.6,2012-12-30
1095,34.1,2012-12-31
1096,32.4,2013-01-01
1097,17.1,2013-01-02
1098,26.3,2013-01-03
1099,33.5,2013-01-04
1100,33.5,2013-01-05
1101,33.2,2013-01-06
1102,26.1,2013-01-07
1103,24.8,2013-01-08
1104,28.5,2013-01-09
1105,12.2,2013-01-10
1106,30.1,2013-01-11
1107,16.1,2013-01-12
1108,5.3,2013-01-13
1109,27.9,2013-01-14
1110,25.0,2013-01-15
1111,30.6,2013-01-16
1112,31.6,2013-01-17
1113,26.9,2013-01-18
1114,9.0,2013-01-19
1115,9.6,2013-01-20
1116,16.4,2013-01-21
1117,18.5,2013-01-22
1118,15.8,2013-01-23
1119,27.1,2013-01-24
1120,26.6,2013-01-25
1121,22.8,2013-01-26
1122,3.4,2013-01-27
1123,2.5,2013-01-28
1124,17.5,2013-01-29
1125,19.8,2013-01-30
1126,29.6,2013-01-31
1127,12.6,2013-02-01
1128,8.0,2013-02-02
1129,16.1,2013-02-03
1130,21.8,2013-02-04
1131,25.8,2013-02-05
1132,26.5,2013-02-06
1133,30.3,2013-02-07
1134,30.1,2013-02-08
1135,21.8,2013-02-09
1136,22.5,2013-02-10
1137,6.1,2013-02-11
1138,7.7,2013-02-12
1139,20.4,2013-02-13
1140,22.3,2013-02-14
1141,15.8,2013-02-15
1142,17.8,2013-02-16
1143,19.4,2013-02-17
1144,19.9,2013-02-18
1145,24.8,2013-02-19
1146,22.7,2013-02-20
1147,24.2,2013-02-21
1148,18.4,2013-02-22
1149,3.9,2013-02-23
1150,20.2,2013-02-24
1151,20.1,2013-02-25
1152,18.2,2013-02-26
1153,21.3,2013-02-27
1154,5.6,2013-02-28
1155,3.0,2013-03-01
1156,10.4,2013-03-02
1157,13.5,2013-03-03
1158,21.6,2013-03-04
1159,21.9,2013-03-05
1160,16.3,2013-03-06
1161,25.8,2013-03-07
1162,16.7,2013-03-08
1163,22.2,2013-03-09
1164,23.5,2013-03-10
1165,19.0,2013-03-11
1166,15.5,2013-03-12
1167,24.3,2013-03-13
1168,9.1,2013-03-14
1169,8.6,2013-03-15
1170,23.2,2013-03-16
1171,22.1,2013-03-17
1172,22.5,2013-03-18
1173,20.0,2013-03-19
1174,18.1,2013-03-20
1175,19.7,2013-03-21
1176,14.4,2013-03-22
1177,16.4,2013-03-23
1178,21.8,2013-03-24
1179,20.4,2013-03-25
1180,15.3,2013-03-26
1181,18.6,2013-03-27
1182,14.1,2013-03-28
1183,16.0,2013-03-29
1184,19.6,2013-03-30
1185,15.9,2013-03-31
1186,16.6,2013-04-01
1187,20.4,2013-04-02
1188,4.6,2013-04-03
1189,8.1,2013-04-04
1190,10.8,2013-04-05
1191,10.4,2013-04-06
1192,16.7,2013-04-07
1193,15.7,2013-04-08
1194,15.6,2013-04-09
1195,18.2,2013-04-10
1196,18.4,2013-04-11
1197,14.8,2013-04-12
1198,17.9,2013-04-13
1199,17.6,2013-04-14
1200,10.7,2013-04-15
1201,8.6,2013-04-16
1202,11.8,2013-04-17
1203,13.4,2013-04-18
1204,14.4,2013-04-19
1205,5.5,2013-04-20
1206,16.0,2013-04-21
1207,15.1,2013-04-22
1208,15.1,2013-04-23
1209,15.9,2013-04-24
1210,15.6,2013-04-25
1211,15.2,2013-04-26
1212,15.0,2013-04-27
1213,15.0,2013-04-28
1214,14.1,2013-04-29
1215,7.7,2013-04-30
1216,13.4,2013-05-01
1217,13.5,2013-05-02
1218,14.9,2013-05-03
1219,13.4,2013-05-04
1220,12.0,2013-05-05
1221,13.1,2013-05-06
1222,10.1,2013-05-07
1223,11.9,2013-05-08
1224,13.6,2013-05-09
1225,13.3,2013-05-10
1226,11.5,2013-05-11
1227,11.9,2013-05-12
1228,8.2,2013-05-13
1229,11.9,2013-05-14
1230,12.6,2013-05-15
1231,9.1,2013-05-16
1232,12.4,2013-05-17
1233,12.4,2013-05-18
1234,12.2,2013-05-19
1235,11.6,2013-05-20
1236,10.7,2013-05-21
1237,5.6,2013-05-22
1238,3.4,2013-05-23
1239,6.1,2013-05-24
1240,11.4,2013-05-25
1241,11.4,2013-05-26
1242,9.5,2013-05-27
1243,8.1,2013-05-28
1244,7.9,2013-05-29
1245,9.7,2013-05-30
1246,10.1,2013-05-31
1247,6.4,2013-06-01
1248,3.4,2013-06-02
1249,11.0,2013-06-03
1250,10.4,2013-06-04
1251,8.9,2013-06-05
1252,6.1,2013-06-06
1253,6.8,2013-06-07
1254,7.3,2013-06-08
1255,9.5,2013-06-09
1256,7.2,2013-06-10
1257,9.8,2013-06-11
1258,3.2,2013-06-12
1259,9.6,2013-06-13
1260,9.4,2013-06-14
1261,8.4,2013-06-15
1262,10.0,2013-06-16
1263,8.1,2013-06-17
1264,9.6,2013-06-18
1265,8.6,2013-06-19
1266,9.5,2013-06-20
1267,9.0,2013-06-21
1268,7.0,2013-06-22
1269,3.2,2013-06-23
1270,5.2,2013-06-24
1271,3.5,2013-06-25
1272,5.8,2013-06-26
1273,5.6,2013-06-27
1274,4.2,2013-06-28
1275,3.2,2013-06-29
1276,5.7,2013-06-30
1277,10.3,2013-07-01
1278,10.6,2013-07-02
1279,11.0,2013-07-03
1280,11.0,2013-07-04
1281,10.1,2013-07-05
1282,11.2,2013-07-06
1283,10.9,2013-07-07
1284,10.9,2013-07-08
1285,9.0,2013-07-09
1286,7.0,2013-07-10
1287,10.7,2013-07-11
1288,10.9,2013-07-12
1289,7.5,2013-07-13
1290,10.2,2013-07-14
1291,5.7,2013-07-15
1292,8.1,2013-07-16
1293,7.8,2013-07-17
1294,9.0,2013-07-18
1295,4.0,2013-07-19
1296,10.0,2013-07-20
1297,12.3,2013-07-21
1298,11.8,2013-07-22
1299,11.5,2013-07-23
1300,10.3,2013-07-24
1301,12.6,2013-07-25
1302,12.7,2013-07-26
1303,12.7,2013-07-27
1304,11.2,2013-07-28
1305,12.6,2013-07-29
1306,9.7,2013-07-30
1307,10.8,2013-07-31
1308,12.9,2013-08-01
1309,11.6,2013-08-02
1310,13.1,2013-08-03
1311,13.2,2013-08-04
1312,13.6,2013-08-05
1313,12.7,2013-08-06
1314,12.8,2013-08-07
1315,6.4,2013-08-08
1316,12.9,2013-08-09
1317,14.5,2013-08-10
1318,14.7,2013-08-11
1319,10.4,2013-08-12
1320,15.1,2013-08-13
1321,15.1,2013-08-14
1322,15.5,2013-08-15
1323,15.8,2013-08-16
1324,13.5,2013-08-17
1325,15.9,2013-08-18
1326,14.6,2013-08-19
1327,16.6,2013-08-20
1328,15.9,2013-08-21
1329,13.1,2013-08-22
1330,9.6,2013-08-23
1331,16.4,2013-08-24
1332,17.0,2013-08-25
1333,16.1,2013-08-26
1334,16.4,2013-08-27
1335,17.1,2013-08-28
1336,12.8,2013-08-29
1337,17.8,2013-08-30
1338,16.1,2013-08-31
1339,17.0,2013-09-01
1340,16.9,2013-09-02
1341,17.1,2013-09-03
1342,17.7,2013-09-04
1343,16.9,2013-09-05
1344,16.5,2013-09-06
1345,17.6,2013-09-07
1346,5.3,2013-09-08
1347,13.3,2013-09-09
1348,17.9,2013-09-10
1349,16.4,2013-09-11
1350,18.3,2013-09-12
1351,13.9,2013-09-13
1352,15.7,2013-09-14
1353,15.5,2013-09-15
1354,3.8,2013-09-16
1355,14.0,2013-09-17
1356,17.2,2013-09-18
1357,21.2,2013-09-19
1358,17.2,2013-09-20
1359,21.0,2013-09-21
1360,20.7,2013-09-22
1361,21.6,2013-09-23
1362,15.5,2013-09-24
1363,21.3,2013-09-25
1364,21.9,2013-09-26
1365,23.0,2013-09-27
1366,22.9,2013-09-28
1367,22.6,2013-09-29
1368,22.6,2013-09-30
1369,14.1,2013-10-01
1370,23.5,2013-10-02
1371,11.7,2013-10-03
1372,23.3,2013-10-04
1373,23.0,2013-10-05
1374,23.5,2013-10-06
1375,17.4,2013-10-07
1376,21.1,2013-10-08
1377,25.1,2013-10-09
1378,23.9,2013-10-10
1379,23.2,2013-10-11
1380,25.4,2013-10-12
1381,25.0,2013-10-13
1382,21.6,2013-10-14
1383,26.4,2013-10-15
1384,26.7,2013-10-16
1385,20.5,2013-10-17
1386,24.5,2013-10-18
1387,26.7,2013-10-19
1388,25.1,2013-10-20
1389,25.2,2013-10-21
1390,4.1,2013-10-22
1391,24.0,2013-10-23
1392,25.4,2013-10-24
1393,26.3,2013-10-25
1394,25.1,2013-10-26
1395,22.8,2013-10-27
1396,17.4,2013-10-28
1397,16.3,2013-10-29
1398,23.2,2013-10-30
1399,25.6,2013-10-31
1400,20.8,2013-11-01
1401,22.1,2013-11-02
1402,17.8,2013-11-03
1403,27.1,2013-11-04
1404,16.8,2013-11-05
1405,28.2,2013-11-06
1406,27.4,2013-11-07
1407,22.6,2013-11-08
1408,21.9,2013-11-09
1409,3.7,2013-11-10
1410,3.4,2013-11-11
1411,8.9,2013-11-12
1412,24.7,2013-11-13
1413,28.2,2013-11-14
1414,18.1,2013-11-15
1415,15.6,2013-11-16
1416,3.4,2013-11-17
1417,3.2,2013-11-18
1418,22.1,2013-11-19
1419,29.1,2013-11-20
1420,23.6,2013-11-21
1421,6.5,2013-11-22
1422,17.9,2013-11-23
1423,27.6,2013-11-24
1424,17.8,2013-11-25
1425,20.4,2013-11-26
1426,29.9,2013-11-27
1427,26.8,2013-11-28
1428,2.6,2013-11-29
1429,19.7,2013-11-30
1430,20.8,2013-12-01
1431,28.4,2013-12-02
1432,32.2,2013-12-03
1433,22.2,2013-12-04
1434,18.4,2013-12-05
1435,31.7,2013-12-06
1436,30.9,2013-12-07
1437,31.4,2013-12-08
1438,10.1,2013-12-09
1439,29.2,2013-12-10
1440,30.7,2013-12-11
1441,25.1,2013-12-12
1442,31.3,2013-12-13
1443,19.1,2013-12-14
1444,18.6,2013-12-15
1445,16.4,2013-12-16
1446,30.6,2013-12-17
1447,29.6,2013-12-18
1448,32.2,2013-12-19
1449,28.3,2013-12-20
1450,30.0,2013-12-21
1451,23.4,2013-12-22
1452,9.4,2013-12-23
1453,5.6,2013-12-24
1454,3.1,2013-12-25
1455,27.8,2013-12-26
1456,26.4,2013-12-27
1457,30.3,2013-12-28
1458,33.0,2013-12-29
1459,31.7,2013-12-30
1460,31.5,2013-12-31
1461,21.7,2014-01-01
1462,12.5,2014-01-02
1463,22.8,2014-01-03
1464,32.9,2014-01-04
1465,28.2,2014-01-05
1466,34.2,2014-01-06
1467,13.2,2014-01-07
1468,9.0,2014-01-08
1469,16.9,2014-01-09
1470,24.4,2014-01-10
1471,27.0,2014-01-11
1472,25.2,2014-01-12
1473,28.7,2014-01-13
1474,32.1,2014-01-14
1475,32.1,2014-01-15
1476,32.3,2014-01-16
1477,31.8,2014-01-17
1478,32.2,2014-01-18
1479,24.7,2014-01-19
1480,11.7,2014-01-20
1481,8.2,2014-01-21
1482,3.4,2014-01-22
1483,10.6,2014-01-23
1484,13.4,2014-01-24
1485,21.2,2014-01-25
1486,8.6,2014-01-26
1487,28.0,2014-01-27
1488,31.0,2014-01-28
1489,30.8,2014-01-29
1490,30.7,2014-01-30
1491,30.2,2014-01-31
1492,25.0,2014-02-01
1493,27.3,2014-02-02
1494,29.6,2014-02-03
1495,4.9,2014-02-04
1496,17.3,2014-02-05
1497,12.5,2014-02-06
1498,29.4,2014-02-07
1499,28.9,2014-02-08
1500,29.2,2014-02-09
1501,13.6,2014-02-10
1502,12.0,2014-02-11
1503,11.0,2014-02-12
1504,19.2,2014-02-13
1505,7.5,2014-02-14
1506,5.9,2014-02-15
1507,3.2,2014-02-16
1508,12.9,2014-02-17
1509,14.7,2014-02-18
1510,3.4,2014-02-19
1511,27.4,2014-02-20
1512,27.1,2014-02-21
1513,20.5,2014-02-22
1514,18.1,2014-02-23
1515,23.8,2014-02-24
1516,23.3,2014-02-25
1517,17.7,2014-02-26
1518,4.5,2014-02-27
1519,3.3,2014-02-28
1520,6.3,2014-03-01
1521,9.7,2014-03-02
1522,14.3,2014-03-03
1523,10.3,2014-03-04
1524,19.2,2014-03-05
1525,9.7,2014-03-06
1526,15.7,2014-03-07
1527,20.1,2014-03-08
1528,19.4,2014-03-09
1529,20.6,2014-03-10
1530,20.7,2014-03-11
1531,16.3,2014-03-12
1532,15.9,2014-03-13
1533,17.7,2014-03-14
1534,14.6,2014-03-15
1535,13.3,2014-03-16
1536,22.9,2014-03-17
1537,20.6,2014-03-18
1538,19.5,2014-03-19
1539,17.0,2014-03-20
1540,14.2,2014-03-21
1541,17.5,2014-03-22
1542,15.9,2014-03-23
1543,2.9,2014-03-24
1544,15.9,2014-03-25
1545,4.9,2014-03-26
1546,3.5,2014-03-27
1547,6.9,2014-03-28
1548,13.9,2014-03-29
1549,16.5,2014-03-30
1550,15.2,2014-03-31
1551,14.9,2014-04-01
1552,18.7,2014-04-02
1553,16.4,2014-04-03
1554,3.2,2014-04-04
1555,12.9,2014-04-05
1556,7.8,2014-04-06
1557,11.3,2014-04-07
1558,8.7,2014-04-08
1559,12.5,2014-04-09
1560,3.8,2014-04-10
1561,11.7,2014-04-11
1562,7.4,2014-04-12
1563,9.1,2014-04-13
1564,11.9,2014-04-14
1565,13.0,2014-04-15
1566,12.1,2014-04-16
1567,15.4,2014-04-17
1568,16.4,2014-04-18
1569,15.0,2014-04-19
1570,15.7,2014-04-20
1571,16.0,2014-04-21
1572,15.0,2014-04-22
1573,14.7,2014-04-23
1574,14.1,2014-04-24
1575,6.8,2014-04-25
1576,6.6,2014-04-26
1577,6.0,2014-04-27
1578,9.6,2014-04-28
1579,13.5,2014-04-29
1580,12.0,2014-04-30
1581,14.6,2014-05-01
1582,11.0,2014-05-02
1583,6.1,2014-05-03
1584,13.1,2014-05-04
1585,13.0,2014-05-05
1586,13.2,2014-05-06
1587,12.9,2014-05-07
1588,11.7,2014-05-08
1589,10.8,2014-05-09
1590,10.6,2014-05-10
1591,11.2,2014-05-11
1592,11.6,2014-05-12
1593,11.4,2014-05-13
1594,12.1,2014-05-14
1595,12.7,2014-05-15
1596,12.7,2014-05-16
1597,12.3,2014-05-17
1598,8.7,2014-05-18
1599,11.4,2014-05-19
1600,10.2,2014-05-20
1601,10.9,2014-05-21
1602,11.7,2014-05-22
1603,11.3,2014-05-23
1604,10.1,2014-05-24
1605,10.1,2014-05-25
1606,11.0,2014-05-26
1607,9.8,2014-05-27
1608,11.2,2014-05-28
1609,9.5,2014-05-29
1610,10.0,2014-05-30
1611,7.9,2014-05-31
1612,3.8,2014-06-01
1613,8.3,2014-06-02
1614,10.8,2014-06-03
1615,10.3,2014-06-04
1616,4.6,2014-06-05
1617,6.0,2014-06-06
1618,10.6,2014-06-07
1619,9.2,2014-06-08
1620,7.7,2014-06-09
1621,6.2,2014-06-10
1622,6.7,2014-06-11
1623,9.8,2014-06-12
1624,6.7,2014-06-13
1625,6.9,2014-06-14
1626,5.9,2014-06-15
1627,10.4,2014-06-16
1628,10.3,2014-06-17
1629,10.3,2014-06-18
1630,10.4,2014-06-19
1631,6.4,2014-06-20
1632,10.3,2014-06-21
1633,7.2,2014-06-22
1634,4.5,2014-06-23
1635,10.5,2014-06-24
1636,10.5,2014-06-25
1637,10.5,2014-06-26
1638,9.8,2014-06-27
1639,10.0,2014-06-28
1640,10.5,2014-06-29
1641,10.7,2014-06-30
1642,10.6,2014-07-01
1643,10.5,2014-07-02
1644,10.9,2014-07-03
1645,11.1,2014-07-04
1646,10.5,2014-07-05
1647,10.7,2014-07-06
1648,10.9,2014-07-07
1649,11.1,2014-07-08
1650,11.0,2014-07-09
1651,11.0,2014-07-10
1652,11.1,2014-07-11
1653,10.8,2014-07-12
1654,11.1,2014-07-13
1655,9.7,2014-07-14
1656,4.9,2014-07-15
1657,7.3,2014-07-16
1658,10.9,2014-07-17
1659,11.3,2014-07-18
1660,9.2,2014-07-19
1661,7.2,2014-07-20
1662,10.8,2014-07-21
1663,10.8,2014-07-22
1664,11.2,2014-07-23
1665,8.0,2014-07-24
1666,4.2,2014-07-25
1667,6.7,2014-07-26
1668,12.3,2014-07-27
1669,10.7,2014-07-28
1670,10.7,2014-07-29
1671,12.2,2014-07-30
1672,13.0,2014-07-31
1673,11.4,2014-08-01
1674,13.2,2014-08-02
1675,11.6,2014-08-03
1676,12.9,2014-08-04
1677,13.4,2014-08-05
1678,13.6,2014-08-06
1679,12.2,2014-08-07
1680,10.2,2014-08-08
1681,13.0,2014-08-09
1682,10.1,2014-08-10
1683,10.4,2014-08-11
1684,10.6,2014-08-12
1685,13.9,2014-08-13
1686,13.5,2014-08-14
1687,13.8,2014-08-15
1688,7.7,2014-08-16
1689,5.7,2014-08-17
1690,4.7,2014-08-18
1691,8.5,2014-08-19
1692,12.3,2014-08-20
1693,12.0,2014-08-21
1694,13.2,2014-08-22
1695,9.3,2014-08-23
1696,14.2,2014-08-24
1697,15.0,2014-08-25
1698,5.3,2014-08-26
1699,12.0,2014-08-27
1700,12.4,2014-08-28
1701,11.1,2014-08-29
1702,5.9,2014-08-30
1703,16.7,2014-08-31
1704,16.3,2014-09-01
1705,7.9,2014-09-02
1706,15.3,2014-09-03
1707,11.2,2014-09-04
1708,14.6,2014-09-05
1709,9.7,2014-09-06
1710,12.2,2014-09-07
1711,15.5,2014-09-08
1712,17.2,2014-09-09
1713,17.4,2014-09-10
1714,19.2,2014-09-11
1715,7.6,2014-09-12
1716,11.7,2014-09-13
1717,19.2,2014-09-14
1718,18.0,2014-09-15
1719,13.3,2014-09-16
1720,20.1,2014-09-17
1721,20.8,2014-09-18
1722,19.5,2014-09-19
1723,18.5,2014-09-20
1724,17.8,2014-09-21
1725,19.2,2014-09-22
1726,20.2,2014-09-23
1727,18.8,2014-09-24
1728,9.2,2014-09-25
1729,16.5,2014-09-26
1730,17.1,2014-09-27
1731,21.1,2014-09-28
1732,21.2,2014-09-29
1733,15.5,2014-09-30
1734,21.9,2014-10-01
1735,22.1,2014-10-02
1736,17.1,2014-10-03
1737,18.2,2014-10-04
1738,22.7,2014-10-05
1739,21.9,2014-10-06
1740,21.2,2014-10-07
1741,17.6,2014-10-08
1742,17.8,2014-10-09
1743,19.5,2014-10-10
1744,23.8,2014-10-11
1745,24.0,2014-10-12
1746,10.9,2014-10-13
1747,9.5,2014-10-14
1748,6.7,2014-10-15
1749,23.3,2014-10-16
1750,17.9,2014-10-17
1751,21.8,2014-10-18
1752,25.9,2014-10-19
1753,11.2,2014-10-20
1754,7.0,2014-10-21
1755,24.8,2014-10-22
1756,26.1,2014-10-23
1757,21.9,2014-10-24
1758,25.9,2014-10-25
1759,26.5,2014-10-26
1760,17.1,2014-10-27
1761,19.6,2014-10-28
1762,26.9,2014-10-29
1763,26.7,2014-10-30
1764,26.1,2014-10-31
1765,22.1,2014-11-01
1766,27.5,2014-11-02
1767,21.0,2014-11-03
1768,23.5,2014-11-04
1769,12.2,2014-11-05
1770,23.8,2014-11-06
1771,28.5,2014-11-07
1772,29.6,2014-11-08
1773,28.9,2014-11-09
1774,14.4,2014-11-10
1775,8.7,2014-11-11
1776,18.3,2014-11-12
1777,21.7,2014-11-13
1778,26.3,2014-11-14
1779,10.8,2014-11-15
1780,17.0,2014-11-16
1781,29.0,2014-11-17
1782,27.9,2014-11-18
1783,21.3,2014-11-19
1784,25.5,2014-11-20
1785,27.0,2014-11-21
1786,26.0,2014-11-22
1787,24.6,2014-11-23
1788,13.4,2014-11-24
1789,15.7,2014-11-25
1790,14.1,2014-11-26
1791,5.3,2014-11-27
1792,26.3,2014-11-28
1793,30.7,2014-11-29
1794,23.1,2014-11-30
1795,20.0,2014-12-01
1796,28.0,2014-12-02
1797,20.5,2014-12-03
1798,13.1,2014-12-04
1799,20.8,2014-12-05
1800,16.9,2014-12-06
1801,20.3,2014-12-07
1802,21.1,2014-12-08
1803,14.9,2014-12-09
1804,11.2,2014-12-10
1805,3.9,2014-12-11
1806,23.1,2014-12-12
1807,23.2,2014-12-13
1808,31.3,2014-12-14
1809,31.8,2014-12-15
1810,20.9,2014-12-16
1811,18.6,2014-12-17
1812,21.6,2014-12-18
1813,27.5,2014-12-19
1814,27.6,2014-12-20
1815,30.6,2014-12-21
1816,26.8,2014-12-22
1817,15.3,2014-12-23
1818,21.1,2014-12-24
1819,19.0,2014-12-25
1820,29.9,2014-12-26
1821,8.7,2014-12-27
1822,10.8,2014-12-28
1823,30.6,2014-12-29
1824,33.3,2014-12-30
1825,26.4,2014-12-31
1826,30.6,2015-01-01
1827,19.3,2015-01-02
1828,31.4,2015-01-03
1829,23.5,2015-01-04
1830,15.5,2015-01-05
1831,24.6,2015-01-06
1832,29.2,2015-01-07
1833,31.7,2015-01-08
1834,21.6,2015-01-09
1835,14.3,2015-01-10
1836,3.4,2015-01-11
1837,15.2,2015-01-12
1838,21.9,2015-01-13
1839,28.3,2015-01-14
1840,28.4,2015-01-15
1841,29.6,2015-01-16
1842,32.2,2015-01-17
1843,30.6,2015-01-18
1844,3.8,2015-01-19
1845,21.1,2015-01-20
1846,26.5,2015-01-21
1847,27.1,2015-01-22
1848,28.1,2015-01-23
1849,23.5,2015-01-24
1850,29.7,2015-01-25
1851,3.2,2015-01-26
1852,3.5,2015-01-27
1853,5.1,2015-01-28
1854,27.0,2015-01-29
1855,27.6,2015-01-30
1856,28.5,2015-01-31
1857,20.5,2015-02-01
1858,23.1,2015-02-02
1859,26.1,2015-02-03
1860,17.1,2015-02-04
1861,12.9,2015-02-05
1862,19.5,2015-02-06
1863,21.0,2015-02-07
1864,27.6,2015-02-08
1865,11.2,2015-02-09
1866,18.1,2015-02-10
1867,22.1,2015-02-11
1868,23.8,2015-02-12
1869,17.1,2015-02-13
1870,14.9,2015-02-14
1871,20.0,2015-02-15
1872,24.5,2015-02-16
1873,26.0,2015-02-17
1874,24.8,2015-02-18
1875,12.8,2015-02-19
1876,15.4,2015-02-20
1877,8.4,2015-02-21
1878,15.4,2015-02-22
1879,16.5,2015-02-23
1880,18.0,2015-02-24
1881,9.4,2015-02-25
1882,13.0,2015-02-26
1883,20.0,2015-02-27
1884,20.0,2015-02-28
1885,14.7,2015-03-01
1886,9.9,2015-03-02
1887,20.5,2015-03-03
1888,20.0,2015-03-04
1889,22.6,2015-03-05
1890,23.7,2015-03-06
1891,15.8,2015-03-07
1892,21.7,2015-03-08
1893,24.0,2015-03-09
1894,11.8,2015-03-10
1895,19.1,2015-03-11
1896,19.9,2015-03-12
1897,3.5,2015-03-13
1898,21.4,2015-03-14
1899,14.0,2015-03-15
1900,15.0,2015-03-16
1901,11.2,2015-03-17
1902,16.6,2015-03-18
1903,21.9,2015-03-19
1904,11.9,2015-03-20
1905,10.9,2015-03-21
1906,6.6,2015-03-22
1907,17.4,2015-03-23
1908,3.7,2015-03-24
1909,15.8,2015-03-25
1910,20.5,2015-03-26
1911,21.3,2015-03-27
1912,19.5,2015-03-28
1913,16.6,2015-03-29
1914,9.5,2015-03-30
1915,8.6,2015-03-31
1916,14.6,2015-04-01
1917,13.6,2015-04-02
1918,3.5,2015-04-03
1919,3.5,2015-04-04
1920,17.7,2015-04-05
1921,14.4,2015-04-06
1922,15.7,2015-04-07
1923,12.6,2015-04-08
1924,13.7,2015-04-09
1925,11.7,2015-04-10
1926,11.0,2015-04-11
1927,13.1,2015-04-12
1928,13.7,2015-04-13
1929,15.5,2015-04-14
1930,16.3,2015-04-15
1931,14.5,2015-04-16
1932,4.9,2015-04-17
1933,11.3,2015-04-18
1934,15.2,2015-04-19
1935,2.9,2015-04-20
1936,3.1,2015-04-21
1937,3.5,2015-04-22
1938,12.1,2015-04-23
1939,13.5,2015-04-24
1940,12.9,2015-04-25
1941,5.5,2015-04-26
1942,13.3,2015-04-27
1943,14.8,2015-04-28
1944,9.6,2015-04-29
1945,8.0,2015-04-30
1946,7.8,2015-05-01
1947,7.4,2015-05-02
1948,7.1,2015-05-03
1949,7.9,2015-05-04
1950,13.7,2015-05-05
1951,14.0,2015-05-06
1952,13.8,2015-05-07
1953,13.6,2015-05-08
1954,13.4,2015-05-09
1955,11.6,2015-05-10
1956,12.1,2015-05-11
1957,13.1,2015-05-12
1958,12.2,2015-05-13
1959,12.9,2015-05-14
1960,11.9,2015-05-15
1961,12.1,2015-05-16
1962,10.3,2015-05-17
1963,7.8,2015-05-18
1964,5.2,2015-05-19
1965,10.9,2015-05-20
1966,9.7,2015-05-21
1967,5.4,2015-05-22
1968,11.3,2015-05-23
1969,11.8,2015-05-24
1970,9.5,2015-05-25
1971,11.0,2015-05-26
1972,10.0,2015-05-27
1973,9.9,2015-05-28
1974,3.4,2015-05-29
1975,6.4,2015-05-30
1976,4.4,2015-05-31
1977,11.3,2015-06-01
1978,11.2,2015-06-02
1979,10.7,2015-06-03
1980,11.0,2015-06-04
1981,9.7,2015-06-05
1982,10.6,2015-06-06
1983,10.8,2015-06-07
1984,11.0,2015-06-08
1985,9.5,2015-06-09
1986,4.4,2015-06-10
1987,6.6,2015-06-11
1988,7.5,2015-06-12
1989,9.3,2015-06-13
1990,9.5,2015-06-14
1991,6.4,2015-06-15
1992,3.2,2015-06-16
1993,3.9,2015-06-17
1994,6.5,2015-06-18
1995,7.6,2015-06-19
1996,10.1,2015-06-20
1997,6.8,2015-06-21
1998,10.5,2015-06-22
1999,10.2,2015-06-23
2000,9.5,2015-06-24
2001,5.5,2015-06-25
2002,10.2,2015-06-26
2003,10.6,2015-06-27
2004,10.5,2015-06-28
2005,9.7,2015-06-29
2006,8.1,2015-06-30
2007,10.1,2015-07-01
2008,10.4,2015-07-02
2009,10.2,2015-07-03
2010,10.8,2015-07-04
2011,10.8,2015-07-05
2012,10.9,2015-07-06
2013,7.1,2015-07-07
2014,9.5,2015-07-08
2015,10.8,2015-07-09
2016,4.8,2015-07-10
2017,10.8,2015-07-11
2018,9.5,2015-07-12
2019,8.8,2015-07-13
2020,11.2,2015-07-14
2021,11.3,2015-07-15
2022,5.6,2015-07-16
2023,7.0,2015-07-17
2024,9.0,2015-07-18
2025,9.6,2015-07-19
2026,9.4,2015-07-20
2027,11.5,2015-07-21
2028,7.3,2015-07-22
2029,8.0,2015-07-23
2030,8.1,2015-07-24
2031,12.2,2015-07-25
2032,11.8,2015-07-26
2033,12.5,2015-07-27
2034,12.2,2015-07-28
2035,12.4,2015-07-29
2036,12.2,2015-07-30
2037,12.5,2015-07-31
2038,9.9,2015-08-01
2039,11.1,2015-08-02
2040,13.1,2015-08-03
2041,11.8,2015-08-04
2042,7.4,2015-08-05
2043,12.8,2015-08-06
2044,13.1,2015-08-07
2045,12.1,2015-08-08
2046,13.5,2015-08-09
2047,13.8,2015-08-10
2048,13.4,2015-08-11
2049,10.3,2015-08-12
2050,14.4,2015-08-13
2051,14.3,2015-08-14
2052,10.6,2015-08-15
2053,13.8,2015-08-16
2054,14.0,2015-08-17
2055,14.3,2015-08-18
2056,11.8,2015-08-19
2057,15.1,2015-08-20
2058,14.9,2015-08-21
2059,14.6,2015-08-22
2060,4.6,2015-08-23
2061,5.8,2015-08-24
2062,10.4,2015-08-25
2063,9.0,2015-08-26
2064,10.5,2015-08-27
2065,14.1,2015-08-28
2066,16.5,2015-08-29
2067,15.0,2015-08-30
2068,16.2,2015-08-31
2069,17.6,2015-09-01
2070,14.9,2015-09-02
2071,14.7,2015-09-03
2072,10.4,2015-09-04
2073,15.0,2015-09-05
2074,10.3,2015-09-06
2075,15.8,2015-09-07
2076,18.4,2015-09-08
2077,18.6,2015-09-09
2078,13.7,2015-09-10
2079,19.1,2015-09-11
2080,19.3,2015-09-12
2081,18.5,2015-09-13
2082,19.4,2015-09-14
2083,18.8,2015-09-15
2084,20.1,2015-09-16
2085,15.2,2015-09-17
2086,18.5,2015-09-18
2087,12.9,2015-09-19
2088,13.3,2015-09-20
2089,19.0,2015-09-21
2090,19.4,2015-09-22
2091,17.9,2015-09-23
2092,16.6,2015-09-24
2093,10.1,2015-09-25
2094,15.0,2015-09-26
2095,15.8,2015-09-27
2096,22.5,2015-09-28
2097,22.0,2015-09-29
2098,14.3,2015-09-30
2099,20.8,2015-10-01
2100,21.4,2015-10-02
2101,23.9,2015-10-03
2102,16.4,2015-10-04
2103,23.8,2015-10-05
2104,24.2,2015-10-06
2105,8.7,2015-10-07
2106,8.8,2015-10-08
2107,23.3,2015-10-09
2108,20.7,2015-10-10
2109,13.8,2015-10-11
2110,22.6,2015-10-12
2111,5.5,2015-10-13
2112,18.4,2015-10-14
2113,25.5,2015-10-15
2114,25.6,2015-10-16
2115,21.9,2015-10-17
2116,13.6,2015-10-18
2117,22.4,2015-10-19
2118,19.2,2015-10-20
2119,7.5,2015-10-21
2120,5.8,2015-10-22
2121,15.0,2015-10-23
2122,25.3,2015-10-24
2123,22.4,2015-10-25
2124,11.6,2015-10-26
2125,10.5,2015-10-27
2126,19.4,2015-10-28
2127,26.3,2015-10-29
2128,24.3,2015-10-30
2129,16.5,2015-10-31
2130,23.7,2015-11-01
2131,25.5,2015-11-02
2132,3.9,2015-11-03
2133,3.9,2015-11-04
2134,5.3,2015-11-05
2135,18.3,2015-11-06
2136,18.3,2015-11-07
2137,16.5,2015-11-08
2138,28.9,2015-11-09
2139,29.3,2015-11-10
2140,9.9,2015-11-11
2141,15.0,2015-11-12
2142,16.6,2015-11-13
2143,8.2,2015-11-14
2144,13.0,2015-11-15
2145,28.7,2015-11-16
2146,30.7,2015-11-17
2147,30.1,2015-11-18
2148,28.6,2015-11-19
2149,30.7,2015-11-20
2150,12.0,2015-11-21
2151,8.3,2015-11-22
2152,30.2,2015-11-23
2153,29.2,2015-11-24
2154,32.3,2015-11-25
2155,27.3,2015-11-26
2156,21.5,2015-11-27
2157,7.9,2015-11-28
2158,19.8,2015-11-29
2159,31.3,2015-11-30
2160,28.8,2015-12-01
2161,18.7,2015-12-02
2162,17.5,2015-12-03
2163,23.1,2015-12-04
2164,32.1,2015-12-05
2165,31.1,2015-12-06
2166,23.1,2015-12-07
2167,10.6,2015-12-08
2168,24.5,2015-12-09
2169,23.3,2015-12-10
2170,29.6,2015-12-11
2171,26.7,2015-12-12
2172,17.9,2015-12-13
2173,32.7,2015-12-14
2174,20.0,2015-12-15
2175,7.8,2015-12-16
2176,24.0,2015-12-17
2177,32.2,2015-12-18
2178,32.1,2015-12-19
2179,32.2,2015-12-20
2180,8.4,2015-12-21
2181,2.9,2015-12-22
2182,17.3,2015-12-23
2183,27.1,2015-12-24
2184,19.1,2015-12-25
2185,17.9,2015-12-26
2186,22.4,2015-12-27
2187,17.6,2015-12-28
2188,30.7,2015-12-29
2189,33.3,2015-12-30
2190,30.7,2015-12-31
2191,32.2,2016-01-01
2192,21.7,2016-01-02
2193,10.3,2016-01-03
2194,6.4,2016-01-04
2195,4.4,2016-01-05
2196,3.1,2016-01-06
2197,19.6,2016-01-07
2198,30.0,2016-01-08
2199,23.4,2016-01-09
2200,30.9,2016-01-10
2201,27.6,2016-01-11
2202,19.1,2016-01-12
2203,30.6,2016-01-13
2204,13.5,2016-01-14
2205,12.3,2016-01-15
2206,19.9,2016-01-16
2207,23.6,2016-01-17
2208,30.9,2016-01-18
2209,31.1,2016-01-19
2210,27.5,2016-01-20
2211,21.7,2016-01-21
2212,6.1,2016-01-22
2213,17.3,2016-01-23
2214,9.3,2016-01-24
2215,5.5,2016-01-25
2216,22.2,2016-01-26
2217,6.6,2016-01-27
2218,22.1,2016-01-28
2219,11.6,2016-01-29
2220,16.3,2016-01-30
2221,23.7,2016-01-31
2222,11.6,2016-02-01
2223,26.8,2016-02-02
2224,26.3,2016-02-03
2225,12.5,2016-02-04
2226,17.4,2016-02-05
2227,19.5,2016-02-06
2228,25.0,2016-02-07
2229,28.2,2016-02-08
2230,25.3,2016-02-09
2231,28.1,2016-02-10
2232,22.7,2016-02-11
2233,24.8,2016-02-12
2234,27.6,2016-02-13
2235,23.3,2016-02-14
2236,22.2,2016-02-15
2237,22.4,2016-02-16
2238,22.8,2016-02-17
2239,23.3,2016-02-18
2240,25.9,2016-02-19
2241,15.1,2016-02-20
2242,21.6,2016-02-21
2243,24.6,2016-02-22
2244,25.6,2016-02-23
2245,23.3,2016-02-24
2246,25.7,2016-02-25
2247,10.7,2016-02-26
2248,22.1,2016-02-27
2249,22.7,2016-02-28
2250,14.0,2016-02-29
2251,16.2,2016-03-01
2252,21.9,2016-03-02
2253,23.2,2016-03-03
2254,19.3,2016-03-04
2255,24.3,2016-03-05
2256,22.5,2016-03-06
2257,22.4,2016-03-07
2258,22.3,2016-03-08
2259,22.3,2016-03-09
2260,18.6,2016-03-10
2261,6.1,2016-03-11
2262,21.7,2016-03-12
2263,16.7,2016-03-13
2264,13.6,2016-03-14
2265,11.2,2016-03-15
2266,16.9,2016-03-16
2267,17.6,2016-03-17
2268,10.2,2016-03-18
2269,20.5,2016-03-19
2270,16.0,2016-03-20
2271,11.3,2016-03-21
2272,15.0,2016-03-22
2273,20.5,2016-03-23
2274,20.0,2016-03-24
2275,6.2,2016-03-25
2276,19.7,2016-03-26
2277,16.7,2016-03-27
2278,12.8,2016-03-28
2279,5.5,2016-03-29
2280,15.1,2016-03-30
2281,18.5,2016-03-31
2282,20.0,2016-04-01
2283,18.8,2016-04-02
2284,15.8,2016-04-03
2285,10.7,2016-04-04
2286,19.3,2016-04-05
2287,19.1,2016-04-06
2288,4.5,2016-04-07
2289,4.0,2016-04-08
2290,18.2,2016-04-09
2291,17.8,2016-04-10
2292,18.6,2016-04-11
2293,10.6,2016-04-12
2294,12.9,2016-04-13
2295,10.5,2016-04-14
2296,17.4,2016-04-15
2297,15.6,2016-04-16
2298,8.0,2016-04-17
2299,13.9,2016-04-18
2300,12.6,2016-04-19
2301,15.6,2016-04-20
2302,16.1,2016-04-21
2303,8.7,2016-04-22
2304,5.4,2016-04-23
2305,14.1,2016-04-24
2306,15.9,2016-04-25
2307,14.4,2016-04-26
2308,15.2,2016-04-27
2309,13.5,2016-04-28
2310,9.9,2016-04-29
2311,10.2,2016-04-30
2312,9.4,2016-05-01
2313,12.6,2016-05-02
2314,15.4,2016-05-03
2315,14.9,2016-05-04
2316,15.2,2016-05-05
2317,15.0,2016-05-06
2318,14.5,2016-05-07
2319,4.8,2016-05-08
2320,4.3,2016-05-09
2321,14.4,2016-05-10
2322,13.5,2016-05-11
2323,14.0,2016-05-12
2324,14.3,2016-05-13
2325,14.2,2016-05-14
2326,7.8,2016-05-15
2327,12.2,2016-05-16
2328,12.3,2016-05-17
2329,9.4,2016-05-18
2330,12.1,2016-05-19
2331,12.0,2016-05-20
2332,9.7,2016-05-21
2333,11.6,2016-05-22
2334,10.5,2016-05-23
2335,11.6,2016-05-24
2336,11.5,2016-05-25
2337,6.7,2016-05-26
2338,11.5,2016-05-27
2339,5.1,2016-05-28
2340,11.4,2016-05-29
2341,11.4,2016-05-30
2342,6.4,2016-05-31
2343,6.5,2016-06-01
2344,10.8,2016-06-02
2345,7.2,2016-06-03
2346,2.9,2016-06-04
2347,2.3,2016-06-05
2348,8.3,2016-06-06
2349,9.3,2016-06-07
2350,11.0,2016-06-08
2351,9.5,2016-06-09
2352,10.8,2016-06-10
2353,10.7,2016-06-11
2354,10.9,2016-06-12
2355,10.3,2016-06-13
2356,10.9,2016-06-14
2357,10.2,2016-06-15
2358,11.0,2016-06-16
2359,6.5,2016-06-17
2360,8.5,2016-06-18
2361,3.6,2016-06-19
2362,7.8,2016-06-20
2363,9.7,2016-06-21
2364,10.2,2016-06-22
2365,9.5,2016-06-23
2366,8.0,2016-06-24
2367,11.0,2016-06-25
2368,9.3,2016-06-26
2369,5.3,2016-06-27
2370,11.1,2016-06-28
2371,11.1,2016-06-29
2372,8.1,2016-06-30
2373,11.1,2016-07-01
2374,11.2,2016-07-02
2375,11.2,2016-07-03
2376,9.9,2016-07-04
2377,9.5,2016-07-05
2378,9.5,2016-07-06
2379,7.7,2016-07-07
2380,5.0,2016-07-08
2381,9.0,2016-07-09
2382,10.1,2016-07-10
2383,2.9,2016-07-11
2384,11.0,2016-07-12
2385,11.6,2016-07-13
2386,11.6,2016-07-14
2387,14.6,2016-07-15
2388,10.8,2016-07-16
2389,9.1,2016-07-17
2390,11.6,2016-07-18
2391,10.6,2016-07-19
2392,3.2,2016-07-20
2393,8.2,2016-07-21
2394,10.6,2016-07-22
2395,12.5,2016-07-23
2396,9.8,2016-07-24
2397,12.7,2016-07-25
2398,12.8,2016-07-26
2399,12.1,2016-07-27
2400,13.0,2016-07-28
2401,13.1,2016-07-29
2402,12.1,2016-07-30
2403,8.4,2016-07-31
2404,5.5,2016-08-01
2405,6.0,2016-08-02
2406,7.5,2016-08-03
2407,10.8,2016-08-04
2408,8.2,2016-08-05
2409,9.6,2016-08-06
2410,10.6,2016-08-07
2411,14.2,2016-08-08
2412,12.5,2016-08-09
2413,14.2,2016-08-10
2414,14.6,2016-08-11
2415,14.2,2016-08-12
2416,14.8,2016-08-13
2417,13.1,2016-08-14
2418,15.0,2016-08-15
2419,15.2,2016-08-16
2420,15.1,2016-08-17
2421,15.5,2016-08-18
2422,14.0,2016-08-19
2423,14.6,2016-08-20
2424,15.9,2016-08-21
2425,6.3,2016-08-22
2426,12.4,2016-08-23
2427,4.2,2016-08-24
2428,13.8,2016-08-25
2429,13.4,2016-08-26
2430,16.9,2016-08-27
2431,17.0,2016-08-28
2432,12.5,2016-08-29
2433,14.3,2016-08-30
2434,9.1,2016-08-31
2435,16.2,2016-09-01
2436,3.5,2016-09-02
2437,15.1,2016-09-03
2438,18.0,2016-09-04
2439,18.3,2016-09-05
2440,18.5,2016-09-06
2441,17.0,2016-09-07
2442,13.5,2016-09-08
2443,17.5,2016-09-09
2444,17.8,2016-09-10
2445,18.5,2016-09-11
2446,19.1,2016-09-12
2447,9.7,2016-09-13
2448,13.2,2016-09-14
2449,18.2,2016-09-15
2450,18.1,2016-09-16
2451,18.7,2016-09-17
2452,4.4,2016-09-18
2453,20.6,2016-09-19
2454,19.0,2016-09-20
2455,11.1,2016-09-21
2456,11.5,2016-09-22
2457,13.7,2016-09-23
2458,19.6,2016-09-24
2459,11.7,2016-09-25
2460,21.1,2016-09-26
2461,21.1,2016-09-27
2462,21.6,2016-09-28
2463,10.6,2016-09-29
2464,17.9,2016-09-30
2465,21.8,2016-10-01
2466,23.2,2016-10-02
2467,17.9,2016-10-03
2468,23.4,2016-10-04
2469,23.6,2016-10-05
2470,22.9,2016-10-06
2471,22.1,2016-10-07
2472,17.6,2016-10-08
2473,22.0,2016-10-09
2474,20.8,2016-10-10
2475,24.8,2016-10-11
2476,21.5,2016-10-12
2477,20.9,2016-10-13
2478,25.2,2016-10-14
2479,25.5,2016-10-15
2480,25.6,2016-10-16
2481,6.7,2016-10-17
2482,25.2,2016-10-18
2483,24.8,2016-10-19
2484,19.0,2016-10-20
2485,21.2,2016-10-21
2486,12.2,2016-10-22
2487,22.8,2016-10-23
2488,27.0,2016-10-24
2489,26.8,2016-10-25
2490,20.8,2016-10-26
2491,19.7,2016-10-27
2492,7.7,2016-10-28
2493,16.9,2016-10-29
2494,14.5,2016-10-30
2495,27.9,2016-10-31
2496,27.6,2016-11-01
2497,28.3,2016-11-02
2498,28.1,2016-11-03
2499,28.5,2016-11-04
2500,28.6,2016-11-05
2501,28.8,2016-11-06
2502,28.8,2016-11-07
2503,14.1,2016-11-08
2504,12.5,2016-11-09
2505,25.0,2016-11-10
2506,26.8,2016-11-11
2507,25.6,2016-11-12
2508,29.1,2016-11-13
2509,18.5,2016-11-14
2510,21.4,2016-11-15
2511,29.7,2016-11-16
2512,27.5,2016-11-17
2513,28.6,2016-11-18
2514,23.8,2016-11-19
2515,25.9,2016-11-20
2516,14.3,2016-11-21
2517,20.7,2016-11-22
2518,18.7,2016-11-23
2519,30.7,2016-11-24
2520,30.7,2016-11-25
2521,30.0,2016-11-26
2522,17.9,2016-11-27
2523,24.3,2016-11-28
2524,23.2,2016-11-29
2525,19.6,2016-11-30
2526,27.6,2016-12-01
2527,24.3,2016-12-02
2528,26.0,2016-12-03
2529,28.9,2016-12-04
2530,17.3,2016-12-05
2531,5.6,2016-12-06
2532,24.0,2016-12-07
2533,29.5,2016-12-08
2534,31.8,2016-12-09
2535,27.1,2016-12-10
2536,26.6,2016-12-11
2537,30.6,2016-12-12
2538,27.8,2016-12-13
2539,14.0,2016-12-14
2540,1.1,2016-12-15
2541,4.2,2016-12-16
2542,27.5,2016-12-17
2543,11.5,2016-12-18
2544,20.1,2016-12-19
2545,29.4,2016-12-20
2546,30.2,2016-12-21
2547,11.3,2016-12-22
2548,19.9,2016-12-23
2549,20.5,2016-12-24
2550,29.8,2016-12-25
2551,28.5,2016-12-26
2552,27.6,2016-12-27
2553,26.4,2016-12-28
2554,22.2,2016-12-29
2555,9.8,2016-12-30
2556,22.4,2016-12-31
2557,10.1,2017-01-01
2558,15.7,2017-01-02
2559,22.7,2017-01-03
2560,21.4,2017-01-04
2561,12.4,2017-01-05
2562,15.7,2017-01-06
2563,28.9,2017-01-07
2564,29.5,2017-01-08
2565,29.0,2017-01-09
2566,22.8,2017-01-10
2567,22.6,2017-01-11
2568,22.6,2017-01-12
2569,28.4,2017-01-13
2570,21.7,2017-01-14
2571,23.1,2017-01-15
2572,28.5,2017-01-16
2573,28.5,2017-01-17
2574,28.1,2017-01-18
2575,7.2,2017-01-19
2576,7.8,2017-01-20
2577,27.5,2017-01-21
2578,24.8,2017-01-22
2579,30.4,2017-01-23
2580,10.9,2017-01-24
2581,6.4,2017-01-25
2582,8.5,2017-01-26
2583,14.8,2017-01-27
2584,29.9,2017-01-28
2585,24.0,2017-01-29
2586,25.8,2017-01-30
2587,22.7,2017-01-31
2588,4.8,2017-02-01
2589,17.6,2017-02-02
2590,7.5,2017-02-03
2591,17.5,2017-02-04
2592,19.8,2017-02-05
2593,28.4,2017-02-06
2594,5.3,2017-02-07
2595,15.4,2017-02-08
2596,28.1,2017-02-09
2597,28.2,2017-02-10
2598,25.3,2017-02-11
2599,24.0,2017-02-12
2600,27.6,2017-02-13
2601,15.6,2017-02-14
2602,19.5,2017-02-15
2603,26.1,2017-02-16
2604,13.2,2017-02-17
2605,18.2,2017-02-18
2606,21.6,2017-02-19
2607,26.6,2017-02-20
2608,21.2,2017-02-21
2609,25.4,2017-02-22
2610,26.0,2017-02-23
2611,17.5,2017-02-24
2612,3.8,2017-02-25
2613,17.1,2017-02-26
2614,20.7,2017-02-27
2615,16.9,2017-02-28
2616,12.7,2017-03-01
2617,13.4,2017-03-02
2618,8.3,2017-03-03
2619,7.6,2017-03-04
2620,9.5,2017-03-05
2621,19.4,2017-03-06
2622,13.4,2017-03-07
2623,10.0,2017-03-08
2624,9.9,2017-03-09
2625,19.4,2017-03-10
2626,21.6,2017-03-11
2627,21.8,2017-03-12
2628,20.0,2017-03-13
2629,1.6,2017-03-14
2630,13.6,2017-03-15
2631,5.8,2017-03-16
2632,6.9,2017-03-17
2633,9.7,2017-03-18
2634,13.8,2017-03-19
2635,13.2,2017-03-20
2636,10.8,2017-03-21
2637,12.7,2017-03-22
2638,5.5,2017-03-23
2639,15.9,2017-03-24
2640,10.1,2017-03-25
2641,19.5,2017-03-26
2642,20.0,2017-03-27
2643,7.8,2017-03-28
2644,17.9,2017-03-29
2645,1.7,2017-03-30
2646,19.0,2017-03-31
2647,18.1,2017-04-01
2648,7.9,2017-04-02
2649,9.2,2017-04-03
2650,13.8,2017-04-04
2651,15.8,2017-04-05
2652,16.3,2017-04-06
2653,16.5,2017-04-07
2654,15.7,2017-04-08
2655,17.2,2017-04-09
2656,10.7,2017-04-10
2657,12.9,2017-04-11
2658,8.9,2017-04-12
2659,13.2,2017-04-13
2660,16.8,2017-04-14
2661,16.1,2017-04-15
2662,15.0,2017-04-16
2663,13.4,2017-04-17
2664,14.3,2017-04-18
2665,13.9,2017-04-19
2666,13.5,2017-04-20
2667,13.6,2017-04-21
2668,11.1,2017-04-22
2669,15.3,2017-04-23
2670,15.1,2017-04-24
2671,8.8,2017-04-25
2672,10.8,2017-04-26
2673,13.7,2017-04-27
2674,14.7,2017-04-28
2675,14.5,2017-04-29
2676,12.3,2017-04-30
2677,13.4,2017-05-01
2678,12.2,2017-05-02
2679,8.1,2017-05-03
2680,7.8,2017-05-04
2681,13.7,2017-05-05
2682,13.4,2017-05-06
2683,13.5,2017-05-07
2684,12.6,2017-05-08
2685,11.8,2017-05-09
2686,13.1,2017-05-10
2687,12.4,2017-05-11
2688,5.8,2017-05-12
2689,12.5,2017-05-13
2690,8.2,2017-05-14
2691,10.6,2017-05-15
2692,12.6,2017-05-16
2693,12.4,2017-05-17
2694,10.3,2017-05-18
2695,5.0,2017-05-19
2696,9.1,2017-05-20
2697,12.0,2017-05-21
2698,10.7,2017-05-22
2699,11.8,2017-05-23
2700,11.9,2017-05-24
2701,11.8,2017-05-25
2702,11.6,2017-05-26
2703,11.2,2017-05-27
2704,11.4,2017-05-28
2705,11.6,2017-05-29
2706,11.4,2017-05-30
2707,10.6,2017-05-31
2708,11.3,2017-06-01
2709,9.7,2017-06-02
2710,8.4,2017-06-03
2711,9.5,2017-06-04
2712,11.2,2017-06-05
2713,8.3,2017-06-06
2714,2.6,2017-06-07
2715,6.3,2017-06-08
2716,9.0,2017-06-09
2717,7.5,2017-06-10
2718,8.1,2017-06-11
2719,10.4,2017-06-12
2720,10.0,2017-06-13
2721,8.8,2017-06-14
2722,10.6,2017-06-15
2723,6.2,2017-06-16
2724,7.6,2017-06-17
2725,9.8,2017-06-18
2726,9.6,2017-06-19
2727,9.7,2017-06-20
2728,8.3,2017-06-21
2729,11.0,2017-06-22
2730,8.3,2017-06-23
2731,10.7,2017-06-24
2732,11.0,2017-06-25
2733,11.0,2017-06-26
2734,9.6,2017-06-27
2735,5.6,2017-06-28
2736,9.2,2017-06-29
2737,11.1,2017-06-30
2738,11.0,2017-07-01
2739,11.1,2017-07-02
2740,6.7,2017-07-03
2741,11.2,2017-07-04
2742,11.2,2017-07-05
2743,11.3,2017-07-06
2744,11.4,2017-07-07
2745,10.5,2017-07-08
2746,11.5,2017-07-09
2747,11.4,2017-07-10
2748,11.0,2017-07-11
2749,8.2,2017-07-12
2750,11.7,2017-07-13
2751,10.7,2017-07-14
2752,11.3,2017-07-15
2753,11.9,2017-07-16
2754,10.3,2017-07-17
2755,12.0,2017-07-18
2756,11.5,2017-07-19
2757,12.2,2017-07-20
2758,12.2,2017-07-21
2759,12.4,2017-07-22
2760,12.5,2017-07-23
2761,12.5,2017-07-24
2762,12.6,2017-07-25
2763,12.7,2017-07-26
2764,12.8,2017-07-27
2765,12.8,2017-07-28
2766,13.0,2017-07-29
2767,10.3,2017-07-30
2768,4.1,2017-07-31
2769,13.1,2017-08-01
2770,13.0,2017-08-02
2771,9.1,2017-08-03
2772,13.3,2017-08-04
2773,13.8,2017-08-05
2774,13.7,2017-08-06
2775,13.8,2017-08-07
2776,14.1,2017-08-08
2777,14.2,2017-08-09
2778,13.7,2017-08-10
2779,13.3,2017-08-11
2780,11.5,2017-08-12
2781,14.6,2017-08-13
2782,14.6,2017-08-14
2783,7.1,2017-08-15
2784,14.3,2017-08-16
2785,15.2,2017-08-17
2786,15.3,2017-08-18
2787,14.7,2017-08-19
2788,14.9,2017-08-20
2789,8.8,2017-08-21
2790,15.9,2017-08-22
2791,16.0,2017-08-23
2792,12.6,2017-08-24
2793,14.9,2017-08-25
2794,16.5,2017-08-26
2795,15.5,2017-08-27
2796,14.6,2017-08-28
2797,15.1,2017-08-29
2798,17.0,2017-08-30
2799,15.7,2017-08-31
2800,16.1,2017-09-01
2801,17.3,2017-09-02
2802,13.7,2017-09-03
2803,17.9,2017-09-04
2804,17.9,2017-09-05
2805,18.2,2017-09-06
2806,18.4,2017-09-07
2807,17.8,2017-09-08
2808,18.6,2017-09-09
2809,17.7,2017-09-10
2810,18.8,2017-09-11
2811,12.0,2017-09-12
2812,18.5,2017-09-13
2813,19.4,2017-09-14
2814,19.7,2017-09-15
2815,14.2,2017-09-16
2816,20.2,2017-09-17
2817,20.3,2017-09-18
2818,20.4,2017-09-19
2819,19.7,2017-09-20
2820,21.0,2017-09-21
2821,20.7,2017-09-22
2822,16.4,2017-09-23
2823,15.8,2017-09-24
2824,21.1,2017-09-25
2825,21.7,2017-09-26
2826,18.0,2017-09-27
2827,10.1,2017-09-28
2828,22.2,2017-09-29
2829,14.2,2017-09-30
2830,22.9,2017-10-01
2831,20.3,2017-10-02
2832,16.4,2017-10-03
2833,23.2,2017-10-04
2834,22.5,2017-10-05
2835,13.3,2017-10-06
2836,20.7,2017-10-07
2837,12.3,2017-10-08
2838,22.3,2017-10-09
2839,15.4,2017-10-10
2840,14.2,2017-10-11
2841,23.6,2017-10-12
2842,23.2,2017-10-13
2843,5.1,2017-10-14
2844,12.4,2017-10-15
2845,22.2,2017-10-16
2846,22.7,2017-10-17
2847,22.8,2017-10-18
2848,26.1,2017-10-19
2849,4.0,2017-10-20
2850,24.0,2017-10-21
2851,18.0,2017-10-22
2852,24.8,2017-10-23
2853,26.5,2017-10-24
2854,18.3,2017-10-25
2855,13.6,2017-10-26
2856,17.8,2017-10-27
2857,21.7,2017-10-28
2858,24.8,2017-10-29
2859,24.7,2017-10-30
2860,24.4,2017-10-31
2861,24.8,2017-11-01
2862,23.3,2017-11-02
2863,16.5,2017-11-03
2864,5.0,2017-11-04
2865,7.5,2017-11-05
2866,20.3,2017-11-06
2867,28.3,2017-11-07
2868,22.4,2017-11-08
2869,27.3,2017-11-09
2870,28.0,2017-11-10
2871,24.6,2017-11-11
2872,28.1,2017-11-12
2873,25.8,2017-11-13
2874,26.8,2017-11-14
2875,29.2,2017-11-15
2876,17.6,2017-11-16
2877,16.7,2017-11-17
2878,16.0,2017-11-18
2879,23.2,2017-11-19
2880,19.5,2017-11-20
2881,23.6,2017-11-21
2882,18.2,2017-11-22
2883,29.1,2017-11-23
2884,25.1,2017-11-24
2885,30.9,2017-11-25
2886,22.95,2017-11-26
2887,15.0,2017-11-27
2888,26.7,2017-11-28
2889,22.1,2017-11-29
2890,25.6,2017-11-30
2891,30.4,2017-12-01
2892,9.5,2017-12-02
2893,26.0,2017-12-03
2894,6.6,2017-12-04
2895,16.1,2017-12-05
2896,20.5,2017-12-06
2897,27.4,2017-12-07
2898,22.2,2017-12-08
2899,22.3,2017-12-09
2900,31.0,2017-12-10
2901,31.9,2017-12-11
2902,30.6,2017-12-12
2903,31.8,2017-12-13
2904,27.4,2017-12-14
2905,8.9,2017-12-15
2906,31.3,2017-12-16
2907,16.6,2017-12-17
2908,24.5,2017-12-18
2909,27.7,2017-12-19
2910,19.6,2017-12-20
2911,5.2,2017-12-21
2912,19.7,2017-12-22
2913,32.1,2017-12-23
2914,22.8,2017-12-24
2915,4.9,2017-12-25
2916,4.3,2017-12-26
2917,24.3,2017-12-27
2918,29.1,2017-12-28
2919,25.0,2017-12-29
2920,20.5,2017-12-30
2921,22.4,2017-12-31
2922,31.8,2018-01-01
2923,23.0,2018-01-02
2924,18.1,2018-01-03
2925,19.1,2018-01-04
2926,31.9,2018-01-05
2927,31.8,2018-01-06
2928,28.7,2018-01-07
2929,16.0,2018-01-08
2930,12.6,2018-01-09
2931,10.3,2018-01-10
2932,14.6,2018-01-11
2933,23.5,2018-01-12
2934,20.6,2018-01-13
2935,26.9,2018-01-14
2936,27.5,2018-01-15
2937,20.4,2018-01-16
2938,30.9,2018-01-17
2939,31.0,2018-01-18
2940,30.9,2018-01-19
2941,30.9,2018-01-20
2942,30.8,2018-01-21
2943,24.3,2018-01-22
2944,6.1,2018-01-23
2945,25.6,2018-01-24
2946,11.8,2018-01-25
2947,15.1,2018-01-26
2948,28.4,2018-01-27
2949,20.2,2018-01-28
2950,28.1,2018-01-29
2951,29.0,2018-01-30
2952,5.0,2018-01-31
2953,17.6,2018-02-01
2954,13.8,2018-02-02
2955,23.6,2018-02-03
2956,27.3,2018-02-04
2957,28.6,2018-02-05
2958,26.6,2018-02-06
2959,26.9,2018-02-07
2960,28.2,2018-02-08
2961,22.1,2018-02-09
2962,25.4,2018-02-10
2963,19.7,2018-02-11
2964,24.9,2018-02-12
2965,23.3,2018-02-13
2966,25.2,2018-02-14
2967,25.5,2018-02-15
2968,21.8,2018-02-16
2969,25.0,2018-02-17
2970,24.7,2018-02-18
2971,17.2,2018-02-19
2972,14.1,2018-02-20
2973,14.0,2018-02-21
2974,18.1,2018-02-22
2975,20.4,2018-02-23
2976,18.6,2018-02-24
2977,1.2,2018-02-25
2978,9.3,2018-02-26
2979,18.4,2018-02-27
2980,24.9,2018-02-28
2981,18.8,2018-03-01
2982,16.1,2018-03-02
2983,23.6,2018-03-03
2984,15.7,2018-03-04
2985,4.9,2018-03-05
2986,17.3,2018-03-06
2987,20.3,2018-03-07
2988,19.0,2018-03-08
2989,19.2,2018-03-09
2990,16.3,2018-03-10
2991,23.1,2018-03-11
2992,20.1,2018-03-12
2993,2.0,2018-03-13
2994,19.1,2018-03-14
2995,18.9,2018-03-15
2996,14.1,2018-03-16
2997,20.7,2018-03-17
2998,21.5,2018-03-18
2999,21.4,2018-03-19
3000,16.4,2018-03-20
3001,4.5,2018-03-21
3002,11.4,2018-03-22
3003,9.7,2018-03-23
3004,15.9,2018-03-24
3005,16.9,2018-03-25
3006,20.2,2018-03-26
3007,19.0,2018-03-27
3008,19.7,2018-03-28
3009,19.5,2018-03-29
3010,19.4,2018-03-30
3011,14.9,2018-03-31
3012,19.0,2018-04-01
3013,13.8,2018-04-02
3014,8.6,2018-04-03
3015,15.2,2018-04-04
3016,18.3,2018-04-05
3017,17.8,2018-04-06
3018,17.6,2018-04-07
3019,17.7,2018-04-08
3020,17.3,2018-04-09
3021,13.8,2018-04-10
3022,17.3,2018-04-11
3023,17.1,2018-04-12
3024,15.1,2018-04-13
3025,16.1,2018-04-14
3026,15.7,2018-04-15
3027,16.3,2018-04-16
3028,12.4,2018-04-17
3029,10.7,2018-04-18
3030,11.3,2018-04-19
3031,15.8,2018-04-20
3032,10.8,2018-04-21
3033,13.7,2018-04-22
3034,14.5,2018-04-23
3035,15.2,2018-04-24
3036,12.6,2018-04-25
3037,13.7,2018-04-26
3038,9.3,2018-04-27
3039,9.8,2018-04-28
3040,12.4,2018-04-29
3041,11.2,2018-04-30
3042,14.3,2018-05-01
3043,9.1,2018-05-02
3044,14.0,2018-05-03
3045,12.6,2018-05-04
3046,13.8,2018-05-05
3047,13.7,2018-05-06
3048,13.5,2018-05-07
3049,11.5,2018-05-08
3050,13.1,2018-05-09
3051,11.7,2018-05-10
3052,12.9,2018-05-11
3053,5.9,2018-05-12
3054,8.4,2018-05-13
3055,10.7,2018-05-14
3056,12.7,2018-05-15
3057,11.9,2018-05-16
3058,12.5,2018-05-17
3059,12.4,2018-05-18
3060,11.4,2018-05-19
3061,12.2,2018-05-20
3062,12.1,2018-05-21
3063,12.1,2018-05-22
3064,12.0,2018-05-23
3065,8.8,2018-05-24
3066,7.6,2018-05-25
3067,11.7,2018-05-26
3068,11.1,2018-05-27
3069,9.4,2018-05-28
3070,11.5,2018-05-29
3071,8.0,2018-05-30
3072,11.2,2018-05-31
3073,8.4,2018-06-01
3074,4.6,2018-06-02
3075,8.7,2018-06-03
3076,8.7,2018-06-04
3077,6.5,2018-06-05
3078,6.3,2018-06-06
3079,10.3,2018-06-07
3080,5.1,2018-06-08
3081,5.6,2018-06-09
3082,7.5,2018-06-10
3083,10.6,2018-06-11
3084,8.1,2018-06-12
3085,10.2,2018-06-13
3086,11.0,2018-06-14
3087,10.2,2018-06-15
3088,10.9,2018-06-16
3089,10.9,2018-06-17
3090,8.6,2018-06-18
3091,6.9,2018-06-19
3092,9.8,2018-06-20
3093,8.5,2018-06-21
3094,11.0,2018-06-22
3095,10.9,2018-06-23
3096,10.4,2018-06-24
3097,11.0,2018-06-25
3098,10.2,2018-06-26
3099,8.8,2018-06-27
3100,7.6,2018-06-28
3101,10.8,2018-06-29
3102,11.1,2018-06-30
3103,11.0,2018-07-01
3104,7.0,2018-07-02
3105,9.7,2018-07-03
3106,11.0,2018-07-04
3107,11.3,2018-07-05
3108,10.9,2018-07-06
3109,9.6,2018-07-07
3110,11.4,2018-07-08
3111,10.1,2018-07-09
3112,11.5,2018-07-10
3113,11.2,2018-07-11
3114,11.5,2018-07-12
3115,11.7,2018-07-13
3116,11.8,2018-07-14
3117,11.8,2018-07-15
3118,11.4,2018-07-16
3119,12.0,2018-07-17
3120,12.0,2018-07-18
3121,9.4,2018-07-19
3122,11.9,2018-07-20
3123,12.3,2018-07-21
3124,12.4,2018-07-22
3125,12.5,2018-07-23
3126,12.5,2018-07-24
3127,12.5,2018-07-25
3128,12.7,2018-07-26
3129,12.8,2018-07-27
3130,9.6,2018-07-28
3131,12.9,2018-07-29
3132,13.1,2018-07-30
3133,13.1,2018-07-31
3134,13.2,2018-08-01
3135,12.1,2018-08-02
3136,13.3,2018-08-03
3137,13.3,2018-08-04
3138,13.4,2018-08-05
3139,6.3,2018-08-06
3140,13.8,2018-08-07
3141,12.4,2018-08-08
3142,14.1,2018-08-09
3143,14.1,2018-08-10
3144,14.0,2018-08-11
3145,13.6,2018-08-12
3146,14.5,2018-08-13
3147,14.7,2018-08-14
3148,14.9,2018-08-15
3149,14.9,2018-08-16
3150,15.1,2018-08-17
3151,14.1,2018-08-18
3152,15.4,2018-08-19
3153,15.4,2018-08-20
3154,15.6,2018-08-21
3155,12.1,2018-08-22
3156,10.3,2018-08-23
3157,11.1,2018-08-24
3158,10.4,2018-08-25
3159,7.9,2018-08-26
3160,6.0,2018-08-27
3161,13.6,2018-08-28
3162,16.9,2018-08-29
3163,16.9,2018-08-30
3164,8.7,2018-08-31
3165,15.8,2018-09-01
3166,10.6,2018-09-02
3167,8.8,2018-09-03
3168,14.8,2018-09-04
3169,11.8,2018-09-05
3170,13.7,2018-09-06
3171,14.4,2018-09-07
3172,4.6,2018-09-08
3173,18.5,2018-09-09
3174,18.9,2018-09-10
3175,19.2,2018-09-11
3176,18.4,2018-09-12
3177,19.4,2018-09-13
3178,18.7,2018-09-14
3179,16.2,2018-09-15
3180,19.9,2018-09-16
3181,19.1,2018-09-17
3182,20.3,2018-09-18
3183,19.9,2018-09-19
3184,13.1,2018-09-20
3185,21.0,2018-09-21
3186,18.9,2018-09-22
3187,18.9,2018-09-23
3188,11.5,2018-09-24
3189,15.8,2018-09-25
3190,9.3,2018-09-26
3191,22.1,2018-09-27
3192,20.2,2018-09-28
3193,21.7,2018-09-29
3194,22.0,2018-09-30
3195,21.8,2018-10-01
3196,23.2,2018-10-02
3197,16.5,2018-10-03
3198,6.1,2018-10-04
3199,8.4,2018-10-05
3200,15.5,2018-10-06
3201,10.7,2018-10-07
3202,15.5,2018-10-08
3203,20.5,2018-10-09
3204,4.3,2018-10-10
3205,14.9,2018-10-11
3206,12.3,2018-10-12
3207,19.5,2018-10-13
3208,17.6,2018-10-14
3209,16.6,2018-10-15
3210,21.5,2018-10-16
3211,13.4,2018-10-17
3212,14.1,2018-10-18
3213,23.9,2018-10-19
3214,16.5,2018-10-20
3215,14.6,2018-10-21
3216,22.8,2018-10-22
3217,26.6,2018-10-23
3218,13.7,2018-10-24
3219,21.9,2018-10-25
3220,22.4,2018-10-26
3221,26.9,2018-10-27
3222,17.9,2018-10-28
3223,13.5,2018-10-29
3224,27.8,2018-10-30
3225,27.4,2018-10-31
3226,26.6,2018-11-01
3227,27.3,2018-11-02
3228,26.3,2018-11-03
3229,24.5,2018-11-04
3230,14.9,2018-11-05
3231,15.6,2018-11-06
3232,4.9,2018-11-07
3233,24.0,2018-11-08
3234,24.3,2018-11-09
3235,22.4,2018-11-10
3236,29.4,2018-11-11
3237,26.9,2018-11-12
3238,27.5,2018-11-13
3239,6.3,2018-11-14
3240,14.1,2018-11-15
3241,10.6,2018-11-16
3242,18.0,2018-11-17
3243,22.0,2018-11-18
3244,20.7,2018-11-19
3245,25.2,2018-11-20
3246,8.9,2018-11-21
3247,26.4,2018-11-22
3248,30.8,2018-11-23
3249,27.8,2018-11-24
3250,25.5,2018-11-25
3251,22.9,2018-11-26
3252,23.1,2018-11-27
3253,2.9,2018-11-28
3254,15.4,2018-11-29
3255,30.6,2018-11-30
3256,30.3,2018-12-01
3257,29.0,2018-12-02
3258,31.5,2018-12-03
3259,21.1,2018-12-04
3260,7.3,2018-12-05
3261,27.1,2018-12-06
3262,30.9,2018-12-07
3263,30.9,2018-12-08
3264,30.9,2018-12-09
3265,14.6,2018-12-10
3266,11.0,2018-12-11
3267,6.3,2018-12-12
3268,20.4,2018-12-13
3269,7.1,2018-12-14
3270,18.5,2018-12-15
3271,31.0,2018-12-16
3272,32.0,2018-12-17
3273,21.6,2018-12-18
3274,5.6,2018-12-19
3275,25.6,2018-12-20
3276,7.1,2018-12-21
3277,18.5,2018-12-22
3278,27.7,2018-12-23
3279,32.0,2018-12-24
3280,32.2,2018-12-25
3281,32.1,2018-12-26
3282,31.4,2018-12-27
3283,31.8,2018-12-28
3284,32.1,2018-12-29
3285,28.7,2018-12-30
3286,23.2,2018-12-31
3287,32.0,2019-01-01
3288,23.9,2019-01-02
3289,24.1,2019-01-03
3290,30.4,2019-01-04
3291,19.8,2019-01-05
3292,3.7,2019-01-06
3293,8.6,2019-01-07
3294,28.7,2019-01-08
3295,28.2,2019-01-09
3296,7.4,2019-01-10
3297,13.8,2019-01-11
3298,31.2,2019-01-12
3299,20.5,2019-01-13
3300,29.1,2019-01-14
3301,31.1,2019-01-15
3302,30.4,2019-01-16
3303,30.1,2019-01-17
3304,30.2,2019-01-18
3305,11.4,2019-01-19
3306,9.1,2019-01-20
3307,10.4,2019-01-21
3308,29.5,2019-01-22
3309,20.4,2019-01-23
3310,16.4,2019-01-24
3311,30.1,2019-01-25
3312,28.1,2019-01-26
3313,27.5,2019-01-27
3314,19.7,2019-01-28
3315,28.9,2019-01-29
3316,14.6,2019-01-30
3317,26.0,2019-01-31
3318,4.5,2019-02-01
3319,11.0,2019-02-02
3320,29.3,2019-02-03
3321,22.9,2019-02-04
3322,11.3,2019-02-05
3323,27.2,2019-02-06
3324,28.5,2019-02-07
3325,21.9,2019-02-08
3326,22.7,2019-02-09
3327,28.2,2019-02-10
3328,28.0,2019-02-11
3329,27.8,2019-02-12
3330,25.7,2019-02-13
3331,20.6,2019-02-14
3332,25.8,2019-02-15
3333,23.5,2019-02-16
3334,27.0,2019-02-17
3335,26.6,2019-02-18
3336,23.4,2019-02-19
3337,5.3,2019-02-20
3338,5.2,2019-02-21
3339,14.9,2019-02-22
3340,12.8,2019-02-23
3341,14.4,2019-02-24
3342,19.8,2019-02-25
3343,23.5,2019-02-26
3344,18.5,2019-02-27
3345,23.6,2019-02-28
3346,20.4,2019-03-01
3347,19.7,2019-03-02
3348,20.7,2019-03-03
3349,23.4,2019-03-04
3350,21.8,2019-03-05
3351,12.4,2019-03-06
3352,9.9,2019-03-07
3353,22.1,2019-03-08
3354,6.0,2019-03-09
3355,20.6,2019-03-10
3356,18.7,2019-03-11
3357,22.4,2019-03-12
3358,5.0,2019-03-13
3359,10.6,2019-03-14
3360,9.0,2019-03-15
3361,7.8,2019-03-16
3362,3.3,2019-03-17
3363,8.9,2019-03-18
3364,14.6,2019-03-19
3365,16.3,2019-03-20
3366,17.4,2019-03-21
3367,12.9,2019-03-22
3368,17.5,2019-03-23
3369,18.0,2019-03-24
3370,4.5,2019-03-25
3371,20.2,2019-03-26
3372,14.0,2019-03-27
3373,17.6,2019-03-28
3374,15.9,2019-03-29
3375,14.4,2019-03-30
3376,19.2,2019-03-31
3377,15.3,2019-04-01
3378,10.0,2019-04-02
3379,17.8,2019-04-03
3380,9.0,2019-04-04
3381,8.9,2019-04-05
3382,15.6,2019-04-06
3383,18.0,2019-04-07
3384,17.3,2019-04-08
3385,11.9,2019-04-09
3386,16.4,2019-04-10
3387,9.2,2019-04-11
3388,10.7,2019-04-12
3389,15.6,2019-04-13
3390,15.1,2019-04-14
3391,14.8,2019-04-15
3392,14.8,2019-04-16
3393,13.0,2019-04-17
3394,16.1,2019-04-18
3395,12.2,2019-04-19
3396,12.9,2019-04-20
3397,13.6,2019-04-21
3398,14.4,2019-04-22
3399,12.9,2019-04-23
3400,14.7,2019-04-24
3401,14.7,2019-04-25
3402,15.0,2019-04-26
3403,14.4,2019-04-27
3404,14.6,2019-04-28
3405,10.5,2019-04-29
3406,13.7,2019-04-30
3407,8.6,2019-05-01
3408,10.4,2019-05-02
3409,4.7,2019-05-03
3410,12.2,2019-05-04
3411,8.3,2019-05-05
3412,13.7,2019-05-06
3413,13.6,2019-05-07
3414,12.3,2019-05-08
3415,13.3,2019-05-09
3416,6.0,2019-05-10
3417,12.8,2019-05-11
3418,13.0,2019-05-12
3419,12.5,2019-05-13
3420,12.8,2019-05-14
3421,12.2,2019-05-15
3422,11.9,2019-05-16
3423,12.5,2019-05-17
3424,12.1,2019-05-18
3425,10.8,2019-05-19
3426,9.3,2019-05-20
3427,11.9,2019-05-21
3428,12.1,2019-05-22
3429,11.3,2019-05-23
3430,11.6,2019-05-24
3431,11.8,2019-05-25
3432,10.0,2019-05-26
3433,7.1,2019-05-27
3434,11.6,2019-05-28
3435,11.6,2019-05-29
3436,11.5,2019-05-30
3437,11.5,2019-05-31
3438,10.1,2019-06-01
3439,9.5,2019-06-02
3440,9.2,2019-06-03
3441,5.6,2019-06-04
3442,7.0,2019-06-05
3443,11.2,2019-06-06
3444,6.0,2019-06-07
3445,4.9,2019-06-08
3446,11.1,2019-06-09
3447,9.0,2019-06-10
3448,11.0,2019-06-11
3449,9.5,2019-06-12
3450,5.7,2019-06-13
3451,10.3,2019-06-14
3452,10.8,2019-06-15
3453,4.0,2019-06-16
3454,6.7,2019-06-17
3455,8.5,2019-06-18
3456,10.9,2019-06-19
3457,9.1,2019-06-20
3458,10.9,2019-06-21
3459,9.6,2019-06-22
3460,9.5,2019-06-23
3461,9.8,2019-06-24
3462,8.9,2019-06-25
3463,9.5,2019-06-26
3464,10.5,2019-06-27
3465,10.6,2019-06-28
3466,10.9,2019-06-29
3467,11.0,2019-06-30
3468,10.9,2019-07-01
3469,9.6,2019-07-02
3470,8.8,2019-07-03
3471,7.3,2019-07-04
3472,8.6,2019-07-05
3473,10.7,2019-07-06
3474,9.5,2019-07-07
3475,9.8,2019-07-08
3476,11.5,2019-07-09
3477,11.5,2019-07-10
3478,11.6,2019-07-11
3479,11.4,2019-07-12
3480,11.7,2019-07-13
3481,11.8,2019-07-14
3482,11.3,2019-07-15
3483,11.9,2019-07-16
3484,12.0,2019-07-17
3485,12.0,2019-07-18
3486,12.1,2019-07-19
3487,12.2,2019-07-20
3488,12.3,2019-07-21
3489,10.7,2019-07-22
3490,12.4,2019-07-23
3491,12.2,2019-07-24
3492,12.6,2019-07-25
3493,9.9,2019-07-26
3494,10.0,2019-07-27
3495,12.9,2019-07-28
3496,12.2,2019-07-29
3497,7.8,2019-07-30
3498,12.0,2019-07-31
3499,13.3,2019-08-01
3500,12.0,2019-08-02
3501,13.5,2019-08-03
3502,12.6,2019-08-04
3503,13.6,2019-08-05
3504,13.8,2019-08-06
3505,13.9,2019-08-07
3506,12.2,2019-08-08
3507,13.8,2019-08-09
3508,13.6,2019-08-10
3509,11.5,2019-08-11
3510,14.0,2019-08-12
3511,14.7,2019-08-13
3512,14.7,2019-08-14
3513,14.9,2019-08-15
3514,15.0,2019-08-16
3515,14.6,2019-08-17
3516,14.7,2019-08-18
3517,15.1,2019-08-19
3518,15.6,2019-08-20
3519,15.7,2019-08-21
3520,10.2,2019-08-22
3521,15.4,2019-08-23
3522,16.1,2019-08-24
3523,16.0,2019-08-25
3524,7.0,2019-08-26
3525,14.7,2019-08-27
3526,15.9,2019-08-28
3527,7.8,2019-08-29
3528,9.0,2019-08-30
3529,13.4,2019-08-31
3530,17.4,2019-09-01
3531,17.1,2019-09-02
3532,17.7,2019-09-03
3533,17.9,2019-09-04
3534,18.0,2019-09-05
3535,14.6,2019-09-06
3536,18.3,2019-09-07
3537,18.6,2019-09-08
3538,14.9,2019-09-09
3539,17.2,2019-09-10
3540,19.0,2019-09-11
3541,16.6,2019-09-12
3542,17.7,2019-09-13
3543,18.2,2019-09-14
3544,19.6,2019-09-15
3545,12.5,2019-09-16
3546,3.1,2019-09-17
3547,5.4,2019-09-18
3548,15.7,2019-09-19
3549,17.1,2019-09-20
3550,15.8,2019-09-21
3551,15.8,2019-09-22
3552,15.3,2019-09-23
3553,21.6,2019-09-24
3554,21.0,2019-09-25
3555,17.5,2019-09-26
3556,21.6,2019-09-27
3557,21.1,2019-09-28
3558,21.9,2019-09-29
3559,14.1,2019-09-30
3560,17.8,2019-10-01
3561,23.0,2019-10-02
3562,23.2,2019-10-03
3563,23.1,2019-10-04
3564,7.6,2019-10-05
3565,17.6,2019-10-06
3566,19.7,2019-10-07
3567,16.5,2019-10-08
3568,22.0,2019-10-09
3569,22.0,2019-10-10
3570,14.5,2019-10-11
3571,16.5,2019-10-12
3572,18.8,2019-10-13
3573,21.9,2019-10-14
3574,24.8,2019-10-15
3575,20.9,2019-10-16
3576,25.7,2019-10-17
3577,25.9,2019-10-18
3578,23.7,2019-10-19
3579,26.3,2019-10-20
3580,26.4,2019-10-21
3581,26.6,2019-10-22
3582,26.6,2019-10-23
3583,25.7,2019-10-24
3584,24.1,2019-10-25
3585,23.7,2019-10-26
3586,27.2,2019-10-27
3587,23.9,2019-10-28
3588,27.4,2019-10-29
3589,22.7,2019-10-30
3590,26.4,2019-10-31
3591,27.5,2019-11-01
3592,25.2,2019-11-02
3593,17.4,2019-11-03
3594,25.1,2019-11-04
3595,18.3,2019-11-05
3596,28.7,2019-11-06
3597,28.6,2019-11-07
3598,28.3,2019-11-08
3599,28.8,2019-11-09
3600,28.5,2019-11-10
3601,28.8,2019-11-11
3602,28.6,2019-11-12
3603,29.6,2019-11-13
3604,29.2,2019-11-14
3605,28.9,2019-11-15
3606,24.4,2019-11-16
3607,18.9,2019-11-17
3608,27.7,2019-11-18
3609,29.7,2019-11-19
3610,21.5,2019-11-20
3611,28.8,2019-11-21
3612,19.3,2019-11-22
3613,10.8,2019-11-23
3614,14.6,2019-11-24
3615,16.6,2019-11-25
3616,22.7,2019-11-26
3617,30.8,2019-11-27
3618,30.6,2019-11-28
3619,25.8,2019-11-29
3620,11.8,2019-11-30
3621,21.8,2019-12-01
3622,21.7,2019-12-02
3623,27.8,2019-12-03
3624,25.9,2019-12-04
3625,26.2,2019-12-05
3626,19.2,2019-12-06
3627,26.8,2019-12-07
3628,23.5,2019-12-08
3629,24.9,2019-12-09
3630,25.2,2019-12-10
3631,19.2,2019-12-11
3632,18.5,2019-12-12
3633,18.5,2019-12-13
3634,27.7,2019-12-14
3635,23.9,2019-12-15
3636,25.2,2019-12-16
3637,31.6,2019-12-17
3638,31.0,2019-12-18
3639,24.7,2019-12-19
3640,30.4,2019-12-20
3641,27.2,2019-12-21
3642,12.9,2019-12-22
3643,17.3,2019-12-23
3644,12.7,2019-12-24
3645,24.3,2019-12-25
3646,31.0,2019-12-26
3647,30.8,2019-12-27
3648,30.6,2019-12-28
3649,20.7,2019-12-29
3650,26.8,2019-12-30
3651,28.2,2019-12-31
3652,28.1,2020-01-01
3653,20.5,2020-01-02
3654,28.2,2020-01-03
3655,30.2,2020-01-04
3656,19.6,2020-01-05
3657,5.4,2020-01-06
3658,17.5,2020-01-07
3659,19.4,2020-01-08
3660,11.8,2020-01-09
3661,27.6,2020-01-10
3662,6.8,2020-01-11
3663,3.1,2020-01-12
3664,20.4,2020-01-13
3665,25.6,2020-01-14
3666,24.4,2020-01-15
3667,9.0,2020-01-16
3668,5.1,2020-01-17
3669,8.4,2020-01-18
3670,9.8,2020-01-19
3671,22.4,2020-01-20
3672,30.9,2020-01-21
3673,30.7,2020-01-22
3674,24.2,2020-01-23
3675,12.4,2020-01-24
3676,19.2,2020-01-25
3677,25.8,2020-01-26
3678,26.9,2020-01-27
3679,22.8,2020-01-28
3680,20.3,2020-01-29
3681,28.5,2020-01-30
3682,28.5,2020-01-31
3683,29.7,2020-02-01
3684,22.1,2020-02-02
3685,21.9,2020-02-03
3686,17.0,2020-02-04
3687,23.9,2020-02-05
3688,7.7,2020-02-06
3689,3.7,2020-02-07
3690,5.5,2020-02-08
3691,1.0,2020-02-09
3692,20.4,2020-02-10
3693,25.7,2020-02-11
3694,15.4,2020-02-12
3695,11.7,2020-02-13
3696,25.9,2020-02-14
3697,21.4,2020-02-15
3698,20.9,2020-02-16
3699,13.1,2020-02-17
3700,21.7,2020-02-18
3701,24.1,2020-02-19
3702,22.9,2020-02-20
3703,17.9,2020-02-21
3704,8.7,2020-02-22
3705,11.2,2020-02-23
3706,21.1,2020-02-24
3707,25.5,2020-02-25
3708,18.8,2020-02-26
3709,18.1,2020-02-27
3710,24.4,2020-02-28
3711,21.6,2020-02-29
3712,25.0,2020-03-01
3713,23.6,2020-03-02
3714,4.1,2020-03-03
3715,6.9,2020-03-04
3716,4.0,2020-03-05
3717,18.8,2020-03-06
3718,15.4,2020-03-07
3719,13.6,2020-03-08
3720,16.5,2020-03-09
3721,17.6,2020-03-10
3722,18.7,2020-03-11
3723,20.1,2020-03-12
3724,22.7,2020-03-13
3725,1.8,2020-03-14
3726,12.4,2020-03-15
3727,14.0,2020-03-16
3728,14.4,2020-03-17
3729,21.7,2020-03-18
3730,21.5,2020-03-19
3731,20.7,2020-03-20
3732,16.8,2020-03-21
3733,20.9,2020-03-22
3734,16.2,2020-03-23
3735,10.3,2020-03-24
3736,10.1,2020-03-25
3737,9.7,2020-03-26
3738,15.3,2020-03-27
3739,13.1,2020-03-28
3740,12.6,2020-03-29
3741,8.6,2020-03-30
3742,17.3,2020-03-31
3743,6.7,2020-04-01
3744,7.0,2020-04-02
3745,12.6,2020-04-03
3746,16.9,2020-04-04
3747,18.3,2020-04-05
3748,16.4,2020-04-06
3749,12.1,2020-04-07
3750,5.4,2020-04-08
3751,11.6,2020-04-09
3752,7.7,2020-04-10
3753,17.3,2020-04-11
3754,17.1,2020-04-12
3755,16.0,2020-04-13
3756,16.8,2020-04-14
3757,16.5,2020-04-15
3758,4.9,2020-04-16
3759,16.3,2020-04-17
3760,16.1,2020-04-18
3761,13.7,2020-04-19
3762,5.6,2020-04-20
3763,15.7,2020-04-21
3764,15.5,2020-04-22
3765,15.3,2020-04-23
3766,15.2,2020-04-24
3767,15.1,2020-04-25
3768,10.0,2020-04-26
3769,8.0,2020-04-27
3770,7.1,2020-04-28
3771,9.3,2020-04-29
3772,4.0,2020-04-30
3773,13.7,2020-05-01
3774,13.3,2020-05-02
3775,14.0,2020-05-03
3776,13.5,2020-05-04
3777,11.0,2020-05-05
3778,13.6,2020-05-06
3779,11.8,2020-05-07
3780,13.4,2020-05-08
3781,11.3,2020-05-09
3782,13.1,2020-05-10
3783,13.0,2020-05-11
3784,12.6,2020-05-12
3785,10.0,2020-05-13
3786,9.8,2020-05-14
3787,9.3,2020-05-15
3788,10.4,2020-05-16
3789,9.7,2020-05-17
3790,7.4,2020-05-18
3791,11.7,2020-05-19
3792,11.3,2020-05-20
3793,6.0,2020-05-21
3794,8.2,2020-05-22
3795,7.1,2020-05-23
3796,8.4,2020-05-24
3797,5.4,2020-05-25
3798,7.1,2020-05-26
3799,9.9,2020-05-27
3800,10.8,2020-05-28
3801,6.3,2020-05-29
3802,11.3,2020-05-30
3803,7.5,2020-05-31
3804,11.0,2020-06-01
3805,7.7,2020-06-02
3806,10.9,2020-06-03
3807,10.0,2020-06-04
3808,11.2,2020-06-05
3809,11.0,2020-06-06
3810,7.9,2020-06-07
3811,10.6,2020-06-08
3812,9.8,2020-06-09
3813,5.2,2020-06-10
3814,10.1,2020-06-11
3815,4.5,2020-06-12
3816,10.5,2020-06-13
3817,10.0,2020-06-14
3818,11.0,2020-06-15
3819,10.9,2020-06-16
3820,6.3,2020-06-17
3821,9.9,2020-06-18
3822,10.9,2020-06-19
3823,9.8,2020-06-20
3824,8.3,2020-06-21
3825,9.6,2020-06-22
3826,10.4,2020-06-23
3827,10.0,2020-06-24
3828,11.0,2020-06-25
3829,10.2,2020-06-26
3830,9.1,2020-06-27
3831,9.8,2020-06-28
3832,9.2,2020-06-29
3833,11.1,2020-06-30
3834,11.1,2020-07-01
3835,10.6,2020-07-02
3836,10.8,2020-07-03
3837,11.1,2020-07-04
3838,11.2,2020-07-05
3839,11.3,2020-07-06
3840,8.8,2020-07-07
3841,6.1,2020-07-08
3842,11.1,2020-07-09
3843,7.5,2020-07-10
3844,6.6,2020-07-11
3845,9.5,2020-07-12
3846,10.5,2020-07-13
3847,8.9,2020-07-14
3848,8.0,2020-07-15
3849,9.7,2020-07-16
3850,8.3,2020-07-17
3851,10.5,2020-07-18
3852,11.4,2020-07-19
3853,12.3,2020-07-20
3854,12.1,2020-07-21
3855,12.0,2020-07-22
3856,12.5,2020-07-23
3857,12.3,2020-07-24
3858,9.4,2020-07-25
3859,3.2,2020-07-26
3860,4.0,2020-07-27
3861,8.7,2020-07-28
3862,11.2,2020-07-29
3863,12.3,2020-07-30
3864,13.0,2020-07-31
3865,13.4,2020-08-01
3866,13.1,2020-08-02
3867,12.5,2020-08-03
3868,12.4,2020-08-04
3869,13.8,2020-08-05
3870,13.8,2020-08-06
3871,4.0,2020-08-07
3872,8.1,2020-08-08
3873,8.6,2020-08-09
3874,12.1,2020-08-10
3875,11.3,2020-08-11
3876,9.3,2020-08-12
3877,14.8,2020-08-13
3878,8.6,2020-08-14
3879,13.2,2020-08-15
3880,15.2,2020-08-16
3881,15.4,2020-08-17
3882,14.0,2020-08-18
3883,14.2,2020-08-19
3884,15.7,2020-08-20
3885,14.4,2020-08-21
3886,15.3,2020-08-22
3887,16.2,2020-08-23
3888,16.4,2020-08-24
3889,15.9,2020-08-25
3890,16.6,2020-08-26
3891,16.8,2020-08-27
3892,16.9,2020-08-28
3893,17.0,2020-08-29
3894,17.2,2020-08-30
3895,17.0,2020-08-31
3896,15.0,2020-09-01
3897,15.6,2020-09-02
3898,16.3,2020-09-03
3899,4.7,2020-09-04
3900,17.7,2020-09-05
3901,14.9,2020-09-06
3902,18.5,2020-09-07
3903,18.3,2020-09-08
3904,4.8,2020-09-09
3905,16.7,2020-09-10
3906,13.4,2020-09-11
3907,19.4,2020-09-12
3908,13.5,2020-09-13
3909,19.7,2020-09-14
3910,14.7,2020-09-15
3911,19.5,2020-09-16
3912,19.4,2020-09-17
3913,6.1,2020-09-18
3914,12.5,2020-09-19
3915,10.2,2020-09-20
3916,16.6,2020-09-21
3917,21.3,2020-09-22
3918,20.8,2020-09-23
3919,21.5,2020-09-24
3920,16.7,2020-09-25
3921,22.1,2020-09-26
3922,18.8,2020-09-27
3923,22.4,2020-09-28
3924,18.1,2020-09-29
3925,11.7,2020-09-30
3926,22.5,2020-10-01
3927,23.2,2020-10-02
3928,23.3,2020-10-03
3929,23.2,2020-10-04
3930,23.6,2020-10-05
3931,9.5,2020-10-06
3932,6.8,2020-10-07
3933,13.1,2020-10-08
3934,22.3,2020-10-09
3935,24.5,2020-10-10
3936,19.6,2020-10-11
3937,19.4,2020-10-12
3938,25.1,2020-10-13
3939,17.9,2020-10-14
3940,23.8,2020-10-15
3941,10.0,2020-10-16
3942,16.3,2020-10-17
3943,15.6,2020-10-18
3944,20.5,2020-10-19
3945,14.4,2020-10-20
3946,26.1,2020-10-21
3947,20.4,2020-10-22
3948,25.9,2020-10-23
3949,7.9,2020-10-24
3950,6.4,2020-10-25
3951,8.9,2020-10-26
3952,15.1,2020-10-27
3953,16.0,2020-10-28
3954,14.8,2020-10-29
3955,24.6,2020-10-30
3956,18.0,2020-10-31
3957,13.3,2020-11-01
3958,19.0,2020-11-02
3959,27.2,2020-11-03
3960,26.3,2020-11-04
3961,3.6,2020-11-05
3962,25.1,2020-11-06
3963,22.4,2020-11-07
3964,24.3,2020-11-08
3965,19.3,2020-11-09
3966,28.5,2020-11-10
3967,29.5,2020-11-11
3968,20.2,2020-11-12
3969,15.9,2020-11-13
3970,29.6,2020-11-14
3971,30.0,2020-11-15
3972,26.1,2020-11-16
3973,23.3,2020-11-17
3974,21.0,2020-11-18
3975,29.0,2020-11-19
3976,24.9,2020-11-20
3977,23.7,2020-11-21
3978,19.6,2020-11-22
3979,7.7,2020-11-23
3980,26.6,2020-11-24
3981,18.3,2020-11-25
3982,31.0,2020-11-26
3983,27.5,2020-11-27
3984,30.2,2020-11-28
3985,22.3,2020-11-29
3986,16.7,2020-11-30
3987,26.6,2020-12-01
3988,15.5,2020-12-02
3989,4.5,2020-12-03
3990,31.6,2020-12-04
3991,8.2,2020-12-05
3992,31.7,2020-12-06
3993,31.7,2020-12-07
3994,30.6,2020-12-08
3995,31.8,2020-12-09
3996,25.8,2020-12-10
3997,17.3,2020-12-11
3998,18.8,2020-12-12
3999,21.9,2020-12-13
4000,13.4,2020-12-14
4001,11.3,2020-12-15
4002,19.1,2020-12-16
4003,26.3,2020-12-17
4004,14.1,2020-12-18
4005,6.0,2020-12-19
4006,11.6,2020-12-20
4007,7.3,2020-12-21
4008,18.1,2020-12-22
4009,29.1,2020-12-23
4010,29.1,2020-12-24
4011,6.1,2020-12-25
4012,13.9,2020-12-26
4013,31.1,2020-12-27
4014,16.6,2020-12-28
4015,5.1,2020-12-29
4016,8.9,2020-12-30
4017,11.0,2020-12-31
4018,5.3,2021-01-01
4019,10.0,2021-01-02
4020,12.1,2021-01-03
4021,11.1,2021-01-04
4022,25.0,2021-01-05
4023,16.3,2021-01-06
4024,19.3,2021-01-07
4025,15.1,2021-01-08
4026,26.8,2021-01-09
4027,31.5,2021-01-10
4028,31.4,2021-01-11
4029,27.9,2021-01-12
4030,30.9,2021-01-13
4031,29.6,2021-01-14
4032,29.2,2021-01-15
4033,31.2,2021-01-16
4034,28.9,2021-01-17
4035,30.9,2021-01-18
4036,11.5,2021-01-19
4037,9.6,2021-01-20
4038,30.5,2021-01-21
4039,29.3,2021-01-22
4040,28.5,2021-01-23
4041,30.1,2021-01-24
4042,28.8,2021-01-25
4043,26.7,2021-01-26
4044,2.9,2021-01-27
4045,6.6,2021-01-28
4046,5.9,2021-01-29
4047,16.3,2021-01-30
4048,5.9,2021-01-31
4049,17.8,2021-02-01
4050,16.6,2021-02-02
4051,25.4,2021-02-03
4052,27.2,2021-02-04
4053,28.3,2021-02-05
4054,6.2,2021-02-06
4055,26.0,2021-02-07
4056,12.5,2021-02-08
4057,12.2,2021-02-09
4058,22.0,2021-02-10
4059,27.9,2021-02-11
4060,18.6,2021-02-12
4061,3.5,2021-02-13
4062,23.9,2021-02-14
4063,17.8,2021-02-15
4064,16.9,2021-02-16
4065,19.0,2021-02-17
4066,13.7,2021-02-18
4067,21.2,2021-02-19
4068,21.2,2021-02-20
4069,23.5,2021-02-21
4070,23.1,2021-02-22
4071,5.1,2021-02-23
4072,10.4,2021-02-24
4073,7.8,2021-02-25
4074,24.7,2021-02-26
4075,5.7,2021-02-27
4076,23.5,2021-02-28
4077,22.7,2021-03-01
4078,20.1,2021-03-02
4079,16.5,2021-03-03
4080,24.1,2021-03-04
4081,19.6,2021-03-05
4082,17.9,2021-03-06
4083,20.2,2021-03-07
4084,14.4,2021-03-08
4085,20.4,2021-03-09
4086,15.8,2021-03-10
4087,10.4,2021-03-11
4088,11.2,2021-03-12
4089,17.3,2021-03-13
4090,3.1,2021-03-14
4091,19.2,2021-03-15
4092,9.1,2021-03-16
4093,11.3,2021-03-17
4094,2.0,2021-03-18
