,DAILY_RAINFALL,DATE
0,0.2,2010-01-01
1,0.0,2010-01-02
2,15.2,2010-01-03
3,0.2,2010-01-04
4,0.0,2010-01-05
5,0.0,2010-01-06
6,0.0,2010-01-07
7,0.4,2010-01-08
8,0.0,2010-01-09
9,0.0,2010-01-10
10,0.0,2010-01-11
11,0.0,2010-01-12
12,0.0,2010-01-13
13,8.2,2010-01-14
14,0.0,2010-01-15
15,0.0,2010-01-16
16,0.0,2010-01-17
17,0.2,2010-01-18
18,0.0,2010-01-19
19,0.0,2010-01-20
20,0.0,2010-01-21
21,0.0,2010-01-22
22,0.0,2010-01-23
23,3.2,2010-01-24
24,0.0,2010-01-25
25,0.0,2010-01-26
26,0.0,2010-01-27
27,0.8,2010-01-28
28,13.4,2010-01-29
29,0.4,2010-01-30
30,0.0,2010-01-31
31,0.6,2010-02-01
32,0.0,2010-02-02
33,23.0,2010-02-03
34,10.6,2010-02-04
35,7.8,2010-02-05
36,37.0,2010-02-06
37,21.7,2010-02-07
38,6.4,2010-02-08
39,1.0,2010-02-09
40,0.5,2010-02-10
41,0.0,2010-02-11
42,0.0,2010-02-12
43,3.533333333333333,2010-02-13
44,7.066666666666666,2010-02-14
45,10.6,2010-02-15
46,0.0,2010-02-16
47,0.0,2010-02-17
48,0.0,2010-02-18
49,0.0,2010-02-19
50,0.0,2010-02-20
51,0.0,2010-02-21
52,0.0,2010-02-22
53,0.0,2010-02-23
54,0.0,2010-02-24
55,0.0,2010-02-25
56,0.0,2010-02-26
57,0.0,2010-02-27
58,0.0,2010-02-28
59,4.4,2010-03-01
60,1.4,2010-03-02
61,0.0,2010-03-03
62,7.3999999999999995,2010-03-04
63,14.799999999999999,2010-03-05
64,22.2,2010-03-06
65,0.2,2010-03-07
66,0.8,2010-03-08
67,0.2,2010-03-09
68,0.0,2010-03-10
69,0.0,2010-03-11
70,0.0,2010-03-12
71,0.0,2010-03-13
72,1.4,2010-03-14
73,0.0,2010-03-15
74,0.0,2010-03-16
75,0.0,2010-03-17
76,0.0,2010-03-18
77,0.0,2010-03-19
78,0.0,2010-03-20
79,0.0,2010-03-21
80,0.0,2010-03-22
81,0.0,2010-03-23
82,0.0,2010-03-24
83,0.0,2010-03-25
84,0.0,2010-03-26
85,0.0,2010-03-27
86,0.0,2010-03-28
87,0.0,2010-03-29
88,6.0,2010-03-30
89,63.0,2010-03-31
90,0.0,2010-04-01
91,0.0,2010-04-02
92,0.0,2010-04-03
93,2.6,2010-04-04
94,0.4,2010-04-05
95,0.0,2010-04-06
96,0.6666666666666666,2010-04-07
97,1.3333333333333333,2010-04-08
98,2.0,2010-04-09
99,0.0,2010-04-10
100,0.0,2010-04-11
101,0.0,2010-04-12
102,0.0,2010-04-13
103,0.0,2010-04-14
104,0.0,2010-04-15
105,0.0,2010-04-16
106,0.0,2010-04-17
107,0.0,2010-04-18
108,0.0,2010-04-19
109,0.0,2010-04-20
110,0.0,2010-04-21
111,0.0,2010-04-22
112,0.0,2010-04-23
113,0.0,2010-04-24
114,0.0,2010-04-25
115,0.0,2010-04-26
116,0.0,2010-04-27
117,0.0,2010-04-28
118,0.0,2010-04-29
119,0.0,2010-04-30
120,0.0,2010-05-01
121,0.0,2010-05-02
122,0.0,2010-05-03
123,0.0,2010-05-04
124,0.0,2010-05-05
125,1.0,2010-05-06
126,0.0,2010-05-07
127,0.0,2010-05-08
128,0.0,2010-05-09
129,0.0,2010-05-10
130,0.0,2010-05-11
131,0.0,2010-05-12
132,0.0,2010-05-13
133,0.0,2010-05-14
134,0.0,2010-05-15
135,0.0,2010-05-16
136,0.2,2010-05-17
137,20.6,2010-05-18
138,7.4,2010-05-19
139,3.7,2010-05-20
140,0.0,2010-05-21
141,0.4,2010-05-22
142,0.0,2010-05-23
143,0.0,2010-05-24
144,2.4,2010-05-25
145,9.0,2010-05-26
146,35.2,2010-05-27
147,2.4,2010-05-28
148,3.2,2010-05-29
149,8.5,2010-05-30
150,13.8,2010-05-31
151,6.9,2010-06-01
152,0.0,2010-06-02
153,17.6,2010-06-03
154,35.2,2010-06-04
155,19.8,2010-06-05
156,0.0,2010-06-06
157,0.2,2010-06-07
158,0.0,2010-06-08
159,0.0,2010-06-09
160,0.0,2010-06-10
161,0.0,2010-06-11
162,0.0,2010-06-12
163,0.0,2010-06-13
164,0.0,2010-06-14
165,0.0,2010-06-15
166,0.0,2010-06-16
167,0.0,2010-06-17
168,0.0,2010-06-18
169,0.0,2010-06-19
170,0.0,2010-06-20
171,0.0,2010-06-21
172,0.0,2010-06-22
173,0.2,2010-06-23
174,18.8,2010-06-24
175,0.0,2010-06-25
176,3.4,2010-06-26
177,0.0,2010-06-27
178,0.0,2010-06-28
179,0.0,2010-06-29
180,0.0,2010-06-30
181,0.0,2010-07-01
182,0.0,2010-07-02
183,0.8,2010-07-03
184,0.0,2010-07-04
185,0.0,2010-07-05
186,0.6,2010-07-06
187,0.0,2010-07-07
188,0.0,2010-07-08
189,0.6,2010-07-09
190,1.4,2010-07-10
191,0.0,2010-07-11
192,0.6,2010-07-12
193,0.0,2010-07-13
194,2.8,2010-07-14
195,0.0,2010-07-15
196,0.0,2010-07-16
197,0.0,2010-07-17
198,0.0,2010-07-18
199,0.0,2010-07-19
200,1.0,2010-07-20
201,2.0,2010-07-21
202,0.0,2010-07-22
203,0.0,2010-07-23
204,0.4,2010-07-24
205,0.2,2010-07-25
206,6.2,2010-07-26
207,0.0,2010-07-27
208,3.6,2010-07-28
209,21.2,2010-07-29
210,4.2,2010-07-30
211,2.1,2010-07-31
212,0.0,2010-08-01
213,0.0,2010-08-02
214,9.0,2010-08-03
215,0.0,2010-08-04
216,0.0,2010-08-05
217,0.0,2010-08-06
218,0.0,2010-08-07
219,0.0,2010-08-08
220,0.0,2010-08-09
221,4.2,2010-08-10
222,5.8,2010-08-11
223,0.0,2010-08-12
224,0.0,2010-08-13
225,0.0,2010-08-14
226,0.0,2010-08-15
227,0.8,2010-08-16
228,0.0,2010-08-17
229,0.0,2010-08-18
230,5.0,2010-08-19
231,0.0,2010-08-20
232,0.0,2010-08-21
233,0.0,2010-08-22
234,0.0,2010-08-23
235,0.0,2010-08-24
236,0.0,2010-08-25
237,0.0,2010-08-26
238,0.0,2010-08-27
239,0.0,2010-08-28
240,0.0,2010-08-29
241,0.0,2010-08-30
242,0.0,2010-08-31
243,0.0,2010-09-01
244,0.4,2010-09-02
245,4.2,2010-09-03
246,16.4,2010-09-04
247,0.4,2010-09-05
248,0.0,2010-09-06
249,0.0,2010-09-07
250,0.0,2010-09-08
251,0.0,2010-09-09
252,4.4,2010-09-10
253,0.2,2010-09-11
254,0.0,2010-09-12
255,0.0,2010-09-13
256,0.0,2010-09-14
257,18.8,2010-09-15
258,0.0,2010-09-16
259,0.0,2010-09-17
260,0.0,2010-09-18
261,0.0,2010-09-19
262,0.0,2010-09-20
263,0.4,2010-09-21
264,0.0,2010-09-22
265,0.0,2010-09-23
266,0.0,2010-09-24
267,0.0,2010-09-25
268,0.0,2010-09-26
269,0.0,2010-09-27
270,0.2,2010-09-28
271,0.0,2010-09-29
272,0.0,2010-09-30
273,0.0,2010-10-01
274,0.0,2010-10-02
275,15.4,2010-10-03
276,16.8,2010-10-04
277,4.0,2010-10-05
278,0.0,2010-10-06
279,0.2,2010-10-07
280,0.0,2010-10-08
281,0.0,2010-10-09
282,0.6,2010-10-10
283,1.0,2010-10-11
284,1.2,2010-10-12
285,0.0,2010-10-13
286,2.0,2010-10-14
287,0.0,2010-10-15
288,0.6,2010-10-16
289,0.0,2010-10-17
290,0.0,2010-10-18
291,4.6,2010-10-19
292,0.0,2010-10-20
293,0.0,2010-10-21
294,0.0,2010-10-22
295,0.0,2010-10-23
296,7.6,2010-10-24
297,11.2,2010-10-25
298,0.0,2010-10-26
299,0.0,2010-10-27
300,4.2,2010-10-28
301,0.0,2010-10-29
302,0.0,2010-10-30
303,0.0,2010-10-31
304,0.0,2010-11-01
305,45.4,2010-11-02
306,0.0,2010-11-03
307,0.4,2010-11-04
308,9.8,2010-11-05
309,4.2,2010-11-06
310,2.6,2010-11-07
311,0.0,2010-11-08
312,22.4,2010-11-09
313,0.0,2010-11-10
314,2.6,2010-11-11
315,0.2,2010-11-12
316,0.0,2010-11-13
317,0.0,2010-11-14
318,0.0,2010-11-15
319,20.0,2010-11-16
320,0.0,2010-11-17
321,0.0,2010-11-18
322,0.0,2010-11-19
323,0.0,2010-11-20
324,0.0,2010-11-21
325,0.0,2010-11-22
326,0.0,2010-11-23
327,0.0,2010-11-24
328,0.0,2010-11-25
329,0.0,2010-11-26
330,0.0,2010-11-27
331,0.0,2010-11-28
332,6.4,2010-11-29
333,9.8,2010-11-30
334,16.6,2010-12-01
335,15.8,2010-12-02
336,1.4,2010-12-03
337,0.2,2010-12-04
338,0.4,2010-12-05
339,0.0,2010-12-06
340,3.0,2010-12-07
341,0.0,2010-12-08
342,0.6,2010-12-09
343,1.4,2010-12-10
344,0.4,2010-12-11
345,0.0,2010-12-12
346,0.0,2010-12-13
347,0.0,2010-12-14
348,0.0,2010-12-15
349,0.0,2010-12-16
350,14.4,2010-12-17
351,0.0,2010-12-18
352,0.0,2010-12-19
353,5.0,2010-12-20
354,0.0,2010-12-21
355,0.0,2010-12-22
356,0.0,2010-12-23
357,0.0,2010-12-24
358,0.0,2010-12-25
359,2.2,2010-12-26
360,14.4,2010-12-27
361,1.2,2010-12-28
362,0.0,2010-12-29
363,0.0,2010-12-30
364,0.0,2010-12-31
365,0.0,2011-01-01
366,0.0,2011-01-02
367,2.2,2011-01-03
368,3.8,2011-01-04
369,0.0,2011-01-05
370,0.0,2011-01-06
371,0.0,2011-01-07
372,4.6,2011-01-08
373,6.4,2011-01-09
374,7.8,2011-01-10
375,0.4,2011-01-11
376,8.0,2011-01-12
377,0.0,2011-01-13
378,0.0,2011-01-14
379,1.0,2011-01-15
380,0.0,2011-01-16
381,0.0,2011-01-17
382,0.0,2011-01-18
383,0.0,2011-01-19
384,0.0,2011-01-20
385,0.0,2011-01-21
386,0.0,2011-01-22
387,0.0,2011-01-23
388,0.0,2011-01-24
389,0.0,2011-01-25
390,0.0,2011-01-26
391,0.0,2011-01-27
392,0.0,2011-01-28
393,0.0,2011-01-29
394,0.0,2011-01-30
395,0.0,2011-01-31
396,0.0,2011-02-01
397,0.0,2011-02-02
398,0.0,2011-02-03
399,0.0,2011-02-04
400,0.0,2011-02-05
401,0.0,2011-02-06
402,0.2,2011-02-07
403,0.0,2011-02-08
404,0.0,2011-02-09
405,0.0,2011-02-10
406,0.0,2011-02-11
407,1.2,2011-02-12
408,15.2,2011-02-13
409,0.0,2011-02-14
410,0.4,2011-02-15
411,0.8,2011-02-16
412,0.0,2011-02-17
413,0.0,2011-02-18
414,0.0,2011-02-19
415,0.0,2011-02-20
416,0.0,2011-02-21
417,0.0,2011-02-22
418,0.0,2011-02-23
419,0.0,2011-02-24
420,0.0,2011-02-25
421,0.0,2011-02-26
422,0.0,2011-02-27
423,0.8,2011-02-28
424,0.2,2011-03-01
425,0.0,2011-03-02
426,0.2,2011-03-03
427,0.0,2011-03-04
428,0.0,2011-03-05
429,0.4,2011-03-06
430,0.0,2011-03-07
431,0.0,2011-03-08
432,0.0,2011-03-09
433,0.0,2011-03-10
434,0.0,2011-03-11
435,0.2,2011-03-12
436,0.0,2011-03-13
437,0.0,2011-03-14
438,0.0,2011-03-15
439,0.6,2011-03-16
440,3.8,2011-03-17
441,0.0,2011-03-18
442,2.2,2011-03-19
443,54.4,2011-03-20
444,13.8,2011-03-21
445,11.4,2011-03-22
446,8.8,2011-03-23
447,0.0,2011-03-24
448,0.0,2011-03-25
449,0.2,2011-03-26
450,0.0,2011-03-27
451,2.0,2011-03-28
452,0.2,2011-03-29
453,0.0,2011-03-30
454,2.2,2011-03-31
455,0.4,2011-04-01
456,0.2,2011-04-02
457,0.0,2011-04-03
458,0.0,2011-04-04
459,8.2,2011-04-05
460,3.6,2011-04-06
461,0.4,2011-04-07
462,0.0,2011-04-08
463,0.0,2011-04-09
464,0.0,2011-04-10
465,8.4,2011-04-11
466,0.0,2011-04-12
467,0.0,2011-04-13
468,0.0,2011-04-14
469,0.0,2011-04-15
470,12.0,2011-04-16
471,18.0,2011-04-17
472,0.0,2011-04-18
473,0.0,2011-04-19
474,0.0,2011-04-20
475,0.0,2011-04-21
476,0.0,2011-04-22
477,0.4,2011-04-23
478,0.0,2011-04-24
479,6.8,2011-04-25
480,6.2,2011-04-26
481,4.2,2011-04-27
482,10.6,2011-04-28
483,11.4,2011-04-29
484,9.2,2011-04-30
485,6.4,2011-05-01
486,0.0,2011-05-02
487,0.4,2011-05-03
488,0.0,2011-05-04
489,0.0,2011-05-05
490,0.0,2011-05-06
491,0.0,2011-05-07
492,0.0,2011-05-08
493,0.0,2011-05-09
494,0.0,2011-05-10
495,0.0,2011-05-11
496,0.0,2011-05-12
497,0.0,2011-05-13
498,0.0,2011-05-14
499,0.0,2011-05-15
500,0.0,2011-05-16
501,0.0,2011-05-17
502,0.0,2011-05-18
503,0.0,2011-05-19
504,0.0,2011-05-20
505,0.0,2011-05-21
506,0.0,2011-05-22
507,1.0,2011-05-23
508,0.0,2011-05-24
509,1.4,2011-05-25
510,0.0,2011-05-26
511,0.0,2011-05-27
512,0.0,2011-05-28
513,0.0,2011-05-29
514,13.6,2011-05-30
515,60.0,2011-05-31
516,16.6,2011-06-01
517,2.4,2011-06-02
518,0.0,2011-06-03
519,0.0,2011-06-04
520,0.2,2011-06-05
521,0.0,2011-06-06
522,0.0,2011-06-07
523,0.4,2011-06-08
524,0.0,2011-06-09
525,0.0,2011-06-10
526,1.4,2011-06-11
527,1.2,2011-06-12
528,3.6,2011-06-13
529,7.0,2011-06-14
530,4.6,2011-06-15
531,9.2,2011-06-16
532,0.0,2011-06-17
533,0.0,2011-06-18
534,0.0,2011-06-19
535,0.0,2011-06-20
536,0.0,2011-06-21
537,0.0,2011-06-22
538,0.0,2011-06-23
539,0.0,2011-06-24
540,0.0,2011-06-25
541,0.0,2011-06-26
542,0.0,2011-06-27
543,0.0,2011-06-28
544,0.8,2011-06-29
545,2.6,2011-06-30
546,1.2,2011-07-01
547,1.2,2011-07-02
548,0.0,2011-07-03
549,0.0,2011-07-04
550,2.2,2011-07-05
551,0.0,2011-07-06
552,0.0,2011-07-07
553,0.0,2011-07-08
554,0.0,2011-07-09
555,0.0,2011-07-10
556,0.0,2011-07-11
557,0.0,2011-07-12
558,0.0,2011-07-13
559,0.0,2011-07-14
560,0.0,2011-07-15
561,2.4,2011-07-16
562,1.0,2011-07-17
563,0.0,2011-07-18
564,0.0,2011-07-19
565,21.4,2011-07-20
566,7.6,2011-07-21
567,50.0,2011-07-22
568,23.6,2011-07-23
569,1.0,2011-07-24
570,0.2,2011-07-25
571,0.0,2011-07-26
572,0.0,2011-07-27
573,0.0,2011-07-28
574,0.0,2011-07-29
575,0.0,2011-07-30
576,0.0,2011-07-31
577,0.0,2011-08-01
578,0.0,2011-08-02
579,0.0,2011-08-03
580,0.0,2011-08-04
581,0.0,2011-08-05
582,0.0,2011-08-06
583,1.2,2011-08-07
584,1.2,2011-08-08
585,0.0,2011-08-09
586,0.0,2011-08-10
587,0.0,2011-08-11
588,8.4,2011-08-12
589,0.0,2011-08-13
590,0.4,2011-08-14
591,0.0,2011-08-15
592,0.0,2011-08-16
593,0.0,2011-08-17
594,8.4,2011-08-18
595,0.8,2011-08-19
596,13.6,2011-08-20
597,2.0,2011-08-21
598,0.0,2011-08-22
599,0.2,2011-08-23
600,0.0,2011-08-24
601,0.0,2011-08-25
602,0.0,2011-08-26
603,0.0,2011-08-27
604,0.0,2011-08-28
605,0.0,2011-08-29
606,0.0,2011-08-30
607,0.0,2011-08-31
608,0.0,2011-09-01
609,0.0,2011-09-02
610,0.0,2011-09-03
611,0.0,2011-09-04
612,0.0,2011-09-05
613,0.0,2011-09-06
614,1.2,2011-09-07
615,0.0,2011-09-08
616,13.8,2011-09-09
617,1.6,2011-09-10
618,0.0,2011-09-11
619,0.2,2011-09-12
620,0.0,2011-09-13
621,0.0,2011-09-14
622,0.0,2011-09-15
623,0.0,2011-09-16
624,0.0,2011-09-17
625,0.0,2011-09-18
626,0.0,2011-09-19
627,0.0,2011-09-20
628,0.0,2011-09-21
629,0.0,2011-09-22
630,0.0,2011-09-23
631,0.0,2011-09-24
632,15.6,2011-09-25
633,27.8,2011-09-26
634,0.0,2011-09-27
635,0.0,2011-09-28
636,5.6,2011-09-29
637,0.0,2011-09-30
638,0.0,2011-10-01
639,3.4,2011-10-02
640,8.2,2011-10-03
641,0.0,2011-10-04
642,0.0,2011-10-05
643,0.0,2011-10-06
644,2.2,2011-10-07
645,0.6,2011-10-08
646,0.8,2011-10-09
647,0.0,2011-10-10
648,0.0,2011-10-11
649,0.0,2011-10-12
650,0.0,2011-10-13
651,0.0,2011-10-14
652,0.6,2011-10-15
653,0.0,2011-10-16
654,0.0,2011-10-17
655,0.0,2011-10-18
656,0.0,2011-10-19
657,0.0,2011-10-20
658,0.0,2011-10-21
659,0.0,2011-10-22
660,0.0,2011-10-23
661,0.0,2011-10-24
662,3.0,2011-10-25
663,5.4,2011-10-26
664,3.4,2011-10-27
665,0.0,2011-10-28
666,0.0,2011-10-29
667,0.0,2011-10-30
668,0.0,2011-10-31
669,0.0,2011-11-01
670,0.0,2011-11-02
671,7.0,2011-11-03
672,6.6,2011-11-04
673,0.2,2011-11-05
674,0.0,2011-11-06
675,0.6,2011-11-07
676,7.8,2011-11-08
677,9.2,2011-11-09
678,0.2,2011-11-10
679,0.4,2011-11-11
680,0.0,2011-11-12
681,0.0,2011-11-13
682,0.0,2011-11-14
683,0.0,2011-11-15
684,0.0,2011-11-16
685,10.2,2011-11-17
686,2.2,2011-11-18
687,0.0,2011-11-19
688,0.0,2011-11-20
689,3.2,2011-11-21
690,6.4,2011-11-22
691,33.6,2011-11-23
692,13.0,2011-11-24
693,7.4,2011-11-25
694,31.6,2011-11-26
695,5.6,2011-11-27
696,0.0,2011-11-28
697,0.0,2011-11-29
698,0.0,2011-11-30
699,1.8,2011-12-01
700,1.0,2011-12-02
701,0.2,2011-12-03
702,0.0,2011-12-04
703,3.2,2011-12-05
704,2.8,2011-12-06
705,0.0,2011-12-07
706,15.6,2011-12-08
707,1.0,2011-12-09
708,0.0,2011-12-10
709,0.0,2011-12-11
710,28.6,2011-12-12
711,5.8,2011-12-13
712,0.0,2011-12-14
713,0.0,2011-12-15
714,0.0,2011-12-16
715,0.0,2011-12-17
716,0.0,2011-12-18
717,0.0,2011-12-19
718,15.8,2011-12-20
719,0.0,2011-12-21
720,0.0,2011-12-22
721,5.2,2011-12-23
722,30.8,2011-12-24
723,0.0,2011-12-25
724,0.0,2011-12-26
725,0.0,2011-12-27
726,0.0,2011-12-28
727,0.0,2011-12-29
728,0.0,2011-12-30
729,0.0,2011-12-31
730,0.0,2012-01-01
731,0.0,2012-01-02
732,0.0,2012-01-03
733,0.0,2012-01-04
734,0.0,2012-01-05
735,0.0,2012-01-06
736,0.0,2012-01-07
737,0.2,2012-01-08
738,11.8,2012-01-09
739,0.0,2012-01-10
740,0.0,2012-01-11
741,0.0,2012-01-12
742,0.2,2012-01-13
743,3.2,2012-01-14
744,5.0,2012-01-15
745,2.2,2012-01-16
746,25.2,2012-01-17
747,0.0,2012-01-18
748,0.0,2012-01-19
749,0.0,2012-01-20
750,0.0,2012-01-21
751,5.8,2012-01-22
752,0.8,2012-01-23
753,0.0,2012-01-24
754,1.6,2012-01-25
755,31.6,2012-01-26
756,2.6,2012-01-27
757,0.8,2012-01-28
758,0.0,2012-01-29
759,3.6,2012-01-30
760,0.0,2012-01-31
761,20.6,2012-02-01
762,4.4,2012-02-02
763,27.4,2012-02-03
764,29.4,2012-02-04
765,0.2,2012-02-05
766,0.0,2012-02-06
767,0.2,2012-02-07
768,0.0,2012-02-08
769,0.6,2012-02-09
770,8.4,2012-02-10
771,0.2,2012-02-11
772,13.8,2012-02-12
773,15.8,2012-02-13
774,0.0,2012-02-14
775,0.0,2012-02-15
776,0.0,2012-02-16
777,0.0,2012-02-17
778,5.2,2012-02-18
779,0.2,2012-02-19
780,16.0,2012-02-20
781,5.2,2012-02-21
782,0.2,2012-02-22
783,0.0,2012-02-23
784,0.0,2012-02-24
785,0.0,2012-02-25
786,0.0,2012-02-26
787,0.0,2012-02-27
788,0.0,2012-02-28
789,5.2,2012-02-29
790,24.2,2012-03-01
791,12.0,2012-03-02
792,11.4,2012-03-03
793,3.0,2012-03-04
794,10.6,2012-03-05
795,0.0,2012-03-06
796,0.0,2012-03-07
797,89.6,2012-03-08
798,4.8,2012-03-09
799,0.0,2012-03-10
800,0.0,2012-03-11
801,0.0,2012-03-12
802,0.0,2012-03-13
803,0.0,2012-03-14
804,0.0,2012-03-15
805,0.0,2012-03-16
806,37.8,2012-03-17
807,1.2,2012-03-18
808,2.8,2012-03-19
809,6.2,2012-03-20
810,0.2,2012-03-21
811,0.0,2012-03-22
812,4.0,2012-03-23
813,0.2,2012-03-24
814,0.0,2012-03-25
815,0.0,2012-03-26
816,0.0,2012-03-27
817,0.0,2012-03-28
818,0.0,2012-03-29
819,0.2,2012-03-30
820,0.0,2012-03-31
821,0.0,2012-04-01
822,2.6,2012-04-02
823,0.0,2012-04-03
824,0.0,2012-04-04
825,0.0,2012-04-05
826,0.0,2012-04-06
827,0.0,2012-04-07
828,0.0,2012-04-08
829,9.4,2012-04-09
830,0.0,2012-04-10
831,0.0,2012-04-11
832,2.4,2012-04-12
833,0.2,2012-04-13
834,0.0,2012-04-14
835,0.0,2012-04-15
836,0.0,2012-04-16
837,3.2,2012-04-17
838,56.6,2012-04-18
839,77.4,2012-04-19
840,6.2,2012-04-20
841,0.0,2012-04-21
842,0.0,2012-04-22
843,0.8,2012-04-23
844,2.4,2012-04-24
845,1.8,2012-04-25
846,0.0,2012-04-26
847,0.0,2012-04-27
848,0.0,2012-04-28
849,0.0,2012-04-29
850,0.0,2012-04-30
851,0.0,2012-05-01
852,0.0,2012-05-02
853,2.2,2012-05-03
854,0.0,2012-05-04
855,0.0,2012-05-05
856,0.0,2012-05-06
857,0.0,2012-05-07
858,0.0,2012-05-08
859,0.0,2012-05-09
860,0.0,2012-05-10
861,0.0,2012-05-11
862,0.0,2012-05-12
863,0.0,2012-05-13
864,0.0,2012-05-14
865,0.0,2012-05-15
866,0.0,2012-05-16
867,0.0,2012-05-17
868,0.0,2012-05-18
869,0.0,2012-05-19
870,0.0,2012-05-20
871,0.0,2012-05-21
872,0.0,2012-05-22
873,0.0,2012-05-23
874,0.0,2012-05-24
875,10.4,2012-05-25
876,0.0,2012-05-26
877,0.0,2012-05-27
878,0.0,2012-05-28
879,1.4,2012-05-29
880,0.0,2012-05-30
881,0.2,2012-05-31
882,0.0,2012-06-01
883,0.0,2012-06-02
884,8.0,2012-06-03
885,6.4,2012-06-04
886,0.0,2012-06-05
887,15.8,2012-06-06
888,0.6,2012-06-07
889,0.0,2012-06-08
890,0.0,2012-06-09
891,0.4,2012-06-10
892,28.8,2012-06-11
893,56.4,2012-06-12
894,2.6,2012-06-13
895,0.4,2012-06-14
896,0.0,2012-06-15
897,0.2,2012-06-16
898,9.2,2012-06-17
899,0.0,2012-06-18
900,0.0,2012-06-19
901,0.0,2012-06-20
902,0.0,2012-06-21
903,0.0,2012-06-22
904,0.0,2012-06-23
905,0.0,2012-06-24
906,0.0,2012-06-25
907,0.0,2012-06-26
908,0.0,2012-06-27
909,0.0,2012-06-28
910,0.0,2012-06-29
911,0.0,2012-06-30
912,0.0,2012-07-01
913,0.0,2012-07-02
914,0.0,2012-07-03
915,0.0,2012-07-04
916,0.0,2012-07-05
917,10.8,2012-07-06
918,1.2,2012-07-07
919,0.0,2012-07-08
920,0.0,2012-07-09
921,0.0,2012-07-10
922,6.8,2012-07-11
923,0.0,2012-07-12
924,1.0,2012-07-13
925,0.0,2012-07-14
926,0.0,2012-07-15
927,0.0,2012-07-16
928,0.0,2012-07-17
929,0.0,2012-07-18
930,0.0,2012-07-19
931,0.0,2012-07-20
932,0.0,2012-07-21
933,0.0,2012-07-22
934,2.2,2012-07-23
935,4.4,2012-07-24
936,1.6,2012-07-25
937,0.0,2012-07-26
938,0.0,2012-07-27
939,0.0,2012-07-28
940,0.0,2012-07-29
941,0.0,2012-07-30
942,0.0,2012-07-31
943,0.0,2012-08-01
944,0.0,2012-08-02
945,0.0,2012-08-03
946,0.0,2012-08-04
947,0.0,2012-08-05
948,0.0,2012-08-06
949,0.0,2012-08-07
950,0.0,2012-08-08
951,0.0,2012-08-09
952,0.0,2012-08-10
953,0.0,2012-08-11
954,0.0,2012-08-12
955,0.0,2012-08-13
956,0.0,2012-08-14
957,0.0,2012-08-15
958,0.0,2012-08-16
959,0.0,2012-08-17
960,0.0,2012-08-18
961,0.0,2012-08-19
962,0.0,2012-08-20
963,0.0,2012-08-21
964,0.0,2012-08-22
965,0.0,2012-08-23
966,6.8,2012-08-24
967,0.0,2012-08-25
968,0.0,2012-08-26
969,0.0,2012-08-27
970,0.0,2012-08-28
971,0.0,2012-08-29
972,0.0,2012-08-30
973,0.0,2012-08-31
974,1.2,2012-09-01
975,0.0,2012-09-02
976,0.0,2012-09-03
977,0.0,2012-09-04
978,0.0,2012-09-05
979,0.0,2012-09-06
980,0.0,2012-09-07
981,0.0,2012-09-08
982,0.0,2012-09-09
983,0.0,2012-09-10
984,0.0,2012-09-11
985,0.0,2012-09-12
986,0.0,2012-09-13
987,2.0,2012-09-14
988,0.0,2012-09-15
989,0.0,2012-09-16
990,0.0,2012-09-17
991,0.0,2012-09-18
992,1.2,2012-09-19
993,0.0,2012-09-20
994,0.0,2012-09-21
995,0.4,2012-09-22
996,0.0,2012-09-23
997,0.0,2012-09-24
998,0.0,2012-09-25
999,0.0,2012-09-26
1000,0.0,2012-09-27
1001,0.0,2012-09-28
1002,15.6,2012-09-29
1003,0.0,2012-09-30
1004,0.0,2012-10-01
1005,0.0,2012-10-02
1006,0.0,2012-10-03
1007,0.0,2012-10-04
1008,0.0,2012-10-05
1009,0.0,2012-10-06
1010,2.0,2012-10-07
1011,0.0,2012-10-08
1012,2.4,2012-10-09
1013,0.0,2012-10-10
1014,7.2,2012-10-11
1015,10.6,2012-10-12
1016,10.4,2012-10-13
1017,0.0,2012-10-14
1018,0.0,2012-10-15
1019,0.0,2012-10-16
1020,0.0,2012-10-17
1021,0.0,2012-10-18
1022,0.0,2012-10-19
1023,0.0,2012-10-20
1024,0.0,2012-10-21
1025,0.0,2012-10-22
1026,1.0,2012-10-23
1027,0.0,2012-10-24
1028,0.0,2012-10-25
1029,0.0,2012-10-26
1030,0.0,2012-10-27
1031,0.0,2012-10-28
1032,0.0,2012-10-29
1033,0.0,2012-10-30
1034,0.0,2012-10-31
1035,0.0,2012-11-01
1036,0.0,2012-11-02
1037,0.2,2012-11-03
1038,0.0,2012-11-04
1039,0.0,2012-11-05
1040,0.4,2012-11-06
1041,0.0,2012-11-07
1042,0.0,2012-11-08
1043,3.6,2012-11-09
1044,5.0,2012-11-10
1045,0.0,2012-11-11
1046,0.0,2012-11-12
1047,0.0,2012-11-13
1048,1.0,2012-11-14
1049,0.0,2012-11-15
1050,2.2,2012-11-16
1051,5.8,2012-11-17
1052,0.0,2012-11-18
1053,0.0,2012-11-19
1054,2.6,2012-11-20
1055,0.0,2012-11-21
1056,0.0,2012-11-22
1057,0.0,2012-11-23
1058,0.0,2012-11-24
1059,0.0,2012-11-25
1060,0.0,2012-11-26
1061,0.8,2012-11-27
1062,10.6,2012-11-28
1063,0.0,2012-11-29
1064,0.0,2012-11-30
1065,0.8,2012-12-01
1066,0.0,2012-12-02
1067,1.6,2012-12-03
1068,0.2,2012-12-04
1069,0.0,2012-12-05
1070,0.0,2012-12-06
1071,0.0,2012-12-07
1072,0.0,2012-12-08
1073,0.0,2012-12-09
1074,0.0,2012-12-10
1075,0.0,2012-12-11
1076,1.2,2012-12-12
1077,1.0,2012-12-13
1078,0.0,2012-12-14
1079,0.0,2012-12-15
1080,0.0,2012-12-16
1081,0.0,2012-12-17
1082,0.0,2012-12-18
1083,0.0,2012-12-19
1084,0.0,2012-12-20
1085,0.0,2012-12-21
1086,0.0,2012-12-22
1087,0.0,2012-12-23
1088,0.0,2012-12-24
1089,6.0,2012-12-25
1090,23.4,2012-12-26
1091,0.0,2012-12-27
1092,0.0,2012-12-28
1093,0.0,2012-12-29
1094,0.0,2012-12-30
1095,0.0,2012-12-31
1096,0.0,2013-01-01
1097,0.0,2013-01-02
1098,0.0,2013-01-03
1099,0.0,2013-01-04
1100,0.0,2013-01-05
1101,0.0,2013-01-06
1102,0.0,2013-01-07
1103,0.0,2013-01-08
1104,0.0,2013-01-09
1105,0.0,2013-01-10
1106,0.0,2013-01-11
1107,0.0,2013-01-12
1108,0.0,2013-01-13
1109,6.6,2013-01-14
1110,0.0,2013-01-15
1111,0.0,2013-01-16
1112,0.0,2013-01-17
1113,0.0,2013-01-18
1114,0.2,2013-01-19
1115,1.0,2013-01-20
1116,0.0,2013-01-21
1117,0.0,2013-01-22
1118,0.4,2013-01-23
1119,0.0,2013-01-24
1120,0.0,2013-01-25
1121,0.0,2013-01-26
1122,9.4,2013-01-27
1123,9.0,2013-01-28
1124,102.4,2013-01-29
1125,0.4,2013-01-30
1126,0.0,2013-01-31
1127,0.0,2013-02-01
1128,41.0,2013-02-02
1129,1.0,2013-02-03
1130,0.0,2013-02-04
1131,0.0,2013-02-05
1132,0.0,2013-02-06
1133,0.0,2013-02-07
1134,0.0,2013-02-08
1135,0.0,2013-02-09
1136,0.0,2013-02-10
1137,7.8,2013-02-11
1138,2.2,2013-02-12
1139,0.0,2013-02-13
1140,0.0,2013-02-14
1141,1.2,2013-02-15
1142,1.2,2013-02-16
1143,8.6,2013-02-17
1144,0.0,2013-02-18
1145,1.0,2013-02-19
1146,0.0,2013-02-20
1147,5.4,2013-02-21
1148,0.2,2013-02-22
1149,21.6,2013-02-23
1150,42.8,2013-02-24
1151,0.8,2013-02-25
1152,0.0,2013-02-26
1153,0.0,2013-02-27
1154,0.0,2013-02-28
1155,33.2,2013-03-01
1156,16.4,2013-03-02
1157,4.2,2013-03-03
1158,2.2,2013-03-04
1159,0.0,2013-03-05
1160,0.0,2013-03-06
1161,0.0,2013-03-07
1162,0.0,2013-03-08
1163,0.0,2013-03-09
1164,0.0,2013-03-10
1165,0.0,2013-03-11
1166,0.0,2013-03-12
1167,0.0,2013-03-13
1168,0.0,2013-03-14
1169,0.0,2013-03-15
1170,0.0,2013-03-16
1171,0.0,2013-03-17
1172,0.0,2013-03-18
1173,0.0,2013-03-19
1174,0.0,2013-03-20
1175,0.0,2013-03-21
1176,0.0,2013-03-22
1177,0.0,2013-03-23
1178,0.0,2013-03-24
1179,0.0,2013-03-25
1180,0.0,2013-03-26
1181,0.0,2013-03-27
1182,0.4,2013-03-28
1183,5.2,2013-03-29
1184,0.0,2013-03-30
1185,0.0,2013-03-31
1186,0.0,2013-04-01
1187,0.0,2013-04-02
1188,11.2,2013-04-03
1189,18.8,2013-04-04
1190,1.2,2013-04-05
1191,0.2,2013-04-06
1192,0.0,2013-04-07
1193,0.2,2013-04-08
1194,1.8,2013-04-09
1195,0.0,2013-04-10
1196,0.0,2013-04-11
1197,0.0,2013-04-12
1198,0.0,2013-04-13
1199,0.0,2013-04-14
1200,0.0,2013-04-15
1201,12.6,2013-04-16
1202,1.4,2013-04-17
1203,0.0,2013-04-18
1204,2.6,2013-04-19
1205,20.2,2013-04-20
1206,6.2,2013-04-21
1207,0.8,2013-04-22
1208,0.0,2013-04-23
1209,0.0,2013-04-24
1210,0.0,2013-04-25
1211,0.0,2013-04-26
1212,0.0,2013-04-27
1213,0.0,2013-04-28
1214,0.0,2013-04-29
1215,0.0,2013-04-30
1216,0.0,2013-05-01
1217,0.0,2013-05-02
1218,0.0,2013-05-03
1219,0.0,2013-05-04
1220,0.0,2013-05-05
1221,0.0,2013-05-06
1222,0.0,2013-05-07
1223,0.0,2013-05-08
1224,0.0,2013-05-09
1225,0.0,2013-05-10
1226,0.0,2013-05-11
1227,0.2,2013-05-12
1228,0.0,2013-05-13
1229,0.6,2013-05-14
1230,0.0,2013-05-15
1231,0.0,2013-05-16
1232,0.0,2013-05-17
1233,0.0,2013-05-18
1234,0.0,2013-05-19
1235,0.0,2013-05-20
1236,0.0,2013-05-21
1237,0.0,2013-05-22
1238,23.6,2013-05-23
1239,12.6,2013-05-24
1240,5.0,2013-05-25
1241,0.2,2013-05-26
1242,0.0,2013-05-27
1243,2.0,2013-05-28
1244,0.4,2013-05-29
1245,0.0,2013-05-30
1246,0.0,2013-05-31
1247,0.2,2013-06-01
1248,16.0,2013-06-02
1249,17.8,2013-06-03
1250,0.0,2013-06-04
1251,0.0,2013-06-05
1252,0.0,2013-06-06
1253,0.0,2013-06-07
1254,0.0,2013-06-08
1255,0.0,2013-06-09
1256,0.0,2013-06-10
1257,2.0,2013-06-11
1258,0.0,2013-06-12
1259,7.6,2013-06-13
1260,0.0,2013-06-14
1261,0.0,2013-06-15
1262,0.2,2013-06-16
1263,0.0,2013-06-17
1264,0.0,2013-06-18
1265,2.6,2013-06-19
1266,0.2,2013-06-20
1267,0.0,2013-06-21
1268,0.0,2013-06-22
1269,17.0,2013-06-23
1270,37.6,2013-06-24
1271,11.2,2013-06-25
1272,21.2,2013-06-26
1273,4.2,2013-06-27
1274,2.0,2013-06-28
1275,14.2,2013-06-29
1276,12.8,2013-06-30
1277,3.4,2013-07-01
1278,0.0,2013-07-02
1279,0.0,2013-07-03
1280,0.0,2013-07-04
1281,0.0,2013-07-05
1282,0.0,2013-07-06
1283,0.0,2013-07-07
1284,0.0,2013-07-08
1285,0.0,2013-07-09
1286,2.2,2013-07-10
1287,0.0,2013-07-11
1288,0.0,2013-07-12
1289,0.2,2013-07-13
1290,0.0,2013-07-14
1291,0.2,2013-07-15
1292,0.0,2013-07-16
1293,0.0,2013-07-17
1294,0.0,2013-07-18
1295,0.0,2013-07-19
1296,1.2,2013-07-20
1297,0.0,2013-07-21
1298,0.0,2013-07-22
1299,0.0,2013-07-23
1300,0.0,2013-07-24
1301,0.0,2013-07-25
1302,0.0,2013-07-26
1303,0.0,2013-07-27
1304,0.0,2013-07-28
1305,0.0,2013-07-29
1306,0.0,2013-07-30
1307,2.4,2013-07-31
1308,0.0,2013-08-01
1309,0.2,2013-08-02
1310,0.0,2013-08-03
1311,0.0,2013-08-04
1312,0.0,2013-08-05
1313,0.0,2013-08-06
1314,0.4,2013-08-07
1315,8.6,2013-08-08
1316,0.6,2013-08-09
1317,0.0,2013-08-10
1318,0.0,2013-08-11
1319,0.0,2013-08-12
1320,0.0,2013-08-13
1321,0.0,2013-08-14
1322,0.0,2013-08-15
1323,0.0,2013-08-16
1324,0.0,2013-08-17
1325,0.0,2013-08-18
1326,0.0,2013-08-19
1327,0.0,2013-08-20
1328,0.0,2013-08-21
1329,0.0,2013-08-22
1330,0.0,2013-08-23
1331,0.0,2013-08-24
1332,0.0,2013-08-25
1333,0.0,2013-08-26
1334,0.0,2013-08-27
1335,0.0,2013-08-28
1336,0.0,2013-08-29
1337,0.0,2013-08-30
1338,0.0,2013-08-31
1339,0.0,2013-09-01
1340,0.0,2013-09-02
1341,0.0,2013-09-03
1342,0.0,2013-09-04
1343,0.0,2013-09-05
1344,0.0,2013-09-06
1345,0.0,2013-09-07
1346,0.0,2013-09-08
1347,0.0,2013-09-09
1348,0.0,2013-09-10
1349,0.0,2013-09-11
1350,0.0,2013-09-12
1351,0.0,2013-09-13
1352,8.0,2013-09-14
1353,0.0,2013-09-15
1354,0.6,2013-09-16
1355,24.6,2013-09-17
1356,0.0,2013-09-18
1357,0.0,2013-09-19
1358,0.0,2013-09-20
1359,0.0,2013-09-21
1360,0.0,2013-09-22
1361,0.0,2013-09-23
1362,0.0,2013-09-24
1363,0.0,2013-09-25
1364,0.0,2013-09-26
1365,0.0,2013-09-27
1366,0.0,2013-09-28
1367,0.0,2013-09-29
1368,0.0,2013-09-30
1369,0.0,2013-10-01
1370,0.0,2013-10-02
1371,0.0,2013-10-03
1372,3.2,2013-10-04
1373,0.0,2013-10-05
1374,0.0,2013-10-06
1375,0.0,2013-10-07
1376,0.0,2013-10-08
1377,0.0,2013-10-09
1378,0.0,2013-10-10
1379,0.0,2013-10-11
1380,0.0,2013-10-12
1381,0.0,2013-10-13
1382,2.0,2013-10-14
1383,0.0,2013-10-15
1384,0.0,2013-10-16
1385,0.0,2013-10-17
1386,0.0,2013-10-18
1387,0.0,2013-10-19
1388,0.0,2013-10-20
1389,0.0,2013-10-21
1390,0.0,2013-10-22
1391,3.8,2013-10-23
1392,0.0,2013-10-24
1393,0.0,2013-10-25
1394,0.0,2013-10-26
1395,0.0,2013-10-27
1396,0.0,2013-10-28
1397,0.0,2013-10-29
1398,0.0,2013-10-30
1399,0.0,2013-10-31
1400,0.0,2013-11-01
1401,0.0,2013-11-02
1402,0.0,2013-11-03
1403,0.0,2013-11-04
1404,0.0,2013-11-05
1405,0.0,2013-11-06
1406,0.0,2013-11-07
1407,0.0,2013-11-08
1408,0.2,2013-11-09
1409,0.0,2013-11-10
1410,29.8,2013-11-11
1411,18.8,2013-11-12
1412,3.8,2013-11-13
1413,0.0,2013-11-14
1414,0.0,2013-11-15
1415,6.8,2013-11-16
1416,13.4,2013-11-17
1417,6.6,2013-11-18
1418,50.4,2013-11-19
1419,0.0,2013-11-20
1420,0.0,2013-11-21
1421,4.8,2013-11-22
1422,29.8,2013-11-23
1423,0.2,2013-11-24
1424,0.0,2013-11-25
1425,0.0,2013-11-26
1426,0.0,2013-11-27
1427,0.0,2013-11-28
1428,0.0,2013-11-29
1429,4.6,2013-11-30
1430,0.0,2013-12-01
1431,0.0,2013-12-02
1432,0.0,2013-12-03
1433,0.0,2013-12-04
1434,4.6,2013-12-05
1435,0.0,2013-12-06
1436,0.0,2013-12-07
1437,0.0,2013-12-08
1438,0.0,2013-12-09
1439,0.0,2013-12-10
1440,0.0,2013-12-11
1441,0.0,2013-12-12
1442,0.0,2013-12-13
1443,0.0,2013-12-14
1444,0.0,2013-12-15
1445,2.2,2013-12-16
1446,0.4,2013-12-17
1447,0.0,2013-12-18
1448,0.0,2013-12-19
1449,0.4,2013-12-20
1450,0.0,2013-12-21
1451,0.0,2013-12-22
1452,0.0,2013-12-23
1453,0.0,2013-12-24
1454,0.2,2013-12-25
1455,19.6,2013-12-26
1456,4.0,2013-12-27
1457,0.0,2013-12-28
1458,0.0,2013-12-29
1459,0.0,2013-12-30
1460,0.0,2013-12-31
1461,0.0,2014-01-01
1462,0.0,2014-01-02
1463,0.6,2014-01-03
1464,0.2,2014-01-04
1465,0.0,2014-01-05
1466,0.0,2014-01-06
1467,0.0,2014-01-07
1468,4.6,2014-01-08
1469,0.0,2014-01-09
1470,0.0,2014-01-10
1471,0.0,2014-01-11
1472,0.0,2014-01-12
1473,0.0,2014-01-13
1474,0.0,2014-01-14
1475,0.0,2014-01-15
1476,0.0,2014-01-16
1477,0.0,2014-01-17
1478,0.0,2014-01-18
1479,0.0,2014-01-19
1480,0.0,2014-01-20
1481,2.4,2014-01-21
1482,1.6,2014-01-22
1483,0.0,2014-01-23
1484,0.0,2014-01-24
1485,5.0,2014-01-25
1486,0.0,2014-01-26
1487,0.0,2014-01-27
1488,0.0,2014-01-28
1489,0.0,2014-01-29
1490,0.0,2014-01-30
1491,0.0,2014-01-31
1492,0.0,2014-02-01
1493,0.0,2014-02-02
1494,0.0,2014-02-03
1495,0.0,2014-02-04
1496,0.0,2014-02-05
1497,0.0,2014-02-06
1498,0.0,2014-02-07
1499,0.0,2014-02-08
1500,0.0,2014-02-09
1501,0.0,2014-02-10
1502,0.0,2014-02-11
1503,0.0,2014-02-12
1504,0.6,2014-02-13
1505,1.2,2014-02-14
1506,1.8,2014-02-15
1507,5.0,2014-02-16
1508,17.8,2014-02-17
1509,0.0,2014-02-18
1510,0.0,2014-02-19
1511,27.4,2014-02-20
1512,0.0,2014-02-21
1513,0.0,2014-02-22
1514,0.0,2014-02-23
1515,0.0,2014-02-24
1516,0.0,2014-02-25
1517,0.0,2014-02-26
1518,4.6,2014-02-27
1519,0.0,2014-02-28
1520,3.4,2014-03-01
1521,37.8,2014-03-02
1522,0.0,2014-03-03
1523,0.2,2014-03-04
1524,0.0,2014-03-05
1525,0.8,2014-03-06
1526,0.0,2014-03-07
1527,0.6,2014-03-08
1528,0.0,2014-03-09
1529,0.0,2014-03-10
1530,0.0,2014-03-11
1531,0.0,2014-03-12
1532,6.4,2014-03-13
1533,0.0,2014-03-14
1534,0.0,2014-03-15
1535,10.4,2014-03-16
1536,1.4,2014-03-17
1537,0.0,2014-03-18
1538,0.0,2014-03-19
1539,0.0,2014-03-20
1540,0.0,2014-03-21
1541,0.0,2014-03-22
1542,0.0,2014-03-23
1543,0.0,2014-03-24
1544,65.0,2014-03-25
1545,0.0,2014-03-26
1546,8.4,2014-03-27
1547,4.0,2014-03-28
1548,2.8,2014-03-29
1549,0.0,2014-03-30
1550,3.4,2014-03-31
1551,0.0,2014-04-01
1552,0.0,2014-04-02
1553,0.0,2014-04-03
1554,0.6,2014-04-04
1555,7.2,2014-04-05
1556,0.0,2014-04-06
1557,5.6,2014-04-07
1558,0.6,2014-04-08
1559,0.0,2014-04-09
1560,0.0,2014-04-10
1561,6.6,2014-04-11
1562,12.0,2014-04-12
1563,0.4,2014-04-13
1564,0.0,2014-04-14
1565,0.0,2014-04-15
1566,1.6,2014-04-16
1567,0.6,2014-04-17
1568,0.0,2014-04-18
1569,0.0,2014-04-19
1570,0.0,2014-04-20
1571,0.0,2014-04-21
1572,0.0,2014-04-22
1573,0.0,2014-04-23
1574,0.0,2014-04-24
1575,0.0,2014-04-25
1576,0.4,2014-04-26
1577,0.0,2014-04-27
1578,0.0,2014-04-28
1579,0.0,2014-04-29
1580,3.2,2014-04-30
1581,0.0,2014-05-01
1582,0.0,2014-05-02
1583,2.8,2014-05-03
1584,3.4,2014-05-04
1585,0.0,2014-05-05
1586,0.0,2014-05-06
1587,0.0,2014-05-07
1588,0.0,2014-05-08
1589,0.6,2014-05-09
1590,0.0,2014-05-10
1591,0.2,2014-05-11
1592,0.0,2014-05-12
1593,0.0,2014-05-13
1594,0.2,2014-05-14
1595,0.0,2014-05-15
1596,0.0,2014-05-16
1597,0.0,2014-05-17
1598,0.0,2014-05-18
1599,0.0,2014-05-19
1600,0.0,2014-05-20
1601,0.0,2014-05-21
1602,0.0,2014-05-22
1603,0.0,2014-05-23
1604,0.0,2014-05-24
1605,0.0,2014-05-25
1606,0.0,2014-05-26
1607,0.0,2014-05-27
1608,0.0,2014-05-28
1609,0.0,2014-05-29
1610,0.0,2014-05-30
1611,0.0,2014-05-31
1612,0.2,2014-06-01
1613,4.0,2014-06-02
1614,0.0,2014-06-03
1615,0.0,2014-06-04
1616,8.6,2014-06-05
1617,2.0,2014-06-06
1618,0.0,2014-06-07
1619,0.0,2014-06-08
1620,0.0,2014-06-09
1621,7.2,2014-06-10
1622,0.4,2014-06-11
1623,0.0,2014-06-12
1624,0.0,2014-06-13
1625,3.2,2014-06-14
1626,0.4,2014-06-15
1627,0.0,2014-06-16
1628,0.0,2014-06-17
1629,0.0,2014-06-18
1630,0.0,2014-06-19
1631,0.0,2014-06-20
1632,0.6,2014-06-21
1633,0.0,2014-06-22
1634,0.0,2014-06-23
1635,0.0,2014-06-24
1636,0.0,2014-06-25
1637,0.0,2014-06-26
1638,0.0,2014-06-27
1639,0.0,2014-06-28
1640,0.0,2014-06-29
1641,0.0,2014-06-30
1642,0.0,2014-07-01
1643,0.0,2014-07-02
1644,0.0,2014-07-03
1645,0.0,2014-07-04
1646,0.0,2014-07-05
1647,0.0,2014-07-06
1648,0.0,2014-07-07
1649,0.0,2014-07-08
1650,0.0,2014-07-09
1651,0.2,2014-07-10
1652,0.0,2014-07-11
1653,0.0,2014-07-12
1654,0.0,2014-07-13
1655,0.0,2014-07-14
1656,0.4,2014-07-15
1657,2.0,2014-07-16
1658,0.6,2014-07-17
1659,0.0,2014-07-18
1660,0.0,2014-07-19
1661,0.0,2014-07-20
1662,0.0,2014-07-21
1663,0.0,2014-07-22
1664,0.0,2014-07-23
1665,0.0,2014-07-24
1666,0.2,2014-07-25
1667,4.6,2014-07-26
1668,1.0,2014-07-27
1669,0.0,2014-07-28
1670,0.0,2014-07-29
1671,0.0,2014-07-30
1672,0.0,2014-07-31
1673,0.0,2014-08-01
1674,0.0,2014-08-02
1675,0.0,2014-08-03
1676,0.0,2014-08-04
1677,0.0,2014-08-05
1678,0.0,2014-08-06
1679,0.0,2014-08-07
1680,0.0,2014-08-08
1681,0.2,2014-08-09
1682,0.2,2014-08-10
1683,0.0,2014-08-11
1684,1.0,2014-08-12
1685,5.8,2014-08-13
1686,0.0,2014-08-14
1687,0.0,2014-08-15
1688,0.0,2014-08-16
1689,22.2,2014-08-17
1690,57.8,2014-08-18
1691,47.0,2014-08-19
1692,1.8,2014-08-20
1693,0.0,2014-08-21
1694,0.2,2014-08-22
1695,0.0,2014-08-23
1696,0.6,2014-08-24
1697,0.0,2014-08-25
1698,2.4,2014-08-26
1699,26.4,2014-08-27
1700,12.8,2014-08-28
1701,0.8,2014-08-29
1702,0.0,2014-08-30
1703,0.0,2014-08-31
1704,0.0,2014-09-01
1705,0.0,2014-09-02
1706,1.6,2014-09-03
1707,0.0,2014-09-04
1708,0.6,2014-09-05
1709,4.2,2014-09-06
1710,2.0,2014-09-07
1711,0.2,2014-09-08
1712,0.0,2014-09-09
1713,6.8,2014-09-10
1714,0.0,2014-09-11
1715,0.0,2014-09-12
1716,0.0,2014-09-13
1717,0.0,2014-09-14
1718,0.0,2014-09-15
1719,0.0,2014-09-16
1720,0.0,2014-09-17
1721,0.0,2014-09-18
1722,0.0,2014-09-19
1723,0.0,2014-09-20
1724,0.0,2014-09-21
1725,0.0,2014-09-22
1726,0.0,2014-09-23
1727,0.0,2014-09-24
1728,0.0,2014-09-25
1729,3.2,2014-09-26
1730,0.0,2014-09-27
1731,0.0,2014-09-28
1732,0.0,2014-09-29
1733,0.0,2014-09-30
1734,0.0,2014-10-01
1735,0.0,2014-10-02
1736,0.0,2014-10-03
1737,0.0,2014-10-04
1738,0.0,2014-10-05
1739,0.0,2014-10-06
1740,0.0,2014-10-07
1741,0.0,2014-10-08
1742,0.0,2014-10-09
1743,0.0,2014-10-10
1744,0.0,2014-10-11
1745,0.0,2014-10-12
1746,0.0,2014-10-13
1747,9.8,2014-10-14
1748,78.4,2014-10-15
1749,0.6,2014-10-16
1750,0.0,2014-10-17
1751,0.0,2014-10-18
1752,0.0,2014-10-19
1753,0.0,2014-10-20
1754,0.4,2014-10-21
1755,0.0,2014-10-22
1756,0.0,2014-10-23
1757,0.0,2014-10-24
1758,0.4,2014-10-25
1759,0.0,2014-10-26
1760,0.0,2014-10-27
1761,0.0,2014-10-28
1762,0.0,2014-10-29
1763,0.0,2014-10-30
1764,0.0,2014-10-31
1765,0.0,2014-11-01
1766,0.0,2014-11-02
1767,0.0,2014-11-03
1768,0.0,2014-11-04
1769,0.0,2014-11-05
1770,7.8,2014-11-06
1771,0.0,2014-11-07
1772,0.0,2014-11-08
1773,0.0,2014-11-09
1774,0.0,2014-11-10
1775,0.0,2014-11-11
1776,0.0,2014-11-12
1777,0.0,2014-11-13
1778,0.0,2014-11-14
1779,0.0,2014-11-15
1780,6.8,2014-11-16
1781,0.2,2014-11-17
1782,0.0,2014-11-18
1783,0.0,2014-11-19
1784,0.0,2014-11-20
1785,0.0,2014-11-21
1786,0.0,2014-11-22
1787,0.0,2014-11-23
1788,0.0,2014-11-24
1789,8.8,2014-11-25
1790,0.0,2014-11-26
1791,2.6,2014-11-27
1792,0.2,2014-11-28
1793,0.0,2014-11-29
1794,0.0,2014-11-30
1795,3.8,2014-12-01
1796,6.6,2014-12-02
1797,0.6,2014-12-03
1798,30.0,2014-12-04
1799,28.0,2014-12-05
1800,1.8,2014-12-06
1801,39.8,2014-12-07
1802,3.8,2014-12-08
1803,0.8,2014-12-09
1804,0.0,2014-12-10
1805,13.0,2014-12-11
1806,22.6,2014-12-12
1807,0.0,2014-12-13
1808,0.0,2014-12-14
1809,0.0,2014-12-15
1810,0.0,2014-12-16
1811,0.0,2014-12-17
1812,0.0,2014-12-18
1813,0.0,2014-12-19
1814,0.0,2014-12-20
1815,0.0,2014-12-21
1816,0.0,2014-12-22
1817,1.4,2014-12-23
1818,3.4,2014-12-24
1819,0.0,2014-12-25
1820,13.6,2014-12-26
1821,0.0,2014-12-27
1822,0.0,2014-12-28
1823,0.0,2014-12-29
1824,0.4,2014-12-30
1825,0.0,2014-12-31
1826,0.0,2015-01-01
1827,0.0,2015-01-02
1828,0.0,2015-01-03
1829,0.0,2015-01-04
1830,0.2,2015-01-05
1831,0.1,2015-01-06
1832,0.0,2015-01-07
1833,0.0,2015-01-08
1834,0.2,2015-01-09
1835,1.4,2015-01-10
1836,37.2,2015-01-11
1837,3.4,2015-01-12
1838,1.0,2015-01-13
1839,1.0,2015-01-14
1840,0.0,2015-01-15
1841,0.0,2015-01-16
1842,0.0,2015-01-17
1843,0.0,2015-01-18
1844,0.0,2015-01-19
1845,0.6,2015-01-20
1846,2.8,2015-01-21
1847,0.0,2015-01-22
1848,0.0,2015-01-23
1849,0.0,2015-01-24
1850,1.4,2015-01-25
1851,0.0,2015-01-26
1852,22.6,2015-01-27
1853,39.2,2015-01-28
1854,15.2,2015-01-29
1855,0.0,2015-01-30
1856,0.0,2015-01-31
1857,0.0,2015-02-01
1858,0.0,2015-02-02
1859,0.0,2015-02-03
1860,0.0,2015-02-04
1861,2.4,2015-02-05
1862,0.0,2015-02-06
1863,0.2,2015-02-07
1864,0.0,2015-02-08
1865,0.0,2015-02-09
1866,0.4,2015-02-10
1867,1.2,2015-02-11
1868,0.0,2015-02-12
1869,21.2,2015-02-13
1870,0.0,2015-02-14
1871,0.6,2015-02-15
1872,1.6,2015-02-16
1873,0.0,2015-02-17
1874,0.0,2015-02-18
1875,0.0,2015-02-19
1876,0.0,2015-02-20
1877,1.6,2015-02-21
1878,9.8,2015-02-22
1879,1.2,2015-02-23
1880,0.6,2015-02-24
1881,0.0,2015-02-25
1882,2.0,2015-02-26
1883,0.0,2015-02-27
1884,0.0,2015-02-28
1885,0.0,2015-03-01
1886,2.4,2015-03-02
1887,0.4,2015-03-03
1888,0.0,2015-03-04
1889,0.0,2015-03-05
1890,0.0,2015-03-06
1891,0.0,2015-03-07
1892,0.0,2015-03-08
1893,0.0,2015-03-09
1894,0.0,2015-03-10
1895,0.0,2015-03-11
1896,5.0,2015-03-12
1897,0.2,2015-03-13
1898,0.0,2015-03-14
1899,0.0,2015-03-15
1900,0.0,2015-03-16
1901,0.0,2015-03-17
1902,0.0,2015-03-18
1903,0.0,2015-03-19
1904,0.0,2015-03-20
1905,0.2,2015-03-21
1906,3.0,2015-03-22
1907,0.6,2015-03-23
1908,0.0,2015-03-24
1909,10.6,2015-03-25
1910,0.2,2015-03-26
1911,0.0,2015-03-27
1912,0.0,2015-03-28
1913,0.0,2015-03-29
1914,0.0,2015-03-30
1915,0.2,2015-03-31
1916,9.4,2015-04-01
1917,0.0,2015-04-02
1918,0.6,2015-04-03
1919,18.8,2015-04-04
1920,8.8,2015-04-05
1921,0.0,2015-04-06
1922,1.4,2015-04-07
1923,0.2,2015-04-08
1924,0.0,2015-04-09
1925,0.0,2015-04-10
1926,6.8,2015-04-11
1927,0.2,2015-04-12
1928,0.0,2015-04-13
1929,0.0,2015-04-14
1930,0.0,2015-04-15
1931,7.4,2015-04-16
1932,2.4,2015-04-17
1933,1.4,2015-04-18
1934,4.8,2015-04-19
1935,4.6,2015-04-20
1936,79.0,2015-04-21
1937,72.8,2015-04-22
1938,61.0,2015-04-23
1939,0.2,2015-04-24
1940,0.0,2015-04-25
1941,14.0,2015-04-26
1942,0.4,2015-04-27
1943,0.0,2015-04-28
1944,0.0,2015-04-29
1945,5.4,2015-04-30
1946,3.0,2015-05-01
1947,18.0,2015-05-02
1948,26.4,2015-05-03
1949,0.2,2015-05-04
1950,0.0,2015-05-05
1951,0.0,2015-05-06
1952,0.0,2015-05-07
1953,0.0,2015-05-08
1954,0.0,2015-05-09
1955,0.0,2015-05-10
1956,0.0,2015-05-11
1957,0.0,2015-05-12
1958,0.0,2015-05-13
1959,0.2,2015-05-14
1960,0.0,2015-05-15
1961,0.0,2015-05-16
1962,0.0,2015-05-17
1963,0.0,2015-05-18
1964,0.2,2015-05-19
1965,1.4,2015-05-20
1966,0.2,2015-05-21
1967,6.2,2015-05-22
1968,17.2,2015-05-23
1969,0.0,2015-05-24
1970,0.0,2015-05-25
1971,0.0,2015-05-26
1972,0.0,2015-05-27
1973,0.0,2015-05-28
1974,0.0,2015-05-29
1975,0.0,2015-05-30
1976,0.2,2015-05-31
1977,0.0,2015-06-01
1978,0.0,2015-06-02
1979,0.0,2015-06-03
1980,0.4,2015-06-04
1981,0.6,2015-06-05
1982,0.0,2015-06-06
1983,0.0,2015-06-07
1984,0.0,2015-06-08
1985,0.0,2015-06-09
1986,0.0,2015-06-10
1987,0.0,2015-06-11
1988,0.0,2015-06-12
1989,0.0,2015-06-13
1990,0.0,2015-06-14
1991,0.0,2015-06-15
1992,2.2,2015-06-16
1993,9.2,2015-06-17
1994,3.2,2015-06-18
1995,41.2,2015-06-19
1996,0.0,2015-06-20
1997,0.2,2015-06-21
1998,0.0,2015-06-22
1999,0.0,2015-06-23
2000,0.0,2015-06-24
2001,0.0,2015-06-25
2002,4.0,2015-06-26
2003,0.0,2015-06-27
2004,0.0,2015-06-28
2005,0.0,2015-06-29
2006,0.0,2015-06-30
2007,3.4,2015-07-01
2008,0.0,2015-07-02
2009,0.0,2015-07-03
2010,0.0,2015-07-04
2011,0.0,2015-07-05
2012,0.0,2015-07-06
2013,0.0,2015-07-07
2014,0.0,2015-07-08
2015,0.0,2015-07-09
2016,0.0,2015-07-10
2017,1.2,2015-07-11
2018,12.2,2015-07-12
2019,4.6,2015-07-13
2020,0.4,2015-07-14
2021,0.0,2015-07-15
2022,0.0,2015-07-16
2023,16.6,2015-07-17
2024,1.6,2015-07-18
2025,0.0,2015-07-19
2026,0.0,2015-07-20
2027,0.0,2015-07-21
2028,0.0,2015-07-22
2029,4.4,2015-07-23
2030,0.2,2015-07-24
2031,0.2,2015-07-25
2032,0.0,2015-07-26
2033,0.0,2015-07-27
2034,0.0,2015-07-28
2035,0.0,2015-07-29
2036,0.0,2015-07-30
2037,0.0,2015-07-31
2038,0.0,2015-08-01
2039,0.0,2015-08-02
2040,0.0,2015-08-03
2041,0.0,2015-08-04
2042,0.0,2015-08-05
2043,0.0,2015-08-06
2044,0.0,2015-08-07
2045,0.0,2015-08-08
2046,0.0,2015-08-09
2047,0.0,2015-08-10
2048,0.0,2015-08-11
2049,0.0,2015-08-12
2050,0.0,2015-08-13
2051,0.0,2015-08-14
2052,0.0,2015-08-15
2053,0.0,2015-08-16
2054,0.0,2015-08-17
2055,0.0,2015-08-18
2056,0.0,2015-08-19
2057,0.0,2015-08-20
2058,0.0,2015-08-21
2059,0.0,2015-08-22
2060,4.0,2015-08-23
2061,4.0,2015-08-24
2062,27.2,2015-08-25
2063,10.0,2015-08-26
2064,2.2,2015-08-27
2065,0.0,2015-08-28
2066,0.0,2015-08-29
2067,0.0,2015-08-30
2068,0.0,2015-08-31
2069,0.0,2015-09-01
2070,0.0,2015-09-02
2071,1.6,2015-09-03
2072,1.2,2015-09-04
2073,0.2,2015-09-05
2074,0.2,2015-09-06
2075,10.2,2015-09-07
2076,0.0,2015-09-08
2077,0.0,2015-09-09
2078,0.0,2015-09-10
2079,0.0,2015-09-11
2080,0.0,2015-09-12
2081,0.0,2015-09-13
2082,0.0,2015-09-14
2083,0.0,2015-09-15
2084,0.0,2015-09-16
2085,0.0,2015-09-17
2086,3.0,2015-09-18
2087,3.2,2015-09-19
2088,3.4,2015-09-20
2089,0.2,2015-09-21
2090,0.2,2015-09-22
2091,0.0,2015-09-23
2092,0.0,2015-09-24
2093,1.6,2015-09-25
2094,7.0,2015-09-26
2095,1.4,2015-09-27
2096,0.0,2015-09-28
2097,0.0,2015-09-29
2098,0.0,2015-09-30
2099,0.0,2015-10-01
2100,0.0,2015-10-02
2101,0.0,2015-10-03
2102,0.0,2015-10-04
2103,0.0,2015-10-05
2104,0.0,2015-10-06
2105,0.0,2015-10-07
2106,0.0,2015-10-08
2107,0.0,2015-10-09
2108,0.0,2015-10-10
2109,0.0,2015-10-11
2110,2.8,2015-10-12
2111,0.0,2015-10-13
2112,1.4,2015-10-14
2113,0.0,2015-10-15
2114,0.0,2015-10-16
2115,0.0,2015-10-17
2116,1.0,2015-10-18
2117,0.0,2015-10-19
2118,0.0,2015-10-20
2119,10.0,2015-10-21
2120,1.8,2015-10-22
2121,17.0,2015-10-23
2122,0.0,2015-10-24
2123,0.0,2015-10-25
2124,0.0,2015-10-26
2125,7.6,2015-10-27
2126,0.0,2015-10-28
2127,0.0,2015-10-29
2128,0.0,2015-10-30
2129,0.0,2015-10-31
2130,0.0,2015-11-01
2131,15.4,2015-11-02
2132,0.0,2015-11-03
2133,3.2,2015-11-04
2134,18.4,2015-11-05
2135,13.0,2015-11-06
2136,0.8,2015-11-07
2137,0.0,2015-11-08
2138,0.2,2015-11-09
2139,0.0,2015-11-10
2140,0.0,2015-11-11
2141,0.8,2015-11-12
2142,3.8,2015-11-13
2143,20.0,2015-11-14
2144,20.0,2015-11-15
2145,1.0,2015-11-16
2146,0.0,2015-11-17
2147,0.0,2015-11-18
2148,0.0,2015-11-19
2149,0.0,2015-11-20
2150,0.0,2015-11-21
2151,0.0,2015-11-22
2152,0.0,2015-11-23
2153,0.0,2015-11-24
2154,0.0,2015-11-25
2155,0.0,2015-11-26
2156,0.0,2015-11-27
2157,0.0,2015-11-28
2158,1.2,2015-11-29
2159,0.0,2015-11-30
2160,0.0,2015-12-01
2161,0.0,2015-12-02
2162,0.0,2015-12-03
2163,0.0,2015-12-04
2164,0.0,2015-12-05
2165,0.0,2015-12-06
2166,0.0,2015-12-07
2167,0.0,2015-12-08
2168,1.8,2015-12-09
2169,10.6,2015-12-10
2170,0.0,2015-12-11
2171,0.0,2015-12-12
2172,0.0,2015-12-13
2173,0.0,2015-12-14
2174,0.0,2015-12-15
2175,2.4,2015-12-16
2176,0.0,2015-12-17
2177,0.0,2015-12-18
2178,0.0,2015-12-19
2179,0.0,2015-12-20
2180,0.0,2015-12-21
2181,11.5,2015-12-22
2182,23.0,2015-12-23
2183,0.0,2015-12-24
2184,0.0,2015-12-25
2185,0.0,2015-12-26
2186,2.4,2015-12-27
2187,0.4,2015-12-28
2188,0.0,2015-12-29
2189,0.0,2015-12-30
2190,0.0,2015-12-31
2191,0.0,2016-01-01
2192,0.0,2016-01-02
2193,0.0,2016-01-03
2194,14.0,2016-01-04
2195,39.0,2016-01-05
2196,31.6,2016-01-06
2197,19.8,2016-01-07
2198,0.0,2016-01-08
2199,0.0,2016-01-09
2200,0.0,2016-01-10
2201,0.0,2016-01-11
2202,0.0,2016-01-12
2203,0.0,2016-01-13
2204,0.2,2016-01-14
2205,45.6,2016-01-15
2206,2.2,2016-01-16
2207,0.2,2016-01-17
2208,0.0,2016-01-18
2209,0.0,2016-01-19
2210,0.0,2016-01-20
2211,0.0,2016-01-21
2212,29.6,2016-01-22
2213,15.6,2016-01-23
2214,0.8,2016-01-24
2215,0.0,2016-01-25
2216,3.8,2016-01-26
2217,0.6,2016-01-27
2218,0.0,2016-01-28
2219,0.0,2016-01-29
2220,33.6,2016-01-30
2221,25.4,2016-01-31
2222,0.0,2016-02-01
2223,1.2,2016-02-02
2224,0.0,2016-02-03
2225,1.2,2016-02-04
2226,0.4,2016-02-05
2227,0.2,2016-02-06
2228,1.6,2016-02-07
2229,0.0,2016-02-08
2230,0.0,2016-02-09
2231,0.0,2016-02-10
2232,0.0,2016-02-11
2233,0.0,2016-02-12
2234,0.0,2016-02-13
2235,0.0,2016-02-14
2236,0.0,2016-02-15
2237,0.0,2016-02-16
2238,0.0,2016-02-17
2239,0.0,2016-02-18
2240,0.0,2016-02-19
2241,0.0,2016-02-20
2242,2.8,2016-02-21
2243,1.4,2016-02-22
2244,0.0,2016-02-23
2245,0.0,2016-02-24
2246,0.0,2016-02-25
2247,0.0,2016-02-26
2248,2.2,2016-02-27
2249,0.0,2016-02-28
2250,0.0,2016-02-29
2251,0.2,2016-03-01
2252,0.8,2016-03-02
2253,0.0,2016-03-03
2254,0.0,2016-03-04
2255,0.0,2016-03-05
2256,0.0,2016-03-06
2257,0.0,2016-03-07
2258,0.0,2016-03-08
2259,0.0,2016-03-09
2260,0.0,2016-03-10
2261,0.0,2016-03-11
2262,0.0,2016-03-12
2263,0.0,2016-03-13
2264,0.0,2016-03-14
2265,1.2,2016-03-15
2266,9.0,2016-03-16
2267,5.4,2016-03-17
2268,0.2,2016-03-18
2269,0.2,2016-03-19
2270,0.0,2016-03-20
2271,6.2,2016-03-21
2272,0.4,2016-03-22
2273,0.0,2016-03-23
2274,0.0,2016-03-24
2275,0.0,2016-03-25
2276,0.0,2016-03-26
2277,0.0,2016-03-27
2278,0.0,2016-03-28
2279,0.0,2016-03-29
2280,4.4,2016-03-30
2281,0.0,2016-03-31
2282,0.0,2016-04-01
2283,0.0,2016-04-02
2284,0.0,2016-04-03
2285,3.8,2016-04-04
2286,0.8,2016-04-05
2287,0.0,2016-04-06
2288,0.0,2016-04-07
2289,0.0,2016-04-08
2290,0.2,2016-04-09
2291,0.0,2016-04-10
2292,0.0,2016-04-11
2293,0.0,2016-04-12
2294,0.0,2016-04-13
2295,1.6,2016-04-14
2296,0.0,2016-04-15
2297,0.0,2016-04-16
2298,0.0,2016-04-17
2299,0.0,2016-04-18
2300,1.0,2016-04-19
2301,0.2,2016-04-20
2302,0.0,2016-04-21
2303,0.0,2016-04-22
2304,0.8,2016-04-23
2305,8.2,2016-04-24
2306,0.0,2016-04-25
2307,0.0,2016-04-26
2308,0.0,2016-04-27
2309,0.0,2016-04-28
2310,0.0,2016-04-29
2311,0.0,2016-04-30
2312,4.4,2016-05-01
2313,0.0,2016-05-02
2314,0.0,2016-05-03
2315,0.0,2016-05-04
2316,0.0,2016-05-05
2317,0.0,2016-05-06
2318,0.0,2016-05-07
2319,0.0,2016-05-08
2320,2.8,2016-05-09
2321,0.6,2016-05-10
2322,0.0,2016-05-11
2323,0.0,2016-05-12
2324,0.0,2016-05-13
2325,0.0,2016-05-14
2326,0.0,2016-05-15
2327,0.0,2016-05-16
2328,0.0,2016-05-17
2329,0.0,2016-05-18
2330,0.0,2016-05-19
2331,0.0,2016-05-20
2332,0.0,2016-05-21
2333,0.0,2016-05-22
2334,0.0,2016-05-23
2335,0.0,2016-05-24
2336,0.0,2016-05-25
2337,0.4,2016-05-26
2338,0.0,2016-05-27
2339,0.0,2016-05-28
2340,5.8,2016-05-29
2341,0.0,2016-05-30
2342,0.0,2016-05-31
2343,5.2,2016-06-01
2344,0.0,2016-06-02
2345,0.0,2016-06-03
2346,24.2,2016-06-04
2347,141.0,2016-06-05
2348,127.4,2016-06-06
2349,0.0,2016-06-07
2350,0.0,2016-06-08
2351,0.0,2016-06-09
2352,0.0,2016-06-10
2353,0.0,2016-06-11
2354,0.0,2016-06-12
2355,0.0,2016-06-13
2356,0.0,2016-06-14
2357,0.0,2016-06-15
2358,0.0,2016-06-16
2359,0.0,2016-06-17
2360,4.0,2016-06-18
2361,0.0,2016-06-19
2362,29.4,2016-06-20
2363,0.0,2016-06-21
2364,0.0,2016-06-22
2365,0.0,2016-06-23
2366,0.0,2016-06-24
2367,0.0,2016-06-25
2368,0.0,2016-06-26
2369,0.0,2016-06-27
2370,1.6,2016-06-28
2371,0.0,2016-06-29
2372,0.0,2016-06-30
2373,0.0,2016-07-01
2374,0.0,2016-07-02
2375,0.0,2016-07-03
2376,0.0,2016-07-04
2377,4.2,2016-07-05
2378,0.4,2016-07-06
2379,6.6,2016-07-07
2380,16.8,2016-07-08
2381,12.4,2016-07-09
2382,1.2,2016-07-10
2383,0.0,2016-07-11
2384,0.0,2016-07-12
2385,0.0,2016-07-13
2386,0.0,2016-07-14
2387,0.0,2016-07-15
2388,0.0,2016-07-16
2389,1.2,2016-07-17
2390,0.2,2016-07-18
2391,0.0,2016-07-19
2392,16.0,2016-07-20
2393,12.8,2016-07-21
2394,0.4,2016-07-22
2395,3.2,2016-07-23
2396,0.0,2016-07-24
2397,0.0,2016-07-25
2398,0.0,2016-07-26
2399,0.0,2016-07-27
2400,0.0,2016-07-28
2401,0.0,2016-07-29
2402,0.0,2016-07-30
2403,0.0,2016-07-31
2404,0.0,2016-08-01
2405,0.6,2016-08-02
2406,17.4,2016-08-03
2407,13.8,2016-08-04
2408,1.8,2016-08-05
2409,0.2,2016-08-06
2410,0.0,2016-08-07
2411,0.2,2016-08-08
2412,0.0,2016-08-09
2413,0.0,2016-08-10
2414,0.0,2016-08-11
2415,0.0,2016-08-12
2416,0.0,2016-08-13
2417,0.0,2016-08-14
2418,0.0,2016-08-15
2419,0.0,2016-08-16
2420,0.0,2016-08-17
2421,0.0,2016-08-18
2422,0.0,2016-08-19
2423,2.0,2016-08-20
2424,0.0,2016-08-21
2425,0.0,2016-08-22
2426,5.2,2016-08-23
2427,1.6,2016-08-24
2428,56.4,2016-08-25
2429,0.2,2016-08-26
2430,0.0,2016-08-27
2431,0.0,2016-08-28
2432,0.0,2016-08-29
2433,0.0,2016-08-30
2434,0.0,2016-08-31
2435,0.0,2016-09-01
2436,8.6,2016-09-02
2437,23.0,2016-09-03
2438,0.0,2016-09-04
2439,0.0,2016-09-05
2440,0.0,2016-09-06
2441,0.0,2016-09-07
2442,0.0,2016-09-08
2443,0.0,2016-09-09
2444,1.4,2016-09-10
2445,0.0,2016-09-11
2446,0.0,2016-09-12
2447,0.0,2016-09-13
2448,2.2,2016-09-14
2449,0.0,2016-09-15
2450,0.2,2016-09-16
2451,0.0,2016-09-17
2452,0.0,2016-09-18
2453,11.4,2016-09-19
2454,0.0,2016-09-20
2455,0.0,2016-09-21
2456,0.6,2016-09-22
2457,0.0,2016-09-23
2458,0.2,2016-09-24
2459,0.2,2016-09-25
2460,0.2,2016-09-26
2461,0.0,2016-09-27
2462,0.0,2016-09-28
2463,2.4,2016-09-29
2464,0.4,2016-09-30
2465,0.0,2016-10-01
2466,0.0,2016-10-02
2467,0.0,2016-10-03
2468,0.0,2016-10-04
2469,0.0,2016-10-05
2470,0.0,2016-10-06
2471,0.0,2016-10-07
2472,0.0,2016-10-08
2473,0.0,2016-10-09
2474,0.0,2016-10-10
2475,0.2,2016-10-11
2476,0.0,2016-10-12
2477,0.0,2016-10-13
2478,0.0,2016-10-14
2479,0.0,2016-10-15
2480,0.0,2016-10-16
2481,0.0,2016-10-17
2482,3.6,2016-10-18
2483,0.0,2016-10-19
2484,0.0,2016-10-20
2485,0.0,2016-10-21
2486,10.4,2016-10-22
2487,2.2,2016-10-23
2488,0.0,2016-10-24
2489,0.0,2016-10-25
2490,0.0,2016-10-26
2491,0.0,2016-10-27
2492,0.0,2016-10-28
2493,1.0,2016-10-29
2494,0.0,2016-10-30
2495,0.0,2016-10-31
2496,0.0,2016-11-01
2497,0.0,2016-11-02
2498,0.0,2016-11-03
2499,0.0,2016-11-04
2500,0.0,2016-11-05
2501,0.0,2016-11-06
2502,0.0,2016-11-07
2503,0.0,2016-11-08
2504,1.8,2016-11-09
2505,3.2,2016-11-10
2506,0.0,2016-11-11
2507,6.2,2016-11-12
2508,0.0,2016-11-13
2509,0.0,2016-11-14
2510,0.8,2016-11-15
2511,0.0,2016-11-16
2512,0.0,2016-11-17
2513,0.0,2016-11-18
2514,0.0,2016-11-19
2515,0.0,2016-11-20
2516,0.0,2016-11-21
2517,0.0,2016-11-22
2518,0.0,2016-11-23
2519,2.0,2016-11-24
2520,0.0,2016-11-25
2521,0.0,2016-11-26
2522,0.0,2016-11-27
2523,0.0,2016-11-28
2524,0.0,2016-11-29
2525,0.0,2016-11-30
2526,0.0,2016-12-01
2527,0.2,2016-12-02
2528,0.0,2016-12-03
2529,0.0,2016-12-04
2530,1.0,2016-12-05
2531,7.4,2016-12-06
2532,3.8,2016-12-07
2533,0.0,2016-12-08
2534,0.0,2016-12-09
2535,0.0,2016-12-10
2536,0.0,2016-12-11
2537,0.0,2016-12-12
2538,0.0,2016-12-13
2539,0.0,2016-12-14
2540,1.8,2016-12-15
2541,17.4,2016-12-16
2542,14.2,2016-12-17
2543,0.0,2016-12-18
2544,0.0,2016-12-19
2545,0.0,2016-12-20
2546,0.0,2016-12-21
2547,0.2,2016-12-22
2548,0.0,2016-12-23
2549,0.0,2016-12-24
2550,7.0,2016-12-25
2551,0.0,2016-12-26
2552,0.8,2016-12-27
2553,0.0,2016-12-28
2554,0.0,2016-12-29
2555,0.0,2016-12-30
2556,0.0,2016-12-31
2557,0.0,2017-01-01
2558,1.0,2017-01-02
2559,0.0,2017-01-03
2560,0.6,2017-01-04
2561,0.4,2017-01-05
2562,9.4,2017-01-06
2563,21.8,2017-01-07
2564,0.0,2017-01-08
2565,0.0,2017-01-09
2566,1.6,2017-01-10
2567,0.0,2017-01-11
2568,0.0,2017-01-12
2569,0.0,2017-01-13
2570,0.0,2017-01-14
2571,0.0,2017-01-15
2572,0.2,2017-01-16
2573,0.0,2017-01-17
2574,0.0,2017-01-18
2575,0.0,2017-01-19
2576,0.0,2017-01-20
2577,8.4,2017-01-21
2578,0.0,2017-01-22
2579,0.0,2017-01-23
2580,0.0,2017-01-24
2581,4.6,2017-01-25
2582,0.0,2017-01-26
2583,0.0,2017-01-27
2584,0.0,2017-01-28
2585,0.0,2017-01-29
2586,0.0,2017-01-30
2587,0.0,2017-01-31
2588,0.0,2017-02-01
2589,0.4,2017-02-02
2590,0.0,2017-02-03
2591,0.2,2017-02-04
2592,0.0,2017-02-05
2593,0.0,2017-02-06
2594,0.0,2017-02-07
2595,16.6,2017-02-08
2596,4.2,2017-02-09
2597,0.0,2017-02-10
2598,0.0,2017-02-11
2599,0.0,2017-02-12
2600,0.0,2017-02-13
2601,0.0,2017-02-14
2602,0.0,2017-02-15
2603,0.0,2017-02-16
2604,0.0,2017-02-17
2605,8.8,2017-02-18
2606,1.6,2017-02-19
2607,0.0,2017-02-20
2608,0.0,2017-02-21
2609,0.0,2017-02-22
2610,0.0,2017-02-23
2611,0.0,2017-02-24
2612,0.0,2017-02-25
2613,37.4,2017-02-26
2614,6.0,2017-02-27
2615,5.4,2017-02-28
2616,23.2,2017-03-01
2617,5.0,2017-03-02
2618,18.0,2017-03-03
2619,34.0,2017-03-04
2620,7.4,2017-03-05
2621,0.0,2017-03-06
2622,0.6,2017-03-07
2623,0.8,2017-03-08
2624,2.0,2017-03-09
2625,0.4,2017-03-10
2626,0.0,2017-03-11
2627,0.0,2017-03-12
2628,0.0,2017-03-13
2629,1.2,2017-03-14
2630,18.8,2017-03-15
2631,10.4,2017-03-16
2632,10.4,2017-03-17
2633,24.2,2017-03-18
2634,14.2,2017-03-19
2635,0.8,2017-03-20
2636,0.2,2017-03-21
2637,8.0,2017-03-22
2638,13.6,2017-03-23
2639,8.4,2017-03-24
2640,0.0,2017-03-25
2641,0.0,2017-03-26
2642,0.0,2017-03-27
2643,0.0,2017-03-28
2644,0.0,2017-03-29
2645,0.0,2017-03-30
2646,29.2,2017-03-31
2647,0.0,2017-04-01
2648,0.8,2017-04-02
2649,11.2,2017-04-03
2650,13.8,2017-04-04
2651,2.6,2017-04-05
2652,0.0,2017-04-06
2653,0.0,2017-04-07
2654,0.0,2017-04-08
2655,0.0,2017-04-09
2656,10.0,2017-04-10
2657,0.0,2017-04-11
2658,0.0,2017-04-12
2659,0.8,2017-04-13
2660,0.0,2017-04-14
2661,0.0,2017-04-15
2662,0.0,2017-04-16
2663,0.0,2017-04-17
2664,0.0,2017-04-18
2665,0.0,2017-04-19
2666,0.2,2017-04-20
2667,0.0,2017-04-21
2668,0.0,2017-04-22
2669,0.0,2017-04-23
2670,0.0,2017-04-24
2671,0.0,2017-04-25
2672,0.6,2017-04-26
2673,1.0,2017-04-27
2674,0.2,2017-04-28
2675,0.0,2017-04-29
2676,0.0,2017-04-30
2677,0.0,2017-05-01
2678,0.0,2017-05-02
2679,0.0,2017-05-03
2680,0.4,2017-05-04
2681,0.0,2017-05-05
2682,0.0,2017-05-06
2683,0.0,2017-05-07
2684,0.0,2017-05-08
2685,0.0,2017-05-09
2686,0.0,2017-05-10
2687,0.0,2017-05-11
2688,0.0,2017-05-12
2689,0.0,2017-05-13
2690,0.0,2017-05-14
2691,0.0,2017-05-15
2692,0.0,2017-05-16
2693,0.0,2017-05-17
2694,0.0,2017-05-18
2695,0.0,2017-05-19
2696,6.6,2017-05-20
2697,0.0,2017-05-21
2698,0.0,2017-05-22
2699,0.0,2017-05-23
2700,2.2,2017-05-24
2701,0.0,2017-05-25
2702,0.0,2017-05-26
2703,0.0,2017-05-27
2704,0.0,2017-05-28
2705,0.0,2017-05-29
2706,0.6,2017-05-30
2707,0.0,2017-05-31
2708,0.0,2017-06-01
2709,0.0,2017-06-02
2710,0.0,2017-06-03
2711,0.0,2017-06-04
2712,0.0,2017-06-05
2713,0.0,2017-06-06
2714,18.8,2017-06-07
2715,60.6,2017-06-08
2716,4.4,2017-06-09
2717,18.6,2017-06-10
2718,0.4,2017-06-11
2719,0.0,2017-06-12
2720,0.2,2017-06-13
2721,0.0,2017-06-14
2722,0.0,2017-06-15
2723,0.0,2017-06-16
2724,0.2,2017-06-17
2725,0.0,2017-06-18
2726,0.0,2017-06-19
2727,0.0,2017-06-20
2728,0.0,2017-06-21
2729,0.0,2017-06-22
2730,0.0,2017-06-23
2731,0.0,2017-06-24
2732,0.0,2017-06-25
2733,0.0,2017-06-26
2734,0.0,2017-06-27
2735,0.0,2017-06-28
2736,0.6,2017-06-29
2737,0.0,2017-06-30
2738,0.0,2017-07-01
2739,0.0,2017-07-02
2740,0.0,2017-07-03
2741,0.4,2017-07-04
2742,0.0,2017-07-05
2743,0.0,2017-07-06
2744,0.0,2017-07-07
2745,0.0,2017-07-08
2746,0.0,2017-07-09
2747,0.0,2017-07-10
2748,0.0,2017-07-11
2749,0.0,2017-07-12
2750,0.0,2017-07-13
2751,0.0,2017-07-14
2752,0.0,2017-07-15
2753,0.0,2017-07-16
2754,0.0,2017-07-17
2755,0.0,2017-07-18
2756,0.0,2017-07-19
2757,0.0,2017-07-20
2758,0.0,2017-07-21
2759,0.0,2017-07-22
2760,0.0,2017-07-23
2761,0.0,2017-07-24
2762,0.0,2017-07-25
2763,0.0,2017-07-26
2764,0.0,2017-07-27
2765,0.0,2017-07-28
2766,0.0,2017-07-29
2767,0.0,2017-07-30
2768,0.0,2017-07-31
2769,8.6,2017-08-01
2770,0.0,2017-08-02
2771,0.0,2017-08-03
2772,13.6,2017-08-04
2773,0.0,2017-08-05
2774,0.0,2017-08-06
2775,0.0,2017-08-07
2776,0.0,2017-08-08
2777,0.0,2017-08-09
2778,0.0,2017-08-10
2779,0.0,2017-08-11
2780,0.0,2017-08-12
2781,0.0,2017-08-13
2782,0.0,2017-08-14
2783,0.0,2017-08-15
2784,0.0,2017-08-16
2785,0.0,2017-08-17
2786,0.0,2017-08-18
2787,0.0,2017-08-19
2788,0.0,2017-08-20
2789,0.0,2017-08-21
2790,0.0,2017-08-22
2791,0.0,2017-08-23
2792,0.0,2017-08-24
2793,0.0,2017-08-25
2794,0.0,2017-08-26
2795,0.0,2017-08-27
2796,3.2,2017-08-28
2797,0.0,2017-08-29
2798,0.0,2017-08-30
2799,0.0,2017-08-31
2800,0.0,2017-09-01
2801,0.0,2017-09-02
2802,0.0,2017-09-03
2803,0.0,2017-09-04
2804,0.0,2017-09-05
2805,0.0,2017-09-06
2806,0.0,2017-09-07
2807,0.0,2017-09-08
2808,0.0,2017-09-09
2809,0.0,2017-09-10
2810,0.0,2017-09-11
2811,0.0,2017-09-12
2812,0.0,2017-09-13
2813,0.6,2017-09-14
2814,0.0,2017-09-15
2815,0.0,2017-09-16
2816,0.0,2017-09-17
2817,0.0,2017-09-18
2818,0.0,2017-09-19
2819,0.0,2017-09-20
2820,0.0,2017-09-21
2821,0.0,2017-09-22
2822,0.0,2017-09-23
2823,0.0,2017-09-24
2824,0.0,2017-09-25
2825,0.0,2017-09-26
2826,0.0,2017-09-27
2827,0.0,2017-09-28
2828,0.0,2017-09-29
2829,0.0,2017-09-30
2830,0.0,2017-10-01
2831,0.0,2017-10-02
2832,0.0,2017-10-03
2833,0.0,2017-10-04
2834,0.0,2017-10-05
2835,0.0,2017-10-06
2836,0.0,2017-10-07
2837,0.0,2017-10-08
2838,0.2,2017-10-09
2839,0.0,2017-10-10
2840,0.0,2017-10-11
2841,0.6,2017-10-12
2842,0.0,2017-10-13
2843,0.0,2017-10-14
2844,0.0,2017-10-15
2845,0.0,2017-10-16
2846,0.0,2017-10-17
2847,0.0,2017-10-18
2848,0.0,2017-10-19
2849,8.6,2017-10-20
2850,13.0,2017-10-21
2851,0.0,2017-10-22
2852,2.2,2017-10-23
2853,0.0,2017-10-24
2854,0.0,2017-10-25
2855,1.4,2017-10-26
2856,7.2,2017-10-27
2857,0.0,2017-10-28
2858,0.0,2017-10-29
2859,0.0,2017-10-30
2860,0.0,2017-10-31
2861,0.0,2017-11-01
2862,0.0,2017-11-02
2863,0.0,2017-11-03
2864,1.4,2017-11-04
2865,5.0,2017-11-05
2866,6.4,2017-11-06
2867,8.0,2017-11-07
2868,0.2,2017-11-08
2869,0.0,2017-11-09
2870,0.0,2017-11-10
2871,0.0,2017-11-11
2872,0.0,2017-11-12
2873,0.0,2017-11-13
2874,0.0,2017-11-14
2875,0.0,2017-11-15
2876,0.0,2017-11-16
2877,0.0,2017-11-17
2878,0.2,2017-11-18
2879,0.6,2017-11-19
2880,0.0,2017-11-20
2881,0.0,2017-11-21
2882,0.0,2017-11-22
2883,0.0,2017-11-23
2884,0.0,2017-11-24
2885,0.0,2017-11-25
2886,0.0,2017-11-26
2887,0.0,2017-11-27
2888,0.0,2017-11-28
2889,0.0,2017-11-29
2890,0.0,2017-11-30
2891,0.0,2017-12-01
2892,0.0,2017-12-02
2893,11.4,2017-12-03
2894,0.8,2017-12-04
2895,17.8,2017-12-05
2896,2.4,2017-12-06
2897,4.2,2017-12-07
2898,0.0,2017-12-08
2899,2.2,2017-12-09
2900,0.0,2017-12-10
2901,0.0,2017-12-11
2902,0.0,2017-12-12
2903,0.0,2017-12-13
2904,0.0,2017-12-14
2905,0.0,2017-12-15
2906,1.0,2017-12-16
2907,0.2,2017-12-17
2908,0.0,2017-12-18
2909,0.0,2017-12-19
2910,0.0,2017-12-20
2911,1.4,2017-12-21
2912,0.4,2017-12-22
2913,0.0,2017-12-23
2914,0.0,2017-12-24
2915,0.0,2017-12-25
2916,0.0,2017-12-26
2917,0.6,2017-12-27
2918,0.0,2017-12-28
2919,0.0,2017-12-29
2920,3.4,2017-12-30
2921,0.2,2017-12-31
2922,0.0,2018-01-01
2923,0.0,2018-01-02
2924,1.2,2018-01-03
2925,1.0,2018-01-04
2926,0.0,2018-01-05
2927,0.0,2018-01-06
2928,0.0,2018-01-07
2929,0.0,2018-01-08
2930,6.2,2018-01-09
2931,3.6,2018-01-10
2932,0.0,2018-01-11
2933,0.0,2018-01-12
2934,0.0,2018-01-13
2935,0.2,2018-01-14
2936,0.20487804878048782,2018-01-15
2937,0.20975609756097563,2018-01-16
2938,0.21463414634146344,2018-01-17
2939,0.21951219512195122,2018-01-18
2940,0.22439024390243903,2018-01-19
2941,0.22926829268292684,2018-01-20
2942,0.23414634146341465,2018-01-21
2943,0.23902439024390246,2018-01-22
2944,0.24390243902439024,2018-01-23
2945,0.24878048780487805,2018-01-24
2946,0.25365853658536586,2018-01-25
2947,0.25853658536585367,2018-01-26
2948,0.2634146341463415,2018-01-27
2949,0.2682926829268293,2018-01-28
2950,0.2731707317073171,2018-01-29
2951,0.2780487804878049,2018-01-30
2952,0.2829268292682927,2018-01-31
2953,0.2878048780487805,2018-02-01
2954,0.29268292682926833,2018-02-02
2955,0.29756097560975614,2018-02-03
2956,0.3024390243902439,2018-02-04
2957,0.3073170731707317,2018-02-05
2958,0.3121951219512195,2018-02-06
2959,0.3170731707317073,2018-02-07
2960,0.32195121951219513,2018-02-08
2961,0.32682926829268294,2018-02-09
2962,0.33170731707317075,2018-02-10
2963,0.33658536585365856,2018-02-11
2964,0.3414634146341463,2018-02-12
2965,0.3463414634146341,2018-02-13
2966,0.35121951219512193,2018-02-14
2967,0.35609756097560974,2018-02-15
2968,0.36097560975609755,2018-02-16
2969,0.36585365853658536,2018-02-17
2970,0.37073170731707317,2018-02-18
2971,0.375609756097561,2018-02-19
2972,0.3804878048780488,2018-02-20
2973,0.3853658536585366,2018-02-21
2974,0.3902439024390244,2018-02-22
2975,0.3951219512195122,2018-02-23
2976,0.4,2018-02-24
2977,5.2,2018-02-25
2978,41.0,2018-02-26
2979,4.8,2018-02-27
2980,0.0,2018-02-28
2981,0.0,2018-03-01
2982,0.0,2018-03-02
2983,0.0,2018-03-03
2984,0.0,2018-03-04
2985,0.0,2018-03-05
2986,2.6,2018-03-06
2987,5.4,2018-03-07
2988,0.0,2018-03-08
2989,0.0,2018-03-09
2990,1.6,2018-03-10
2991,0.0,2018-03-11
2992,0.0,2018-03-12
2993,0.0,2018-03-13
2994,6.8,2018-03-14
2995,0.0,2018-03-15
2996,0.0,2018-03-16
2997,0.0,2018-03-17
2998,0.0,2018-03-18
2999,0.0,2018-03-19
3000,0.0,2018-03-20
3001,7.6,2018-03-21
3002,7.2,2018-03-22
3003,4.2,2018-03-23
3004,0.2,2018-03-24
3005,1.0,2018-03-25
3006,4.0,2018-03-26
3007,0.0,2018-03-27
3008,0.0,2018-03-28
3009,0.0,2018-03-29
3010,0.0,2018-03-30
3011,0.0,2018-03-31
3012,0.0,2018-04-01
3013,0.0,2018-04-02
3014,0.0,2018-04-03
3015,0.0,2018-04-04
3016,0.0,2018-04-05
3017,0.0,2018-04-06
3018,0.0,2018-04-07
3019,0.0,2018-04-08
3020,0.2,2018-04-09
3021,0.0,2018-04-10
3022,0.0,2018-04-11
3023,0.0,2018-04-12
3024,0.0,2018-04-13
3025,0.0,2018-04-14
3026,0.0,2018-04-15
3027,0.0,2018-04-16
3028,0.0,2018-04-17
3029,0.0,2018-04-18
3030,0.0,2018-04-19
3031,0.0,2018-04-20
3032,0.0,2018-04-21
3033,0.0,2018-04-22
3034,0.0,2018-04-23
3035,0.0,2018-04-24
3036,0.0,2018-04-25
3037,0.0,2018-04-26
3038,0.4,2018-04-27
3039,5.6,2018-04-28
3040,0.4,2018-04-29
3041,4.4,2018-04-30
3042,0.0,2018-05-01
3043,0.2,2018-05-02
3044,0.0,2018-05-03
3045,0.0,2018-05-04
3046,0.0,2018-05-05
3047,0.0,2018-05-06
3048,0.0,2018-05-07
3049,0.0,2018-05-08
3050,0.0,2018-05-09
3051,0.0,2018-05-10
3052,0.0,2018-05-11
3053,1.0,2018-05-12
3054,0.2,2018-05-13
3055,0.0,2018-05-14
3056,0.0,2018-05-15
3057,0.2,2018-05-16
3058,0.0,2018-05-17
3059,0.0,2018-05-18
3060,0.0,2018-05-19
3061,0.0,2018-05-20
3062,0.0,2018-05-21
3063,0.0,2018-05-22
3064,0.0,2018-05-23
3065,0.0,2018-05-24
3066,0.0,2018-05-25
3067,0.0,2018-05-26
3068,0.0,2018-05-27
3069,0.0,2018-05-28
3070,0.0,2018-05-29
3071,8.6,2018-05-30
3072,1.2,2018-05-31
3073,0.0,2018-06-01
3074,0.0,2018-06-02
3075,0.0,2018-06-03
3076,0.0,2018-06-04
3077,0.0,2018-06-05
3078,23.6,2018-06-06
3079,11.0,2018-06-07
3080,0.0,2018-06-08
3081,7.2,2018-06-09
3082,1.8,2018-06-10
3083,0.0,2018-06-11
3084,0.2,2018-06-12
3085,0.4,2018-06-13
3086,0.2,2018-06-14
3087,0.0,2018-06-15
3088,0.0,2018-06-16
3089,0.0,2018-06-17
3090,0.0,2018-06-18
3091,5.0,2018-06-19
3092,11.0,2018-06-20
3093,0.6,2018-06-21
3094,0.4,2018-06-22
3095,0.2,2018-06-23
3096,0.0,2018-06-24
3097,0.0,2018-06-25
3098,0.0,2018-06-26
3099,0.2,2018-06-27
3100,2.4,2018-06-28
3101,7.0,2018-06-29
3102,0.0,2018-06-30
3103,0.0,2018-07-01
3104,0.2,2018-07-02
3105,4.0,2018-07-03
3106,0.2,2018-07-04
3107,0.2,2018-07-05
3108,0.2,2018-07-06
3109,0.0,2018-07-07
3110,0.0,2018-07-08
3111,0.0,2018-07-09
3112,0.0,2018-07-10
3113,0.0,2018-07-11
3114,0.0,2018-07-12
3115,0.0,2018-07-13
3116,0.0,2018-07-14
3117,0.0,2018-07-15
3118,0.0,2018-07-16
3119,0.0,2018-07-17
3120,0.0,2018-07-18
3121,0.0,2018-07-19
3122,0.0,2018-07-20
3123,0.0,2018-07-21
3124,0.0,2018-07-22
3125,0.0,2018-07-23
3126,0.0,2018-07-24
3127,0.0,2018-07-25
3128,0.0,2018-07-26
3129,0.0,2018-07-27
3130,0.0,2018-07-28
3131,0.2,2018-07-29
3132,0.0,2018-07-30
3133,0.0,2018-07-31
3134,0.0,2018-08-01
3135,0.0,2018-08-02
3136,0.0,2018-08-03
3137,0.0,2018-08-04
3138,0.0,2018-08-05
3139,0.2,2018-08-06
3140,1.8,2018-08-07
3141,0.0,2018-08-08
3142,0.0,2018-08-09
3143,0.0,2018-08-10
3144,0.0,2018-08-11
3145,0.0,2018-08-12
3146,0.0,2018-08-13
3147,0.0,2018-08-14
3148,0.0,2018-08-15
3149,0.0,2018-08-16
3150,0.0,2018-08-17
3151,0.0,2018-08-18
3152,0.0,2018-08-19
3153,0.0,2018-08-20
3154,0.2,2018-08-21
3155,0.0,2018-08-22
3156,0.0,2018-08-23
3157,4.4,2018-08-24
3158,0.2,2018-08-25
3159,0.4,2018-08-26
3160,1.6,2018-08-27
3161,0.0,2018-08-28
3162,0.0,2018-08-29
3163,0.0,2018-08-30
3164,0.0,2018-08-31
3165,1.8,2018-09-01
3166,1.6,2018-09-02
3167,0.4,2018-09-03
3168,12.8,2018-09-04
3169,0.2,2018-09-05
3170,1.0,2018-09-06
3171,4.6,2018-09-07
3172,67.0,2018-09-08
3173,1.0,2018-09-09
3174,0.2,2018-09-10
3175,0.0,2018-09-11
3176,0.0,2018-09-12
3177,0.0,2018-09-13
3178,0.0,2018-09-14
3179,0.2,2018-09-15
3180,0.0,2018-09-16
3181,0.0,2018-09-17
3182,0.0,2018-09-18
3183,0.0,2018-09-19
3184,0.4,2018-09-20
3185,0.0,2018-09-21
3186,0.0,2018-09-22
3187,0.0,2018-09-23
3188,0.0,2018-09-24
3189,0.0,2018-09-25
3190,3.0,2018-09-26
3191,0.2,2018-09-27
3192,0.0,2018-09-28
3193,0.0,2018-09-29
3194,0.0,2018-09-30
3195,0.0,2018-10-01
3196,0.0,2018-10-02
3197,0.2,2018-10-03
3198,3.6,2018-10-04
3199,50.6,2018-10-05
3200,4.0,2018-10-06
3201,1.8,2018-10-07
3202,2.0,2018-10-08
3203,0.2,2018-10-09
3204,0.2,2018-10-10
3205,12.0,2018-10-11
3206,15.6,2018-10-12
3207,4.0,2018-10-13
3208,32.8,2018-10-14
3209,2.0,2018-10-15
3210,3.6,2018-10-16
3211,0.6,2018-10-17
3212,28.4,2018-10-18
3213,14.4,2018-10-19
3214,0.0,2018-10-20
3215,9.0,2018-10-21
3216,0.0,2018-10-22
3217,0.0,2018-10-23
3218,0.0,2018-10-24
3219,0.0,2018-10-25
3220,0.0,2018-10-26
3221,0.0,2018-10-27
3222,0.0,2018-10-28
3223,0.0,2018-10-29
3224,0.0,2018-10-30
3225,0.0,2018-10-31
3226,0.0,2018-11-01
3227,0.0,2018-11-02
3228,6.2,2018-11-03
3229,0.0,2018-11-04
3230,0.0,2018-11-05
3231,0.2,2018-11-06
3232,0.0,2018-11-07
3233,17.6,2018-11-08
3234,0.0,2018-11-09
3235,0.0,2018-11-10
3236,0.0,2018-11-11
3237,0.0,2018-11-12
3238,0.0,2018-11-13
3239,0.0,2018-11-14
3240,0.2,2018-11-15
3241,0.0,2018-11-16
3242,0.0,2018-11-17
3243,0.4,2018-11-18
3244,0.0,2018-11-19
3245,0.0,2018-11-20
3246,0.0,2018-11-21
3247,1.6,2018-11-22
3248,0.0,2018-11-23
3249,0.0,2018-11-24
3250,0.0,2018-11-25
3251,0.0,2018-11-26
3252,0.0,2018-11-27
3253,12.6,2018-11-28
3254,32.0,2018-11-29
3255,2.0,2018-11-30
3256,0.0,2018-12-01
3257,0.0,2018-12-02
3258,0.0,2018-12-03
3259,0.0,2018-12-04
3260,1.0,2018-12-05
3261,2.4,2018-12-06
3262,0.2,2018-12-07
3263,0.0,2018-12-08
3264,0.0,2018-12-09
3265,0.0,2018-12-10
3266,0.2,2018-12-11
3267,0.0,2018-12-12
3268,2.4,2018-12-13
3269,28.8,2018-12-14
3270,7.6,2018-12-15
3271,24.8,2018-12-16
3272,0.0,2018-12-17
3273,0.0,2018-12-18
3274,0.0,2018-12-19
3275,8.8,2018-12-20
3276,34.2,2018-12-21
3277,3.6,2018-12-22
3278,0.6,2018-12-23
3279,0.2,2018-12-24
3280,0.0,2018-12-25
3281,0.0,2018-12-26
3282,0.0,2018-12-27
3283,0.0,2018-12-28
3284,0.0,2018-12-29
3285,0.0,2018-12-30
3286,0.0,2018-12-31
3287,7.4,2019-01-01
3288,0.0,2019-01-02
3289,0.0,2019-01-03
3290,0.0,2019-01-04
3291,0.0,2019-01-05
3292,29.6,2019-01-06
3293,0.0,2019-01-07
3294,0.4,2019-01-08
3295,6.2,2019-01-09
3296,0.0,2019-01-10
3297,1.4,2019-01-11
3298,7.2,2019-01-12
3299,0.0,2019-01-13
3300,0.0,2019-01-14
3301,0.0,2019-01-15
3302,0.2,2019-01-16
3303,0.0,2019-01-17
3304,0.0,2019-01-18
3305,0.0,2019-01-19
3306,0.0,2019-01-20
3307,1.8,2019-01-21
3308,7.0,2019-01-22
3309,0.0,2019-01-23
3310,0.0,2019-01-24
3311,0.0,2019-01-25
3312,0.0,2019-01-26
3313,0.0,2019-01-27
3314,36.6,2019-01-28
3315,0.0,2019-01-29
3316,0.0,2019-01-30
3317,0.0,2019-01-31
3318,0.8,2019-02-01
3319,8.2,2019-02-02
3320,2.0,2019-02-03
3321,0.0,2019-02-04
3322,0.0,2019-02-05
3323,0.0,2019-02-06
3324,0.0,2019-02-07
3325,0.0,2019-02-08
3326,21.0,2019-02-09
3327,0.0,2019-02-10
3328,0.0,2019-02-11
3329,0.0,2019-02-12
3330,0.0,2019-02-13
3331,0.0,2019-02-14
3332,0.0,2019-02-15
3333,0.0,2019-02-16
3334,0.0,2019-02-17
3335,0.0,2019-02-18
3336,0.2,2019-02-19
3337,4.0,2019-02-20
3338,1.6,2019-02-21
3339,6.0,2019-02-22
3340,0.2,2019-02-23
3341,1.2,2019-02-24
3342,1.0,2019-02-25
3343,0.0,2019-02-26
3344,0.0,2019-02-27
3345,0.0,2019-02-28
3346,0.0,2019-03-01
3347,0.0,2019-03-02
3348,0.0,2019-03-03
3349,0.0,2019-03-04
3350,0.0,2019-03-05
3351,0.0,2019-03-06
3352,0.0,2019-03-07
3353,0.0,2019-03-08
3354,0.0,2019-03-09
3355,1.8,2019-03-10
3356,0.0,2019-03-11
3357,0.0,2019-03-12
3358,0.2,2019-03-13
3359,0.4,2019-03-14
3360,41.2,2019-03-15
3361,7.6,2019-03-16
3362,34.8,2019-03-17
3363,37.8,2019-03-18
3364,1.8,2019-03-19
3365,0.4,2019-03-20
3366,0.4,2019-03-21
3367,4.2,2019-03-22
3368,0.2,2019-03-23
3369,0.4,2019-03-24
3370,5.6,2019-03-25
3371,0.2,2019-03-26
3372,0.2,2019-03-27
3373,0.0,2019-03-28
3374,0.0,2019-03-29
3375,53.2,2019-03-30
3376,0.2,2019-03-31
3377,0.0,2019-04-01
3378,0.0,2019-04-02
3379,0.2,2019-04-03
3380,0.2,2019-04-04
3381,5.2,2019-04-05
3382,2.8,2019-04-06
3383,0.2,2019-04-07
3384,0.2,2019-04-08
3385,0.0,2019-04-09
3386,0.0,2019-04-10
3387,0.0,2019-04-11
3388,0.0,2019-04-12
3389,0.0,2019-04-13
3390,0.0,2019-04-14
3391,0.0,2019-04-15
3392,0.0,2019-04-16
3393,0.0,2019-04-17
3394,0.2,2019-04-18
3395,0.0,2019-04-19
3396,0.0,2019-04-20
3397,0.0,2019-04-21
3398,0.0,2019-04-22
3399,0.0,2019-04-23
3400,0.2,2019-04-24
3401,0.0,2019-04-25
3402,0.0,2019-04-26
3403,0.0,2019-04-27
3404,0.0,2019-04-28
3405,0.0,2019-04-29
3406,0.2,2019-04-30
3407,0.0,2019-05-01
3408,0.0,2019-05-02
3409,0.0,2019-05-03
3410,6.4,2019-05-04
3411,0.0,2019-05-05
3412,0.0,2019-05-06
3413,0.0,2019-05-07
3414,0.0,2019-05-08
3415,0.0,2019-05-09
3416,0.0,2019-05-10
3417,0.0,2019-05-11
3418,0.0,2019-05-12
3419,0.0,2019-05-13
3420,0.0,2019-05-14
3421,0.0,2019-05-15
3422,0.0,2019-05-16
3423,0.0,2019-05-17
3424,0.0,2019-05-18
3425,0.0,2019-05-19
3426,0.0,2019-05-20
3427,0.0,2019-05-21
3428,0.0,2019-05-22
3429,0.0,2019-05-23
3430,0.0,2019-05-24
3431,0.0,2019-05-25
3432,0.0,2019-05-26
3433,0.0,2019-05-27
3434,0.0,2019-05-28
3435,0.0,2019-05-29
3436,0.0,2019-05-30
3437,0.0,2019-05-31
3438,0.0,2019-06-01
3439,0.0,2019-06-02
3440,0.2,2019-06-03
3441,18.6,2019-06-04
3442,4.6,2019-06-05
3443,1.4,2019-06-06
3444,0.2,2019-06-07
3445,0.0,2019-06-08
3446,0.2,2019-06-09
3447,0.2,2019-06-10
3448,0.0,2019-06-11
3449,0.0,2019-06-12
3450,0.0,2019-06-13
3451,0.0,2019-06-14
3452,0.0,2019-06-15
3453,4.4,2019-06-16
3454,10.0,2019-06-17
3455,2.6,2019-06-18
3456,0.0,2019-06-19
3457,0.0,2019-06-20
3458,0.0,2019-06-21
3459,0.0,2019-06-22
3460,0.0,2019-06-23
3461,6.8,2019-06-24
3462,11.2,2019-06-25
3463,0.2,2019-06-26
3464,2.6,2019-06-27
3465,0.2,2019-06-28
3466,0.0,2019-06-29
3467,0.2,2019-06-30
3468,0.0,2019-07-01
3469,0.0,2019-07-02
3470,0.0,2019-07-03
3471,1.6,2019-07-04
3472,13.8,2019-07-05
3473,2.6,2019-07-06
3474,1.6,2019-07-07
3475,0.2,2019-07-08
3476,0.2,2019-07-09
3477,0.0,2019-07-10
3478,0.0,2019-07-11
3479,0.0,2019-07-12
3480,0.0,2019-07-13
3481,0.0,2019-07-14
3482,0.0,2019-07-15
3483,0.0,2019-07-16
3484,0.0,2019-07-17
3485,0.0,2019-07-18
3486,0.0,2019-07-19
3487,0.0,2019-07-20
3488,0.0,2019-07-21
3489,0.0,2019-07-22
3490,0.0,2019-07-23
3491,0.0,2019-07-24
3492,0.0,2019-07-25
3493,0.0,2019-07-26
3494,0.0,2019-07-27
3495,0.0,2019-07-28
3496,0.0,2019-07-29
3497,2.4,2019-07-30
3498,0.0,2019-07-31
3499,0.0,2019-08-01
3500,0.0,2019-08-02
3501,0.0,2019-08-03
3502,0.2,2019-08-04
3503,0.0,2019-08-05
3504,0.0,2019-08-06
3505,0.0,2019-08-07
3506,0.0,2019-08-08
3507,0.0,2019-08-09
3508,0.0,2019-08-10
3509,0.0,2019-08-11
3510,0.0,2019-08-12
3511,0.0,2019-08-13
3512,0.0,2019-08-14
3513,0.0,2019-08-15
3514,0.0,2019-08-16
3515,0.0,2019-08-17
3516,0.0,2019-08-18
3517,0.0,2019-08-19
3518,0.0,2019-08-20
3519,0.0,2019-08-21
3520,0.0,2019-08-22
3521,0.0,2019-08-23
3522,0.0,2019-08-24
3523,0.0,2019-08-25
3524,0.0,2019-08-26
3525,2.2,2019-08-27
3526,0.2,2019-08-28
3527,0.0,2019-08-29
3528,27.6,2019-08-30
3529,0.6,2019-08-31
3530,0.0,2019-09-01
3531,0.0,2019-09-02
3532,0.0,2019-09-03
3533,0.0,2019-09-04
3534,0.0,2019-09-05
3535,0.0,2019-09-06
3536,0.0,2019-09-07
3537,0.2,2019-09-08
3538,0.15000000000000002,2019-09-09
3539,0.1,2019-09-10
3540,0.04999999999999999,2019-09-11
3541,0.0,2019-09-12
3542,0.2,2019-09-13
3543,0.0,2019-09-14
3544,0.0,2019-09-15
3545,0.0,2019-09-16
3546,9.4,2019-09-17
3547,47.0,2019-09-18
3548,24.6,2019-09-19
3549,2.2,2019-09-20
3550,0.2,2019-09-21
3551,0.0,2019-09-22
3552,0.0,2019-09-23
3553,0.0,2019-09-24
3554,0.0,2019-09-25
3555,0.0,2019-09-26
3556,0.0,2019-09-27
3557,0.0,2019-09-28
3558,0.0,2019-09-29
3559,0.0,2019-09-30
3560,0.0,2019-10-01
3561,0.0,2019-10-02
3562,0.0,2019-10-03
3563,0.0,2019-10-04
3564,9.8,2019-10-05
3565,0.6,2019-10-06
3566,0.2,2019-10-07
3567,0.0,2019-10-08
3568,0.0,2019-10-09
3569,0.0,2019-10-10
3570,2.4,2019-10-11
3571,8.0,2019-10-12
3572,0.4,2019-10-13
3573,0.0,2019-10-14
3574,0.0,2019-10-15
3575,0.0,2019-10-16
3576,0.0,2019-10-17
3577,0.0,2019-10-18
3578,0.0,2019-10-19
3579,0.0,2019-10-20
3580,0.0,2019-10-21
3581,0.0,2019-10-22
3582,0.0,2019-10-23
3583,0.0,2019-10-24
3584,0.0,2019-10-25
3585,0.2,2019-10-26
3586,0.0,2019-10-27
3587,0.0,2019-10-28
3588,0.0,2019-10-29
3589,0.0,2019-10-30
3590,0.0,2019-10-31
3591,0.0,2019-11-01
3592,0.0,2019-11-02
3593,0.0,2019-11-03
3594,14.4,2019-11-04
3595,0.2,2019-11-05
3596,0.0,2019-11-06
3597,0.0,2019-11-07
3598,0.0,2019-11-08
3599,0.0,2019-11-09
3600,0.0,2019-11-10
3601,0.0,2019-11-11
3602,0.0,2019-11-12
3603,0.0,2019-11-13
3604,0.0,2019-11-14
3605,0.0,2019-11-15
3606,0.0,2019-11-16
3607,0.0,2019-11-17
3608,0.0,2019-11-18
3609,0.0,2019-11-19
3610,0.0,2019-11-20
3611,0.0,2019-11-21
3612,0.0,2019-11-22
3613,0.8,2019-11-23
3614,0.2,2019-11-24
3615,0.2,2019-11-25
3616,8.2,2019-11-26
3617,0.0,2019-11-27
3618,0.0,2019-11-28
3619,0.0,2019-11-29
3620,0.0,2019-11-30
3621,0.0,2019-12-01
3622,0.0,2019-12-02
3623,0.0,2019-12-03
3624,0.0,2019-12-04
3625,0.0,2019-12-05
3626,0.0,2019-12-06
3627,0.0,2019-12-07
3628,0.0,2019-12-08
3629,0.0,2019-12-09
3630,0.0,2019-12-10
3631,0.0,2019-12-11
3632,0.0,2019-12-12
3633,0.0,2019-12-13
3634,0.0,2019-12-14
3635,0.0,2019-12-15
3636,0.0,2019-12-16
3637,0.0,2019-12-17
3638,0.0,2019-12-18
3639,0.0,2019-12-19
3640,0.0,2019-12-20
3641,0.0,2019-12-21
3642,0.0,2019-12-22
3643,0.0,2019-12-23
3644,0.6,2019-12-24
3645,4.4,2019-12-25
3646,0.2,2019-12-26
3647,0.0,2019-12-27
3648,0.0,2019-12-28
3649,0.0,2019-12-29
3650,0.0,2019-12-30
3651,0.0,2019-12-31
3652,0.0,2020-01-01
3653,0.0,2020-01-02
3654,0.0,2020-01-03
3655,0.0,2020-01-04
3656,0.0,2020-01-05
3657,0.0,2020-01-06
3658,2.0,2020-01-07
3659,10.2,2020-01-08
3660,0.0,2020-01-09
3661,0.0,2020-01-10
3662,0.4,2020-01-11
3663,0.8,2020-01-12
3664,1.8,2020-01-13
3665,0.0,2020-01-14
3666,0.0,2020-01-15
3667,4.4,2020-01-16
3668,24.4,2020-01-17
3669,10.0,2020-01-18
3670,3.0,2020-01-19
3671,2.0,2020-01-20
3672,0.2,2020-01-21
3673,0.0,2020-01-22
3674,0.0,2020-01-23
3675,1.8,2020-01-24
3676,4.4,2020-01-25
3677,0.0,2020-01-26
3678,2.4,2020-01-27
3679,0.0,2020-01-28
3680,0.0,2020-01-29
3681,0.0,2020-01-30
3682,0.0,2020-01-31
3683,0.0,2020-02-01
3684,0.0,2020-02-02
3685,31.8,2020-02-03
3686,0.4,2020-02-04
3687,0.0,2020-02-05
3688,0.6,2020-02-06
3689,48.2,2020-02-07
3690,40.8,2020-02-08
3691,79.2,2020-02-09
3692,159.6,2020-02-10
3693,0.0,2020-02-11
3694,0.0,2020-02-12
3695,2.2,2020-02-13
3696,1.2,2020-02-14
3697,0.0,2020-02-15
3698,2.4,2020-02-16
3699,0.0,2020-02-17
3700,0.0,2020-02-18
3701,13.0,2020-02-19
3702,0.0,2020-02-20
3703,0.0,2020-02-21
3704,0.0,2020-02-22
3705,0.6,2020-02-23
3706,0.2,2020-02-24
3707,0.0,2020-02-25
3708,0.0,2020-02-26
3709,0.0,2020-02-27
3710,0.0,2020-02-28
3711,0.0,2020-02-29
3712,0.0,2020-03-01
3713,0.0,2020-03-02
3714,0.0,2020-03-03
3715,15.4,2020-03-04
3716,9.4,2020-03-05
3717,23.0,2020-03-06
3718,0.0,2020-03-07
3719,9.4,2020-03-08
3720,0.2,2020-03-09
3721,0.0,2020-03-10
3722,0.0,2020-03-11
3723,0.2,2020-03-12
3724,0.0,2020-03-13
3725,0.0,2020-03-14
3726,12.2,2020-03-15
3727,6.4,2020-03-16
3728,1.6,2020-03-17
3729,0.8,2020-03-18
3730,0.0,2020-03-19
3731,0.0,2020-03-20
3732,0.0,2020-03-21
3733,0.0,2020-03-22
3734,0.0,2020-03-23
3735,0.0,2020-03-24
3736,0.0,2020-03-25
3737,13.6,2020-03-26
3738,6.0,2020-03-27
3739,0.0,2020-03-28
3740,5.0,2020-03-29
3741,0.6,2020-03-30
3742,0.2,2020-03-31
3743,0.0,2020-04-01
3744,9.0,2020-04-02
3745,7.2,2020-04-03
3746,6.4,2020-04-04
3747,0.2,2020-04-05
3748,0.0,2020-04-06
3749,0.0,2020-04-07
3750,0.6,2020-04-08
3751,0.2,2020-04-09
3752,1.4,2020-04-10
3753,17.8,2020-04-11
3754,0.0,2020-04-12
3755,0.0,2020-04-13
3756,0.0,2020-04-14
3757,0.0,2020-04-15
3758,0.0,2020-04-16
3759,0.0,2020-04-17
3760,0.0,2020-04-18
3761,0.0,2020-04-19
3762,0.0,2020-04-20
3763,0.0,2020-04-21
3764,0.0,2020-04-22
3765,0.0,2020-04-23
3766,0.0,2020-04-24
3767,0.0,2020-04-25
3768,0.0,2020-04-26
3769,0.0,2020-04-27
3770,0.0,2020-04-28
3771,0.0,2020-04-29
3772,6.4,2020-04-30
3773,12.0,2020-05-01
3774,0.0,2020-05-02
3775,0.0,2020-05-03
3776,0.0,2020-05-04
3777,0.2,2020-05-05
3778,0.0,2020-05-06
3779,0.0,2020-05-07
3780,0.0,2020-05-08
3781,0.0,2020-05-09
3782,0.0,2020-05-10
3783,0.0,2020-05-11
3784,0.0,2020-05-12
3785,0.0,2020-05-13
3786,0.0,2020-05-14
3787,0.2,2020-05-15
3788,1.6,2020-05-16
3789,0.2,2020-05-17
3790,0.0,2020-05-18
3791,0.8,2020-05-19
3792,0.0,2020-05-20
3793,0.2,2020-05-21
3794,40.6,2020-05-22
3795,2.2,2020-05-23
3796,0.6,2020-05-24
3797,0.0,2020-05-25
3798,5.4,2020-05-26
3799,2.0,2020-05-27
3800,0.0,2020-05-28
3801,0.0,2020-05-29
3802,0.2,2020-05-30
3803,0.0,2020-05-31
3804,0.0,2020-06-01
3805,0.2,2020-06-02
3806,0.2,2020-06-03
3807,0.0,2020-06-04
3808,0.0,2020-06-05
3809,0.0,2020-06-06
3810,0.0,2020-06-07
3811,8.6,2020-06-08
3812,1.0,2020-06-09
3813,0.8,2020-06-10
3814,1.8,2020-06-11
3815,0.2,2020-06-12
3816,1.6,2020-06-13
3817,1.2,2020-06-14
3818,1.8,2020-06-15
3819,1.2,2020-06-16
3820,0.2,2020-06-17
3821,1.0,2020-06-18
3822,0.0,2020-06-19
3823,0.2,2020-06-20
3824,10.8,2020-06-21
3825,0.6,2020-06-22
3826,0.0,2020-06-23
3827,0.0,2020-06-24
3828,0.0,2020-06-25
3829,0.0,2020-06-26
3830,0.0,2020-06-27
3831,0.0,2020-06-28
3832,0.0,2020-06-29
3833,10.6,2020-06-30
3834,0.0,2020-07-01
3835,0.0,2020-07-02
3836,0.0,2020-07-03
3837,0.6,2020-07-04
3838,0.0,2020-07-05
3839,0.0,2020-07-06
3840,0.0,2020-07-07
3841,0.2,2020-07-08
3842,0.0,2020-07-09
3843,0.0,2020-07-10
3844,5.0,2020-07-11
3845,1.0,2020-07-12
3846,8.4,2020-07-13
3847,7.6,2020-07-14
3848,1.8,2020-07-15
3849,0.0,2020-07-16
3850,0.0,2020-07-17
3851,0.0,2020-07-18
3852,0.0,2020-07-19
3853,0.0,2020-07-20
3854,0.0,2020-07-21
3855,0.0,2020-07-22
3856,0.0,2020-07-23
3857,0.0,2020-07-24
3858,0.2,2020-07-25
3859,6.2,2020-07-26
3860,71.6,2020-07-27
3861,20.2,2020-07-28
3862,0.4,2020-07-29
3863,0.0,2020-07-30
3864,0.0,2020-07-31
3865,0.2,2020-08-01
3866,0.0,2020-08-02
3867,0.0,2020-08-03
3868,0.0,2020-08-04
3869,0.0,2020-08-05
3870,0.0,2020-08-06
3871,0.0,2020-08-07
3872,17.0,2020-08-08
3873,2.6,2020-08-09
3874,41.6,2020-08-10
3875,1.4,2020-08-11
3876,0.0,2020-08-12
3877,0.0,2020-08-13
3878,0.2,2020-08-14
3879,5.2,2020-08-15
3880,1.0,2020-08-16
3881,0.0,2020-08-17
3882,0.0,2020-08-18
3883,0.0,2020-08-19
3884,0.4,2020-08-20
3885,0.0,2020-08-21
3886,0.0,2020-08-22
3887,0.0,2020-08-23
3888,0.0,2020-08-24
3889,0.0,2020-08-25
3890,0.0,2020-08-26
3891,0.0,2020-08-27
3892,0.0,2020-08-28
3893,0.0,2020-08-29
3894,0.0,2020-08-30
3895,0.0,2020-08-31
3896,0.0,2020-09-01
3897,0.0,2020-09-02
3898,0.0,2020-09-03
3899,0.0,2020-09-04
3900,7.8,2020-09-05
3901,0.0,2020-09-06
3902,0.0,2020-09-07
3903,0.0,2020-09-08
3904,1.2,2020-09-09
3905,6.2,2020-09-10
3906,0.0,2020-09-11
3907,0.0,2020-09-12
3908,0.0,2020-09-13
3909,0.2,2020-09-14
3910,0.0,2020-09-15
3911,0.0,2020-09-16
3912,0.0,2020-09-17
3913,0.0,2020-09-18
3914,0.4,2020-09-19
3915,4.8,2020-09-20
3916,9.0,2020-09-21
3917,0.0,2020-09-22
3918,0.0,2020-09-23
3919,0.0,2020-09-24
3920,0.0,2020-09-25
3921,1.4,2020-09-26
3922,0.0,2020-09-27
3923,0.0,2020-09-28
3924,0.0,2020-09-29
3925,0.0,2020-09-30
3926,1.4,2020-10-01
3927,0.0,2020-10-02
3928,0.0,2020-10-03
3929,0.0,2020-10-04
3930,0.0,2020-10-05
3931,0.0,2020-10-06
3932,0.0,2020-10-07
3933,0.8,2020-10-08
3934,0.0,2020-10-09
3935,0.0,2020-10-10
3936,0.0,2020-10-11
3937,0.0,2020-10-12
3938,0.0,2020-10-13
3939,0.0,2020-10-14
3940,0.0,2020-10-15
3941,0.0,2020-10-16
3942,0.0,2020-10-17
3943,1.8,2020-10-18
3944,3.2,2020-10-19
3945,0.0,2020-10-20
3946,0.0,2020-10-21
3947,0.0,2020-10-22
3948,0.0,2020-10-23
3949,4.0,2020-10-24
3950,22.6,2020-10-25
3951,15.8,2020-10-26
3952,11.4,2020-10-27
3953,0.0,2020-10-28
3954,4.0,2020-10-29
3955,0.4,2020-10-30
3956,2.4,2020-10-31
3957,10.8,2020-11-01
3958,3.8,2020-11-02
3959,0.0,2020-11-03
3960,0.0,2020-11-04
3961,3.2,2020-11-05
3962,16.0,2020-11-06
3963,0.0,2020-11-07
3964,0.0,2020-11-08
3965,0.0,2020-11-09
3966,0.0,2020-11-10
3967,0.0,2020-11-11
3968,0.0,2020-11-12
3969,4.2,2020-11-13
3970,5.4,2020-11-14
3971,0.0,2020-11-15
3972,0.0,2020-11-16
3973,0.0,2020-11-17
3974,0.0,2020-11-18
3975,0.0,2020-11-19
3976,0.0,2020-11-20
3977,0.0,2020-11-21
3978,0.2,2020-11-22
3979,1.2,2020-11-23
3980,1.2,2020-11-24
3981,1.2,2020-11-25
3982,0.0,2020-11-26
3983,0.0,2020-11-27
3984,0.0,2020-11-28
3985,0.0,2020-11-29
3986,0.0,2020-11-30
3987,0.0,2020-12-01
3988,2.2,2020-12-02
3989,0.4,2020-12-03
3990,0.0,2020-12-04
3991,0.0,2020-12-05
3992,7.0,2020-12-06
3993,0.0,2020-12-07
3994,0.0,2020-12-08
3995,0.0,2020-12-09
3996,0.0,2020-12-10
3997,0.0,2020-12-11
3998,0.0,2020-12-12
3999,3.6,2020-12-13
4000,0.8,2020-12-14
4001,7.4,2020-12-15
4002,7.0,2020-12-16
4003,1.8,2020-12-17
4004,8.2,2020-12-18
4005,0.4,2020-12-19
4006,0.32,2020-12-20
4007,0.24000000000000002,2020-12-21
4008,0.16000000000000003,2020-12-22
4009,0.08000000000000002,2020-12-23
4010,0.0,2020-12-24
4011,0.0,2020-12-25
4012,1.2,2020-12-26
4013,3.2,2020-12-27
4014,0.2,2020-12-28
4015,16.8,2020-12-29
4016,2.8,2020-12-30
4017,0.0,2020-12-31
4018,0.0,2021-01-01
4019,0.2,2021-01-02
4020,2.6,2021-01-03
4021,0.4,2021-01-04
4022,6.0,2021-01-05
4023,7.0,2021-01-06
4024,0.0,2021-01-07
4025,3.6,2021-01-08
4026,0.2,2021-01-09
4027,0.0,2021-01-10
4028,0.0,2021-01-11
4029,0.0,2021-01-12
4030,0.0,2021-01-13
4031,0.0,2021-01-14
4032,0.0,2021-01-15
4033,0.0,2021-01-16
4034,0.0,2021-01-17
4035,0.0,2021-01-18
4036,0.0,2021-01-19
4037,0.6,2021-01-20
4038,0.0,2021-01-21
4039,0.0,2021-01-22
4040,0.0,2021-01-23
4041,0.0,2021-01-24
4042,0.0,2021-01-25
4043,0.0,2021-01-26
4044,0.0,2021-01-27
4045,5.6,2021-01-28
4046,5.6,2021-01-29
4047,8.0,2021-01-30
4048,0.8,2021-01-31
4049,0.0,2021-02-01
4050,28.2,2021-02-02
4051,0.0,2021-02-03
4052,0.0,2021-02-04
4053,0.0,2021-02-05
4054,0.0,2021-02-06
4055,1.4,2021-02-07
4056,0.0,2021-02-08
4057,0.0,2021-02-09
4058,0.0,2021-02-10
4059,0.0,2021-02-11
4060,0.0,2021-02-12
4061,16.4,2021-02-13
4062,12.6,2021-02-14
4063,0.0,2021-02-15
4064,6.0,2021-02-16
4065,4.0,2021-02-17
4066,0.6,2021-02-18
4067,3.0,2021-02-19
4068,0.4,2021-02-20
4069,0.0,2021-02-21
4070,0.0,2021-02-22
4071,0.0,2021-02-23
4072,4.4,2021-02-24
4073,3.0,2021-02-25
4074,1.8,2021-02-26
4075,0.0,2021-02-27
4076,0.2,2021-02-28
4077,0.0,2021-03-01
4078,0.0,2021-03-02
4079,0.0,2021-03-03
4080,0.0,2021-03-04
4081,0.0,2021-03-05
4082,0.0,2021-03-06
4083,0.0,2021-03-07
4084,0.0,2021-03-08
4085,1.0,2021-03-09
4086,0.0,2021-03-10
4087,0.0,2021-03-11
4088,1.0,2021-03-12
4089,2.0,2021-03-13
4090,15.8,2021-03-14
4091,9.4,2021-03-15
4092,0.0,2021-03-16
4093,7.0,2021-03-17
4094,7.4,2021-03-18
