,Postcode,PV_CAPACITY,DATE,CUMULATIVE_PV_CAPACITY
0,2XXX,2778,2010-01-01,2778
1,2XXX,4153,2010-02-01,6931
2,2XXX,6436,2010-03-01,13367
3,2XXX,7445,2010-04-01,20812
4,2XXX,9784,2010-05-01,30596
5,2XXX,14056,2010-06-01,44652
6,2XXX,15174,2010-07-01,59826
7,2XXX,17046,2010-08-01,76872
8,2XXX,19006,2010-09-01,95878
9,2XXX,21418,2010-10-01,117296
10,2XXX,24508,2010-11-01,141804
11,2XXX,16829,2010-12-01,158633
12,2XXX,28158,2011-01-01,186791
13,2XXX,27225,2011-02-01,214016
14,2XXX,30260,2011-03-01,244276
15,2XXX,25362,2011-04-01,269638
16,2XXX,31523,2011-05-01,301161
17,2XXX,37409,2011-06-01,338570
18,2XXX,6032,2011-07-01,344602
19,2XXX,5163,2011-08-01,349765
20,2XXX,4612,2011-09-01,354377
21,2XXX,5135,2011-10-01,359512
22,2XXX,6314,2011-11-01,365826
23,2XXX,5355,2011-12-01,371181
24,2XXX,4362,2012-01-01,375543
25,2XXX,6123,2012-02-01,381666
26,2XXX,8105,2012-03-01,389771
27,2XXX,8696,2012-04-01,398467
28,2XXX,17894,2012-05-01,416361
29,2XXX,31529,2012-06-01,447890
30,2XXX,8462,2012-07-01,456352
31,2XXX,9432,2012-08-01,465784
32,2XXX,9446,2012-09-01,475230
33,2XXX,11178,2012-10-01,486408
34,2XXX,13233,2012-11-01,499641
35,2XXX,21357,2012-12-01,520998
36,2XXX,9993,2013-01-01,530991
37,2XXX,11851,2013-02-01,542842
38,2XXX,11528,2013-03-01,554370
39,2XXX,10474,2013-04-01,564844
40,2XXX,12375,2013-05-01,577219
41,2XXX,10292,2013-06-01,587511
42,2XXX,12888,2013-07-01,600399
43,2XXX,13649,2013-08-01,614048
44,2XXX,13509,2013-09-01,627557
45,2XXX,13393,2013-10-01,640950
46,2XXX,12315,2013-11-01,653265
47,2XXX,12225,2013-12-01,665490
48,2XXX,9462,2014-01-01,674952
49,2XXX,11046,2014-02-01,685998
50,2XXX,11903,2014-03-01,697901
51,2XXX,12237,2014-04-01,710138
52,2XXX,36478,2014-05-01,746616
53,2XXX,14109,2014-06-01,760725
54,2XXX,15831,2014-07-01,776556
55,2XXX,15414,2014-08-01,791970
56,2XXX,18072,2014-09-01,810042
57,2XXX,18927,2014-10-01,828969
58,2XXX,17859,2014-11-01,846828
59,2XXX,16703,2014-12-01,863531
60,2XXX,13776,2015-01-01,877307
61,2XXX,17832,2015-02-01,895139
62,2XXX,119895,2015-03-01,1015034
63,2XXX,12971,2015-04-01,1028005
64,2XXX,15711,2015-05-01,1043716
65,2XXX,15869,2015-06-01,1059585
66,2XXX,69825,2015-07-01,1129410
67,2XXX,15249,2015-08-01,1144659
68,2XXX,15821,2015-09-01,1160480
69,2XXX,15153,2015-10-01,1175633
70,2XXX,15196,2015-11-01,1190829
71,2XXX,15871,2015-12-01,1206700
72,2XXX,9668,2016-01-01,1216368
73,2XXX,69729,2016-02-01,1286097
74,2XXX,13750,2016-03-01,1299847
75,2XXX,13553,2016-04-01,1313400
76,2XXX,14595,2016-05-01,1327995
77,2XXX,15132,2016-06-01,1343127
78,2XXX,13419,2016-07-01,1356546
79,2XXX,15147,2016-08-01,1371693
80,2XXX,17619,2016-09-01,1389312
81,2XXX,14717,2016-10-01,1404029
82,2XXX,19474,2016-11-01,1423503
83,2XXX,45997,2016-12-01,1469500
84,2XXX,12571,2017-01-01,1482071
85,2XXX,17138,2017-02-01,1499209
86,2XXX,20323,2017-03-01,1519532
87,2XXX,16177,2017-04-01,1535709
88,2XXX,27051,2017-05-01,1562760
89,2XXX,23767,2017-06-01,1586527
90,2XXX,24940,2017-07-01,1611467
91,2XXX,24288,2017-08-01,1635755
92,2XXX,23825,2017-09-01,1659580
93,2XXX,27961,2017-10-01,1687541
94,2XXX,35055,2017-11-01,1722596
95,2XXX,101605,2017-12-01,1824201
96,2XXX,59455,2018-01-01,1883656
97,2XXX,31069,2018-02-01,1914725
98,2XXX,33675,2018-03-01,1948400
99,2XXX,47542,2018-04-01,1995942
100,2XXX,116696,2018-05-01,2112638
101,2XXX,36893,2018-06-01,2149531
102,2XXX,44733,2018-07-01,2194264
103,2XXX,43597,2018-08-01,2237861
104,2XXX,252521,2018-09-01,2490382
105,2XXX,42203,2018-10-01,2532585
106,2XXX,48137,2018-11-01,2580722
107,2XXX,52809,2018-12-01,2633531
108,2XXX,32232,2019-01-01,2665763
109,2XXX,44523,2019-02-01,2710286
110,2XXX,47028,2019-03-01,2757314
111,2XXX,152157,2019-04-01,2909471
112,2XXX,51525,2019-05-01,2960996
113,2XXX,49509,2019-06-01,3010505
114,2XXX,59978,2019-07-01,3070483
115,2XXX,284900,2019-08-01,3355383
116,2XXX,57034,2019-09-01,3412417
117,2XXX,318819,2019-10-01,3731236
118,2XXX,210337,2019-11-01,3941573
119,2XXX,720452,2019-12-01,4662025
120,2XXX,48782,2020-01-01,4710807
121,2XXX,71389,2020-02-01,4782196
122,2XXX,195621,2020-03-01,4977817
123,2XXX,73070,2020-04-01,5050887
124,2XXX,71517,2020-05-01,5122404
125,2XXX,169016,2020-06-01,5291420
126,2XXX,95438,2020-07-01,5386858
127,2XXX,84872,2020-08-01,5471730
128,2XXX,101379,2020-09-01,5573109
129,2XXX,128759,2020-10-01,5701868
130,2XXX,304313,2020-11-01,6006181
131,2XXX,179607,2020-12-01,6185788
132,2XXX,73071,2021-01-01,6258859
133,2XXX,135541,2021-02-01,6394400
134,2XXX,100371,2021-03-01,6494771
